{
    "202441066256": {
        "Invention Title": "BIOMETRIC SECURITY FOR CLOUD DATA USING FINGERPRINT",
        "Publication Number": "37/2024",
        "Publication Date": "13/09/2024",
        "Publication Type": "INA",
        "Application Number": "202441066256",
        "Application Filing Date": "02/09/2024",
        "Priority Number": "",
        "Priority Country": "",
        "Priority Date": "",
        "Field Of Invention": "COMPUTER SCIENCE",
        "Classification (IPC)": "G06F0021320000, H04L0001000000, G06Q0020400000, G06K0009000000, G07C0009250000",
        "Abstract": "[06]\tWith the rapid expansion of multimedia services, Cloud-Based Multimedia Systems (CMS) are becoming increasingly widespread. By 2019, multimedia content was predicted to account for 72% of web traffic. Given this prominence, CMS must ensure security, efficient service quality, and adaptability. This paper presents a detailed review of these key aspects, focusing on important design considerations such as robustness, scalability, availability, and overall performance. In today's interconnected world, the process of authenticating ourselves to machines is continuously advancing. Common biometric methods include palmprint and fingerprint recognition. Instead of relying solely on one method for identity verification, combining both fingerprint and palmprint recognition offers a higher level of confidence and accuracy in personal identification.",
        "Description": [
            "Description:The present invention relates to the biometric security for cloud data using fingerprint.",
            "BACKGROUND OF THE INVENTION",
            "\tIn today's digital age, the proliferation of multimedia content has led to a surge in demand for efficient and scalable systems to manage, store, and distribute vast amounts of data. Cloud-Based Multimedia Systems (CMS) have emerged as a key solution to address this demand, providing flexible and scalable platforms for managing multimedia applications. With the growing ubiquity of these systems, multimedia content is expected to dominate web traffic, accounting for as much as 72% by 2019. As more users and services depend on CMS, ensuring the reliability, scalability, and performance of these systems becomes paramount.",
            "\tAt the same time, security and privacy concerns continue to rise due to the sensitive nature of multimedia data, ranging from personal videos and images to critical business files. To address these concerns, it is essential that CMS are not only efficient but also robust in terms of data security, authentication, and privacy protection. In this context, biometric authentication systems, such as fingerprint and palmprint recognition, have gained prominence as reliable and secure methods for verifying individual identity.",
            "\tBiometric systems offer a unique advantage by utilizing inherent physiological characteristics, making it difficult for unauthorized users to replicate or bypass the security measures. While fingerprint recognition has become widely used in various devices and applications, palmprint recognition is another biometric technique that offers a higher degree of uniqueness due to the larger surface area and additional features such as principal lines and texture patterns. Combining these two methods can enhance the overall accuracy and security of biometric authentication.",
            "\tThis paper provides a comprehensive review of the design and performance considerations for CMS, focusing on key attributes such as robustness, scalability, and availability. Additionally, it explores the benefits of integrating both fingerprint and palmprint recognition technologies to enhance individual verification systems, providing a more secure and reliable solution for CMS users. Through this review, we aim to highlight the potential of combining biometric approaches to meet the increasing demand for secure and efficient authentication in cloud-based environments.",
            "BRIEF DESCRIPTION OF THE DRAWINGS",
            "The invention will be better understood and objects other than those set forth above will become apparent when consideration is given to the following detailed description thereof. Such description makes reference to the annexed drawings wherein:",
            "\tFig.1. Centralized hierarchical of CBMS",
            "\tFig 2. Fingerprint Recognition process",
            "\tFig. 3 Different Features of Palm.",
            "\tFig 4: Classification of Minutiae Extraction Techniques",
            "\tFig 5: Properties in Cross Number and CN Matrix",
            "\tFig 6: Flow Chart of fingerprint recognition.",
            "\tFig 7: The system captures and stores both fingerprint images during the registration process.",
            "\tFig 8: Minutiae points (critical details in the fingerprint image) are extracted.",
            "\tFig 9: These minutiae points are then converted into binary format, forming a unique template for each user.",
            "\tFig 10: Upon attempting to verify their identity, the user submits their biometric data (fingerprint and palmprint).",
            "\tFig 11: If the verification is successful, the system displays an authorization message.",
            "\tFig 12: Behind the scenes, the system handles the encryption and decryption of the user's details to ensure secure processing.",
            "\tFig 13: Unauthorized access prompt.",
            "\tSUMMARY OF THE PRESENT INVENTION",
            "\tWhile authentication grants access to cloud services, decrypting the data is essential to obtain the original content. If the submitted fingerprint or palmprint does not match the stored templates, the decrypted data will be incorrect, ensuring that the raw data remains inaccessible to unauthorized users.",
            "\tThe use of multimodal biometrics\u2014combining both fingerprint and palmprint recognition\u2014provides a significantly higher level of security compared to using a single biometric method. This combination of biometrics strengthens the overall authentication process, enhancing both security and reliability for cloud-based services.",
            "DETAILED DESCRIPTION OF THE INVENTION",
            "\tCentralized Hierarchical Architecture of Cloud-Based Multimedia Systems (CBMS)",
            "\tThe centralized hierarchical architecture is a widely adopted model in Cloud-Based Multimedia Systems (CBMS), providing a structured and efficient way to manage, store, and distribute multimedia content. This architecture balances scalability, manageability, and performance by organizing the system into multiple layers with specific roles and responsibilities. Below, we explore the key components and functionality of the centralized hierarchical architecture in the context of CBMS.",
            "\tOverview of Centralized Hierarchical Architecture",
            "\tIn a centralized hierarchical CBMS, the cloud infrastructure is organized into layers, with each layer serving distinct functions. The hierarchical model allows for clear separation of tasks, such as content storage, processing, and distribution, while centralizing control to ensure optimal management of resources. The centralization of control allows for better resource allocation, content consistency, and overall system efficiency, while the hierarchical structure enables scalability as demand grows.",
            "\tKey Layers of the Hierarchical Architecture",
            "\tUser Interface Layer (Top Layer)",
            "\tRole: This is the topmost layer of the architecture, directly interacting with end users. It provides the user interface through which users can upload, browse, stream, or download multimedia content.",
            "\tFunctionality: Web applications, mobile apps, and smart TVs often serve as the mediums for delivering multimedia content to users. This layer also manages user authentication, preferences, and access controls.",
            "\tApplication Layer",
            "\tRole: The application layer is responsible for managing the logic behind content delivery and interaction. It includes media players, streaming services, and content customization tools.",
            "\tFunctionality: At this layer, content is adapted to suit the user\u2019s device and connection quality (e.g., video resolution adjustment). It also handles media formats, ensuring that multimedia content is optimized for different devices and screen sizes.",
            "\tContent Delivery Layer (Middle Layer)",
            "\tRole: This is the intermediary layer between the cloud infrastructure and the user. It is responsible for the efficient distribution of multimedia content to users across different geographical regions.",
            "\tFunctionality: Content Delivery Networks (CDNs) play a critical role at this layer, ensuring that multimedia data is cached at multiple servers around the world. By distributing content closer to end users, CDNs reduce latency and improve streaming quality. The content delivery layer also includes load balancing mechanisms that direct traffic to the least congested servers.",
            "\tProcessing Layer",
            "\tRole: This layer manages the computational tasks necessary for multimedia processing, such as encoding, transcoding, compression, and encryption.",
            "\tFunctionality: Multimedia content often needs to be converted into various formats to accommodate different devices and network conditions. The processing layer ensures that these transformations are performed efficiently. This layer also handles content encryption for secure delivery and manages user-specific content customizations, such as subtitles or different audio tracks.",
            "\tStorage Layer",
            "\tRole: The storage layer is responsible for housing the multimedia content, storing both raw and processed data.",
            "\tFunctionality: This layer utilizes scalable cloud storage solutions, allowing the system to store vast amounts of data dynamically. Redundant storage systems are often used to ensure data availability and prevent loss. Content retrieval mechanisms are optimized to ensure fast access to frequently used multimedia content, often through tiered storage approaches where more recent or popular content is stored in faster-access storage tiers (e.g., SSDs), while less-accessed content is moved to long-term, cost-efficient storage solutions (e.g., HDDs or cold storage).",
            "\tCentralized Control Layer (Bottom Layer)",
            "\tRole: The centralized control layer is the foundation of the hierarchical architecture, responsible for managing and orchestrating all components of the CBMS.",
            "\tFunctionality: This layer monitors system performance, allocates resources, and enforces security protocols. Centralized control ensures that multimedia resources are dynamically allocated based on user demand, optimizing server load and maintaining system stability. It also manages tasks like user authentication, session management, and ensuring that content delivery complies with licensing and legal restrictions.",
            "\tBenefits of the Centralized Hierarchical Architecture",
            "\tScalability: The hierarchical structure of CBMS allows it to scale easily. Each layer can be expanded independently based on demand. For example, as user traffic increases, more CDNs can be added to the content delivery layer without affecting other layers.",
            "\tCentralized Management: By centralizing control, the system can more effectively allocate resources, manage workloads, and ensure content consistency. This reduces complexity and ensures that policies, such as data security and access control, are uniformly enforced.",
            "\tImproved Content Delivery: With a dedicated content delivery layer and CDNs, multimedia content can be distributed efficiently, reducing latency and buffering issues. The hierarchical structure ensures that content is available close to users, improving streaming performance.",
            "\tCost Efficiency: The separation of storage and processing layers allows CBMS to optimize resource usage. Frequently accessed content can be stored in high-performance storage solutions, while rarely used data can be moved to more economical options, reducing overall storage costs.",
            "\tFault Tolerance and Reliability: The use of redundancy at various layers, particularly in the storage and delivery layers, ensures that the system remains operational even in the event of hardware failures. CDNs and multiple data centers can compensate for regional outages, ensuring continuous service availability.",
            "\tFingerprint Recognition",
            "\tFingerprint recognition is one of the most widely used and reliable biometric identification techniques. It relies on the unique patterns found in an individual's fingerprint to authenticate or verify their identity. Due to the permanence and distinctiveness of fingerprints, this method has become a cornerstone of security in various applications, including smartphones, access control systems, and law enforcement. This section delves into the basics of fingerprint recognition, its working principles, features, applications, and challenges in the context of biometric authentication systems.",
            "\tOverview of Fingerprint Recognition",
            "\tFingerprint recognition is based on the unique ridge patterns present on human fingers. These patterns consist of minutiae points such as ridge endings, bifurcations, and dots, which create a distinct fingerprint for each individual. No two individuals, even identical twins, have the same fingerprint pattern, making this a robust method for personal identification.",
            "\tIn biometric systems, fingerprint recognition involves two main tasks: enrollment and verification. During enrollment, the fingerprint is scanned, and its features are extracted and stored in a database as a template. In the verification stage, a new scan of the fingerprint is taken and compared to the stored template to confirm the identity of the individual.",
            "\tWorking Principles of Fingerprint Recognition",
            "\tThe process of fingerprint recognition can be divided into several key steps (Fig 2):",
            "\tFingerprint Acquisition: The first step in fingerprint recognition involves capturing the image of the fingerprint using a scanner or sensor. Various types of sensors are used, such as optical, capacitive, or ultrasonic sensors, each with its unique mechanism for capturing the fingerprint image.",
            "\tPreprocessing: After the fingerprint image is acquired, it undergoes preprocessing to enhance its quality and remove noise. Techniques such as image normalization, filtering, and contrast adjustment are applied to improve the clarity of ridge patterns.",
            "\tFeature Extraction: In this stage, the fingerprint's distinctive features, such as minutiae points (ridge endings and bifurcations), are extracted. These features are used to generate a mathematical model of the fingerprint, which is stored as a fingerprint template.",
            "\tTemplate Matching: During verification or identification, the extracted features from a new fingerprint scan are compared with the stored fingerprint templates in the database. Matching algorithms determine whether the new fingerprint corresponds to an existing template.",
            "\tDecision Making: The final step is the decision-making process, where the system either accepts or rejects the identity claim based on the similarity between the captured fingerprint and the stored template.",
            "\tFeatures of Fingerprint Recognition",
            "\tUniqueness: Fingerprint recognition relies on the fact that each person\u2019s fingerprint is unique. Even identical twins, who share nearly all of their genetic material, have different fingerprints.",
            "\tPermanence: The ridge patterns in fingerprints are formed before birth and remain relatively unchanged throughout a person\u2019s lifetime, making fingerprints a stable biometric feature.",
            "\tUniversality: Almost every individual possesses fingerprints, making this method applicable to a wide population.",
            "\tCollectability: Fingerprints can be easily collected using sensors, which are now commonly embedded in smartphones and other personal devices.",
            "\tAccuracy: Fingerprint recognition is highly accurate, with very low false acceptance and rejection rates when properly implemented.",
            "\tApplications of Fingerprint Recognition",
            "\tFingerprint recognition has a broad range of applications in both public and private sectors:",
            "\tMobile Devices: Many smartphones and tablets now come equipped with fingerprint scanners that allow users to unlock their devices, make secure payments, and access sensitive information.",
            "\tAccess Control: Fingerprint recognition is widely used in securing access to buildings, offices, and other restricted areas, providing a more secure alternative to traditional keycards or passwords.",
            "\tLaw Enforcement: Fingerprint recognition has long been used in criminal investigations to identify suspects and authenticate individuals based on their fingerprints found at crime scenes.",
            "\tFinancial Services: In banking and financial services, fingerprint recognition enhances the security of online transactions, preventing unauthorized access to accounts and financial data.",
            "\tHealthcare: In the healthcare industry, fingerprint recognition is employed for patient identification and to safeguard medical records, ensuring the privacy and security of sensitive health data.",
            "\tBorder Control: Many countries use fingerprint recognition in their immigration and border control systems to verify the identities of travelers and prevent illegal entry.",
            "\tPalmprint Recognition",
            "\tPalmprint recognition is a biometric authentication technique that uses the unique features of an individual\u2019s palm to verify their identity. Although not as widely adopted as fingerprint recognition, palmprint technology has gained significant attention due to its robustness and higher accuracy, thanks to the larger surface area of the palm, which provides more distinctive features. This section explores the fundamentals of palmprint recognition, including its working principles, features, applications, and the challenges involved in integrating this technology into Cloud-Based Multimedia Systems (CBMS) for enhanced security and user authentication.",
            "\tOverview of Palmprint Recognition",
            "\tPalmprint recognition focuses on identifying individuals based on the distinct characteristics found on the surface of their palms. The human palm contains several biometric features, including principal lines (heart line, head line, and life line), wrinkles, ridges, minutiae, and even vein patterns. These features are highly individualistic, making palmprint recognition an effective biometric method for personal identification and verification.",
            "\tLike fingerprint recognition, palmprint systems capture a digital image of the palm and extract distinctive features for comparison against a stored template in a database. The larger surface area of the palm provides more data points for recognition, making this method less prone to errors and spoofing.",
            "\tWorking Principles of Palmprint Recognition",
            "\tPalmprint recognition follows a systematic process involving image acquisition, preprocessing, feature extraction, and matching, similar to other biometric systems.",
            "\tPalmprint Acquisition: The first step in the process is capturing an image of the palm using a specialized scanner or imaging device. Contactless scanners are often used in modern systems to capture high-quality images while maintaining hygiene. Infrared imaging is sometimes employed to capture deeper features, such as vein patterns.",
            "\tPreprocessing: Once the palm image is captured, it undergoes preprocessing to improve its quality. Preprocessing techniques include noise reduction, contrast enhancement, and image normalization, which ensure that the principal lines and ridges are clearly visible for feature extraction. Segmentation may also be performed to isolate the palm from the background.",
            "\tFeature Extraction: In this stage, distinctive features such as lines, ridges, and minutiae are extracted from the palmprint image. Depending on the system, additional features like texture, density, and even vein patterns can be extracted. Algorithms like Gabor filters and wavelet transforms are often employed to enhance feature extraction.",
            "\tTemplate Creation: The extracted features are encoded into a mathematical representation or template, which is stored in a database. Each individual has a unique palmprint template that can be used for future comparisons.",
            "\tTemplate Matching: When a user attempts to authenticate themselves, a new palmprint scan is compared against the stored templates. The system uses matching algorithms to determine the degree of similarity between the scanned palmprint and the stored templates. If the similarity exceeds a predefined threshold, the user is authenticated.",
            "\tDecision Making: Based on the results of the matching process, the system either accepts or rejects the user\u2019s identity claim. High-quality matching algorithms reduce the risk of false acceptance or rejection.",
            "\tFeatures of Palmprint Recognition",
            "\tLarger Surface Area: The palm offers a larger surface area than a fingerprint, providing more biometric information for feature extraction, which leads to higher accuracy in identity verification.",
            "\tDistinctive Features: Palmprints contain a wide variety of features, including principal lines, ridges, wrinkles, and minutiae, making them highly distinctive and difficult to forge.",
            "\tMultimodal Capabilities: Palmprint recognition systems can incorporate additional biometric features, such as vein patterns, which add another layer of security to the authentication process.",
            "\tContactless Systems: Modern palmprint scanners are often contactless, which enhances hygiene and usability, making them more suitable for large-scale deployments in high-traffic areas.",
            "\tResistance to Spoofing: Palmprints are more resistant to spoofing compared to other biometric traits. The integration of vein pattern recognition further strengthens the system\u2019s ability to detect liveness and reject fake palmprints.",
            "\tDifferent Features of Palm are shown in Fig 3.",
            "\tImage Processing",
            "\tOnce the palm vein image is acquired, it undergoes further processing to identify the specific features of the vein pattern. This stage is crucial for enhancing the biometric recognition process by ensuring that the features needed for accurate identification are properly highlighted and extracted.",
            "\tFiltering",
            "\tImage clarity is a critical factor for successful feature extraction. Palm vein images can vary in quality, so it\u2019s essential to use filters that can enhance the image by reducing noise. Both linear and nonlinear filters are commonly used, each having a specific role in improving image clarity. The choice of filter depends on the type of noise and the nature of the image data. Different filters are suited for different kinds of noise, making this a critical step in achieving a clean and usable image .",
            "\tContrast Enhancement",
            "\tInfrared (IR) imaging is commonly used to capture palm vein patterns, and contrast enhancement is an important step in improving the clarity of these images. Before segmenting the image, contrast can be adjusted using histogram-based or adaptive methods to ensure uniformity and visibility of the key features across the image.",
            "\tImage Processing",
            "\tOnce the palm vein image is acquired, it undergoes further processing to identify the specific features of the vein pattern. This stage is crucial for enhancing the biometric recognition process by ensuring that the features needed for accurate identification are properly highlighted and extracted .",
            "\tFiltering",
            "\tImage clarity is a critical factor for successful feature extraction. Palm vein images can vary in quality, so it\u2019s essential to use filters that can enhance the image by reducing noise. Both linear and nonlinear filters are commonly used, each having a specific role in improving image clarity. The choice of filter depends on the type of noise and the nature of the image data. Different filters are suited for different kinds of noise, making this a critical step in achieving a clean and usable image .",
            "\tContrast Enhancement",
            "\tInfrared (IR) imaging is commonly used to capture palm vein patterns, and contrast enhancement is an important step in improving the clarity of these images. Before segmenting the image, contrast can be adjusted using histogram-based or adaptive methods to ensure uniformity and visibility of the key features across the image.",
            "\tExtraction of Central Positions in Images",
            "\tTo enhance the precision of feature extraction, the image is converted into a cross-sectional profile, dividing it along the vertical axis. The central points of interest are then identified by calculating the maximum points from the curve in the profile histogram. This step is crucial for correctly locating the palm's central features.",
            "\tRegion of Interest (ROI) Extraction",
            "\tFor further analysis, the Region of Interest (ROI) is extracted from the image. By isolating this region, the subsequent task of identifying minutiae becomes easier. This process helps pinpoint key areas where distinguishing features such as ridges or bifurcations are most likely to be detected, facilitating accurate minutiae detection.",
            "\tMethods for Minutiae Extraction",
            "\tExtracting minutiae\u2014the small details that distinguish each palm or fingerprint\u2014requires high-quality images. However, images often suffer from poor quality due to various factors, necessitating image enhancement before the extraction process begins. Minutiae extraction techniques fall into two broad categories (Fig 4):",
            "\tTechniques that work on binarized images.",
            "\tTechniques that directly analyze grayscale images.",
            "\tAmong the many minutiae extraction methods, the Cross Number (CN)-based technique is widely favored due to its simplicity and computational efficiency. This technique processes binarized, skeletonized images using an 8-connected edge flow pattern. Each pixel\u2019s local neighborhood is examined using a 3\u00d73 window, and the crossing number is calculated to determine whether a pixel is an end point, bifurcation, or non-minutiae point.",
            "\tFormula for Calculating Cross Number is shown in Equation 1.",
            "\tCN=0.5?_(I=1)^8\u00a6?P_i-P_(i+1) ?                                                                                          (1)",
            "\tThe crossing number (CN) provides crucial details about the ridge patterns:",
            "\tCN = 0: Isolated point",
            "\tCN = 1: End point",
            "\tCN = 2: Connecting point between two ridges",
            "\tCN = 3: Bifurcation point where a ridge splits into two",
            "\tCN = 4: Crossing point",
            "\tThe properties in Cross Number and CN Matrix is shown in Fig 5.",
            "\tProposed Model",
            "\tThe proposed biometric authentication model uses both palmprint and fingerprint recognition for enhanced security. The system consists of two main modules: enrollment and verification.",
            "\tEnrollment Process",
            "\tStep 1: A contactless scanner captures minutiae (ridge endings and bifurcations) from fingerprints and wrinkles from palmprints.",
            "\tStep 2: A hash code is generated based on these extracted features and stored in a database.",
            "\tVerification Process",
            "\tStep 1: The system scans the user's fingerprints and palmprint using an optical sensor to capture minutiae and wrinkles.",
            "\tStep 2: A hash code is generated from the scanned biometric data.",
            "\tStep 3: The system compares the hash code of the newly obtained palmprint with the stored hash code:",
            "\tIf the codes don\u2019t match, the verification request is denied.",
            "\tIf the codes match, the process moves to the next stage.",
            "\tStep 4: The system compares the hash code of the newly obtained fingerprint with the stored hash code:",
            "\tIf the codes don\u2019t match, the verification request is denied.",
            "\tIf the codes match, the verification is completed successfully.",
            "\tThis dual-modality system (palmprint and fingerprint) ensures a higher level of security, as both biometric templates must match for successful authentication. The combination of minutiae from both the palm and fingers provides a robust solution for individual identification, particularly in cloud-based systems.",
            "\tFlow Chart of fingerprint recognition is shown in Fig 6.",
            "\tEncryption Techniques",
            "\tIn securing cloud-based data, encryption plays a pivotal role. One of the most widely used algorithms for data encryption is the Advanced Encryption Standard (AES), also known as the Rijndael algorithm. AES is a symmetric block cipher that encrypts user data before it is stored on the cloud. When a user chooses a cloud service provider (CSP) to store their data, the information is encrypted using AES before it is uploaded.",
            "\tOnce encrypted, the data is sent to the cloud, ensuring that any access request in the future requires decryption on the user\u2019s end. Only after this decryption process will the user be able to access the plaintext version of their data. This approach provides a secure mechanism for handling all types of data while being seamless and easily integrated into applications without requiring significant changes.",
            "\tTo further ensure data security, the encryption key is never stored with the encrypted data. Instead, it is managed separately, often stored on a physical key management server at the user\u2019s premises. This guarantees that both data and encryption keys remain secure, whether in storage or during transmission.",
            "\tKey Exchange Using Diffie-Hellman",
            "\tTo securely exchange cryptographic keys, the Diffie-Hellman algorithm is commonly used. This method allows two parties, who may have no prior knowledge of each other, to establish a shared secret key over an insecure communications channel. Once the shared key is generated, it can be used for secure communication via symmetric encryption algorithms.",
            "\tFirst proposed by Whitfield Diffie and Martin Hellman in 1976, the Diffie-Hellman key exchange remains a cornerstone of modern cryptography. While the idea had been conceived earlier by British cryptographers at GCHQ, its public dissemination by Diffie and Hellman brought it into widespread use. The key exchange ensures that sensitive information remains secure even when transmitted over untrusted channels.",
            "\tResults",
            "\tUser Registration",
            "\tThe system captures and stores both fingerprint images during the registration process is shown in Fig 7.",
            "\tMinutiae points (critical details in the fingerprint image) are extracted in Fig 8.",
            "\tThese minutiae points are then converted into binary format, forming a unique template for each user as shown in Fig 9.",
            "\tUser Verification",
            "\tUpon attempting to verify their identity, the user submits their biometric data (fingerprint and palmprint) is shown in Fig 10",
            "\tIf the verification is successful, the system displays an authorization message as shown in Fig 11.",
            "\tBehind the scenes, the system handles the encryption and decryption of the user's details to ensure secure processing as shown in Fig 12.",
            "\tIf the provided biometric data does not match the stored information, the user is marked as unauthorized, and access to the data is denied.",
            "\tUnauthorized access prompts as shown in Fig 13.",
            "\t, Claims:1.\tWe combined fingerprint and palmprint recognition for enhanced security.",
            "\t2.\tWe encrypted user data with AES for secure cloud storage.",
            "\t3.\tWe used Diffie-Hellman for secure key exchange over untrusted channels.",
            "\t4.\tWe provided a seamless interface for biometric data capture and storage.",
            "\t5.\tWe employed hash codes for secure and efficient biometric verification.",
            "\t6.\tWe improved image clarity and feature extraction with filtering techniques.",
            "\t7.\tWe ensured secure access by comparing live biometric data with stored records.",
            "\t8.\tWe maintained data integrity and prevents unauthorized access.",
            "\t9.\tWe integrated smoothly with existing cloud services.",
            "\t10.\tWe protected data by preventing access if biometric details do not match."
        ],
        "Inventors": [
            {
                "Name": "Dr. Vinsley.S.S",
                "Address": "Professor, \r\nDepartment of Electronics and Communication Engineering, Arunachala College of Engineering For Women, Vellichanthai, Kanyakumari Dt, India-629203",
                "Country": "India",
                "Nationality": "India"
            },
            {
                "Name": "Dr. Breesha.S.R",
                "Address": "Assistant Professor, \r\nDepartment of Electrical and Electronics Engineering, Arunachala Hitech Engineering College, Nattalam, Kanyakumari Dt, India-629165",
                "Country": "India",
                "Nationality": "India"
            },
            {
                "Name": "Mrs. Kalpana.K",
                "Address": "Assistant Professor, \r\nDepartment of Computer Science and Engineering, Arunachala Hitech Engineering College, Nattalam, Kanyakumari Dt, India-629165",
                "Country": "India",
                "Nationality": "India"
            },
            {
                "Name": "Mrs. Binu Jeya Schafftar C",
                "Address": "Assistant Professor, \r\nDepartment of Electronics and Communication Engineering, Arunachala Hitech Engineering College, Nattalam, Kanyakumari Dt, India-629165",
                "Country": "India",
                "Nationality": "India"
            },
            {
                "Name": "Dr. Nisha.M",
                "Address": "Assistant Professor, \r\nDepartment of Electrical and Electronics Engineering, Arunachala Hitech Engineering College, Nattalam, Kanyakumari Dt, India-629165",
                "Country": "India",
                "Nationality": "India"
            },
            {
                "Name": "Mrs. Binusha Sornil",
                "Address": "Assistant Professor, \r\nDepartment of Computer Science and Engineering, Stella Marys College of Engineering, Aruthenguvilai, Azhikkal, Kanyakumari Dt, India-629202",
                "Country": "India",
                "Nationality": "India"
            }
        ],
        "Applicants": [
            {
                "Name": "Dr. Vinsley.S.S",
                "Address": "Professor, \r\nDepartment of Electronics and Communication Engineering, Arunachala College of Engineering For Women, Vellichanthai, Kanyakumari Dt, India-629203",
                "Country": "India",
                "Nationality": "India"
            },
            {
                "Name": "Dr. Breesha.S.R",
                "Address": "Assistant Professor, \nDepartment of Electrical and Electronics Engineering, Arunachala Hitech Engineering College, Nattalam, Kanyakumari Dt, India-629165",
                "Country": "India",
                "Nationality": "India"
            },
            {
                "Name": "Mrs. Kalpana.K",
                "Address": "Assistant Professor, \nDepartment of Computer Science and Engineering, Arunachala Hitech Engineering College, Nattalam, Kanyakumari Dt, India-629165",
                "Country": "India",
                "Nationality": "India"
            },
            {
                "Name": "Mrs. Binu Jeya Schafftar C",
                "Address": "Assistant Professor, \nDepartment of Electronics and Communication Engineering, Arunachala Hitech Engineering College, Nattalam, Kanyakumari Dt, India-629165",
                "Country": "India",
                "Nationality": "India"
            },
            {
                "Name": "Dr. Nisha.M",
                "Address": "Assistant Professor, \nDepartment of Electrical and Electronics Engineering, Arunachala Hitech Engineering College, Nattalam, Kanyakumari Dt, India-629165",
                "Country": "India",
                "Nationality": "India"
            },
            {
                "Name": "Mrs. Binusha Sornil",
                "Address": "Assistant Professor, \nDepartment of Computer Science and Engineering, Stella Marys College of Engineering, Aruthenguvilai, Azhikkal, Kanyakumari Dt, India-629202",
                "Country": "India",
                "Nationality": "India"
            }
        ]
    }
}