{
    "202441068330": {
        "Invention Title": "INNOVATIVE DATA BEHAVIOR EXPLORATION THROUGH BIG DATA ANALYTICS",
        "Publication Number": "38/2024",
        "Publication Date": "20/09/2024",
        "Publication Type": "INA",
        "Application Number": "202441068330",
        "Application Filing Date": "10/09/2024",
        "Priority Number": "",
        "Priority Country": "",
        "Priority Date": "",
        "Field Of Invention": "CHEMICAL",
        "Classification (IPC)": "A61P0043000000, A61K0036300000, G02B0006440000, B32B0003260000, A61K0039000000",
        "Abstract": "Smart big data analysis is evolving in the age of big data science and AI. Organized data analysis is successful, but social media data analysis of human behavior is difficult. The vast and unstructured social media data includes likes, comments, tweets, shares, and views. Social media data analytics was difficult for companies like Daily motion, which has billions of daily users and many comments, likes, and views. Massive amounts of social media data are created quickly. Large amounts of data must be stored, sorted, processed, and carefully studied for decision-making. This project proposes a big data analytics architecture to process massive social media datasets efficiently and logically. Spark is used to create multiple threads, distribute work between them, perform tasks parallelly, and send results back to spark. All algorithms work on a single thread, but spark will distribute work across multiple threads for faster parallel processing and big data applications.\nHive, Spark, and Hadoop will store and process data in this proposed work. The Dailymotion website's.csv file of reviews is used to extract useful information like the most talked-about countries with the most likes and likes, views, and comments from fashion, entertainment, news, and other categories. Finally, this project compares spark algorithm and non-spark algorithm processing times.",
        "Description": [
            "Description:PySpark",
            "\tPySpark is the Python API for Apache Spark, a powerful open-source framework designed for large-scale data processing. It allows developers to perform distributed computations on big data, leveraging Python's simplicity and Spark's scalability. The core of PySpark lies in its ability to handle large datasets through Resilient Distributed Datasets (RDDs) and DataFrames, which are optimized for both performance and ease of use. PySpark supports a variety of operations, including transformations and actions, enabling efficient data manipulation and analysis. Additionally, its integration with Spark SQL and MLlib makes it a versatile tool for tasks ranging from data querying to machine learning. This combination of power, scalability, and ease of use makes PySpark a popular choice for big data analytics and machine learning projects.",
            "\tApache Spark",
            "\tApache Spark is a powerful, open-source distributed computing system designed to process large-scale data efficiently. Built for speed, ease of use, and versatility, Spark provides a unified platform that supports various data processing tasks, including batch processing, real-time stream processing, machine learning, and graph computation. At its core, Spark offers a robust API for Resilient Distributed Datasets (RDDs), allowing for distributed processing across clusters. In addition to its core capabilities, Spark includes specialized libraries like Spark SQL for structured data processing, Spark Streaming for real-time analytics, MLlib for scalable machine learning, and GraphX for graph processing. This combination of features makes Apache Spark a preferred choice for big data analytics, enabling organizations to handle massive datasets and complex workflows with ease and speed.",
            "\tModules",
            "\t\u2022\tInitialize Spark Context: using this module we will initialize SPARK CONTEXT for parallel processing.",
            "\t\u2022\tUpload Daily Motion Reviews Dataset: using this module we will upload dataset file path to application.",
            "\t\u2022\tBehaviour Analysis without SPARK: using this module we will analyse human behaviour such as their LIKES, DISLIKES from their reviews without using SPARK technology and then capture its execution time.",
            "\t\u2022\tBehaviour Analysis with SPARK: using this module we will perform same task of behaviour analysis by using SPARK technology and then capture its execution time.",
            "\tExecution Time Comparison Graph: using this module we will plot execution time comparison between without and with SPARK processing.",
            "Implementation Description",
            "\tThis Python is a GUI application built using Tkinter for performing data behavior analysis on a dataset, both with and without the use of Apache Spark.",
            "\t, C , Claims:",
            "\t1.\tWe claim intelligent big data analytics provides deeper insights into data behavior, enabling more informed and strategic decision-making across various business functions.",
            "\t2.\tWe claim Advanced machine learning and AI algorithms enhance the ability to predict future trends and behaviors with greater accuracy, allowing for proactive planning and risk management.",
            "\t3.\tWe claim by identifying patterns and optimizing processes, intelligent analytics can streamline operations, reduce inefficiencies, and improve overall performance.",
            "\t4.\tWe claim real-time data processing capabilities allow organizations to monitor and respond to data behavior as it occurs, facilitating immediate actions and adjustments.",
            "\t5.\tWe claim data behavior analysis enables businesses to tailor products, services, and marketing strategies to individual customer preferences, enhancing user satisfaction and engagement."
        ],
        "Inventors": [
            {
                "Name": "Bharadwaj Thuraka, Software Developer",
                "Address": "Northwest Missouri State University, Maryville, Missouri, 64468, United States of America.",
                "Country": "India",
                "Nationality": "India"
            }
        ],
        "Applicants": [
            {
                "Name": "Bharadwaj Thuraka, Software Developer",
                "Address": "Northwest Missouri State University, Maryville, Missouri, 64468, United States of America.",
                "Country": "U.S.A.",
                "Nationality": "India"
            }
        ]
    }
}