{
    "202441067743": {
        "Invention Title": "ELLIPTICAL GROOVED STRUT FUEL INJECTOR FOR A SCRAMJET ENGINE",
        "Publication Number": "37/2024",
        "Publication Date": "13/09/2024",
        "Publication Type": "INA",
        "Application Number": "202441067743",
        "Application Filing Date": "07/09/2024",
        "Priority Number": "",
        "Priority Country": "",
        "Priority Date": "",
        "Field Of Invention": "MECHANICAL  ENGINEERING",
        "Classification (IPC)": "F02K9/52, F23R3/28, F02K7/14",
        "Abstract": "The supersonic engine (Scramjet) increases its applications in the aviation industry due to it reusable technology and carrying of no onboard oxygen. But, this scramjet technology has a major challenge of air-fuel mixing at supersonic speed in the combustor. Hence, many researchers are working on this technology to increase the mixing and combustion efficiency of scramjet engine. In this domain, the fuel injector called as a strut has huge demand for its design improvement which can increase the mixing of air-fuel. Hence, in this research a novel strut fuel injector design has been introduced for increasing the mixing of air-fuel at supersonic speed. This new design mainly concentrates on generating the streamwise vortices which can improve the contact area among the air and fuel stream.",
        "Description": [
            "Description:The schematic diagram of the novel strut fuel injector has been shown in Fig.1. The geometry of the supersonic combustor (Scramjet) can be seen in Fig. 1. (a). The scramjet combustor consists of an air inlet at entrance and placed a strut fuel injector at 77 cm from the inlet of the combustor. The scramjet combustor have 340 mm length, and a size of 45x50 mm at the entrance. The outlet dimensions are 45 x 62 mm.",
            "\tWhen the scramjet combustor is operating at hypersonic speed, air enters through the intake section and is subjected to oblique shock waves, which cause the air to slow down to supersonic speed. Consequently, the air is arriving at supersonic velocity. The fuel is injected from the strut (Fig.1. (b)) base via 15 injection nozzles of 1 mm diameter at supersonic speed.",
            "\tWhen the fuel is injected from the strut base it is subjected to mixing with the upcoming supersonic airflow, this process will be intensified when the air is passes through the elliptical grooves which generate the streamlined vortices from the sharp edges.",
            "\t, Claims:1.\tThe elliptical strut fuel injector generates streamlined vortices.",
            "\t2.\tDesign strut fuel injector with elliptical grooved wedge form",
            "\t3.\tCreate any size of elliptical grooves on the strut.",
            "\t4.\tAdded elliptical grooves to the strut fuel injection system for supersonic engines.",
            "\t5.\tUse comparable strut designs in aviation fuel injection systems.",
            "\t6.\tThe strut's elliptical grooves create streamlined vortices.",
            "\t7.\tAdd different elliptical grooves to any surface of the scramjet combustor.",
            "\t8.\tPlace this strut somewhere within the combustor."
        ],
        "Inventors": [
            {
                "Name": "Kummitha Obula Reddy",
                "Address": "Plot 28A, Thulasivanam colony, Beeramguda",
                "Country": "India",
                "Nationality": "India"
            },
            {
                "Name": "B V Raju Institute of Technology, Narsapur",
                "Address": "B V Raju Institute of Technology, \r\nVishnupur,\r\nNarsapur, Hyderabad \r\nTelangana \r\nMedak - 502313\r\nIndia",
                "Country": "India",
                "Nationality": "India"
            }
        ],
        "Applicants": [
            {
                "Name": "Kummitha Obula Reddy",
                "Address": "Plot 28A, Thulasivanam colony, Beeramguda",
                "Country": "India",
                "Nationality": "India"
            },
            {
                "Name": "B V Raju Institute of Technology, Narsapur",
                "Address": "B V Raju Institute of Technology, \nVishnupur,\nNarsapur\nMedak - 502313\nIndia",
                "Country": "India",
                "Nationality": "India"
            }
        ]
    }
}