{
    "202441067810": {
        "Invention Title": "GLOBAL COMMUNICATION PROTOCOL FOR UNIFIED TIME-BASED COMMUNICATION",
        "Publication Number": "37/2024",
        "Publication Date": "13/09/2024",
        "Publication Type": "INA",
        "Application Number": "202441067810",
        "Application Filing Date": "08/09/2024",
        "Priority Number": "",
        "Priority Country": "",
        "Priority Date": "",
        "Field Of Invention": "BIOTECHNOLOGY",
        "Classification (IPC)": "A61K0045060000, A62B0009020000, A61P0037040000, H01F0041300000, G02B0005200000",
        "Abstract": "The Global Communication Protocol (GCP) is a new invention that establishes a unified global time standard based on the local time of Kiritimati Island. It offers improved efficiency, enhanced collaboration, accurate time-stamped data, and broad applicability across various industries. The GCP includes methods for synchronizing devices, converting time zones, exchanging time-stamped messages, and integrating with existing communication platforms",
        "Description": [
            "Description:Global Communication Protocol",
            "\tThe Global Communication Protocol (GCP) is a revolutionary framework designed to address the complexities and challenges arising from time zone differences in global communication. It establishes a unified global time standard, known as the Global Time Protocol (GTP), to streamline communication, coordination, and collaboration across diverse regions.",
            "\tUnified Global Time Protocol (GTP)",
            "\t\u2022\tBase-100 System: The GTP utilizes a base-100 system for time representation, consisting of three units: Orah, Epto, and Tick. This system offers a more consistent and standardized approach compared to the traditional base-24 & 60 system used in hours, minutes, and seconds.",
            "\t\u2022\tKiritimati Island Reference: The GTP is anchored to the local time of Kiritimati Island, the easternmost inhabited land on Earth. This ensures a consistent and easily identifiable reference point for the unified time standard.",
            "\t\u2022\tTimestamp Format: The GTP timestamp format is YYYY:DDD:OO:EE:TT, where:",
            "\to\tYYYY represents the year",
            "\to\tDDD represents the day of the year",
            "\to\tOO represents the Orah unit",
            "\to\tEE represents the Epto unit",
            "\to\tTT represents the Tick unit",
            "\t, C , C , C , Claims:CLAIMS",
            "\tClaim 1: Method for Global Communication",
            "\tA method for global communication, comprising:",
            "\t\u2022\tEstablishing a unified global time standard (GTP) based on the local time of Kiritimati Island;",
            "\t\u2022\tSynchronizing devices to the GTP using a Network Time Protocol (NTP) server;",
            "\t\u2022\tConverting local traditional time to GTP time and vice versa using a predetermined conversion factor, incorporating a specialized algorithm for efficient and accurate calculations;",
            "\t\u2022\tExchanging time-stamped messages between devices, wherein the time-stamped messages include metadata indicating the sender's and recipient's local time zones and a timestamp in both local traditional time and GTP time, as well as additional metadata such as message priority, sender's and recipient's user IDs, and message content type;",
            "\t\u2022\tIntegrating with popular messaging apps, email clients, and collaboration software, ensuring seamless compatibility and minimal disruption to existing workflows;",
            "\t\u2022\tProviding a user-friendly interface that allows users to view the current GTP time, convert between local traditional time and GTP time, set reminders or alarms based on GTP time, and integrate with existing calendar applications;",
            "\t\u2022\tImplementing security measures to protect the confidentiality and integrity of time-stamped messages, including encryption, authentication, and access controls; and",
            "\t\u2022\tEnsuring scalability and performance optimization to handle large-scale deployments and high-volume communication, utilizing distributed architecture, load balancing, caching mechanisms, and performance monitoring techniques.",
            "\tClaim 2: Apparatus for Global Communication",
            "\tAn apparatus for global communication, comprising:",
            "\t\u2022\tA high-performance processor capable of handling real-time synchronization, time conversion, and message processing;",
            "\t\u2022\tA memory capacity of at least 4GB to store the instructions for the method defined in claim 1, as well as data related to time synchronization, conversion, and message exchange;",
            "\t\u2022\tA communication interface capable of exchanging messages over various networks and protocols, including TCP/IP, UDP, and HTTP;",
            "\t\u2022\tAn NTP client configured to synchronize with an NTP server and integrate with the GTP;",
            "\t\u2022\tA time conversion module configured to perform the conversion algorithm defined in claim 1, incorporating a specialized algorithm for efficient and accurate calculations;",
            "\t\u2022\tA user interface module for providing a user-friendly interface that allows users to view the current GTP time, convert between local traditional time and GTP time, and set reminders or alarms based on GTP time;",
            "\t\u2022\tA security module for implementing the security measures described in claim 1; and",
            "\t\u2022\tA scalability module for implementing the scalability and performance optimization techniques described in claim 1.",
            "\tClaim 3: Computer Program Product",
            "\tA computer program product comprising a computer-readable medium containing instructions for performing the method defined in claim 1.",
            "\tClaim 4: Unified Global Time Standard",
            "\tA unified global time standard based on the local time of Kiritimati Island, represented in a base-100 system comprising units of Orah, Epto, and Tick.",
            "\tClaim 5: Time-Stamped Messages",
            "\tTime-stamped messages exchanged between devices, wherein the time-stamped messages include metadata indicating the sender's and recipient's local time zones, a timestamp in both local traditional time and GTP time, and additional metadata such as message priority, sender's and recipient's user IDs, and message content type.",
            "\tClaim 6: Integration with Existing Communication Platforms",
            "\tIntegration of the global communication protocol with existing communication platforms, including popular messaging apps, email clients, and collaboration software, wherein the integration is configured to synchronize devices with the unified global time standard and exchange time-stamped messages, while ensuring seamless compatibility and minimal disruption to existing workflows.",
            "\tClaim 7: Conversion Algorithm",
            "\tA conversion algorithm for converting between local traditional time and GTP time, comprising:",
            "\t\u2022\tReceiving a local traditional time input;",
            "\t\u2022\tCalculating the total seconds from the local traditional time input;",
            "\t\u2022\tApplying a predetermined conversion factor to the total seconds to obtain a GTP time value; and",
            "\t\u2022\tConverting the GTP time value into Orah, Epto, and Tick units, using a specialized algorithm that optimizes accuracy and efficiency.",
            "\tClaim 8: Synchronization Mechanism",
            "\tA synchronization mechanism for synchronizing devices with the unified global time standard, comprising:",
            "\t\u2022\tQuerying an NTP server for the current system time;",
            "\t\u2022\tAdjusting the device's system time based on the NTP server response;",
            "\t\u2022\tPeriodically repeating the query and adjustment process to maintain synchronization; and",
            "\t\u2022\tIncorporating additional measures, such as redundancy and fault tolerance mechanisms, to ensure the accuracy and reliability of time synchronization.",
            "\tClaim 9: User Interface",
            "\tA user-friendly interface for the global communication protocol, comprising:",
            "\t\u2022\tA display for displaying the current GTP time in a clear and intuitive format;",
            "\t\u2022\tA converter for converting between local traditional time and GTP time, providing real-time calculations and accurate results;",
            "\t\u2022\tA reminder and alarm setting module for setting reminders or alarms based on GTP time, allowing users to schedule events and tasks efficiently; and",
            "\t\u2022\tIntegration with existing calendar applications, ensuring seamless compatibility and ease of use.",
            "\tClaim 10: Security Measures",
            "\tSecurity measures implemented in the global communication protocol, comprising:",
            "\t\u2022\tEncryption of time-stamped messages using a robust encryption algorithm to protect data confidentiality;",
            "\t\u2022\tAuthentication mechanisms to verify the identity of users and devices, preventing unauthorized access;",
            "\t\u2022\tIntegrity checks to ensure the data integrity of time-stamped messages, protecting against tampering and corruption; and",
            "\t\u2022\tAccess controls to restrict unauthorized access to sensitive information, safeguarding user privacy and security.",
            "\tClaim 11: Scalability and Performance Optimization",
            "\tScalability and performance optimization techniques implemented in the global communication protocol, comprising:",
            "\t\u2022\tA distributed architecture for handling large-scale deployments;",
            "\t\u2022\tLoad balancing to distribute workload across multiple servers;",
            "\t\u2022\tCaching mechanisms to improve response times; and",
            "\t\u2022\tPerformance monitoring and optimization techniques to identify and address bottlenecks.",
            "\tClaim 12: Enhanced NTP Synchronization",
            "\tAn enhanced NTP synchronization mechanism, comprising:",
            "\t\u2022\tSelection of multiple reliable NTP servers;",
            "\t\u2022\tImplementation of fallback mechanisms in case of NTP server failures;",
            "\t\u2022\tUse of secure NTP protocols to protect against network attacks; and",
            "\t\u2022\tOptimization of synchronization parameters for specific use cases or environments."
        ],
        "Inventors": [
            {
                "Name": "Rathna Kumar",
                "Address": "G4, B105, 3rd Main Road, Hindu Colony, Nanganallur, chennai",
                "Country": "India",
                "Nationality": "India"
            }
        ],
        "Applicants": [
            {
                "Name": "Rathna Kumar",
                "Address": "G4, B105, 3rd Main Road, Hindu Colony, Nanganallur",
                "Country": "India",
                "Nationality": "India"
            }
        ]
    }
}