{
    "202441069679": {
        "Invention Title": "QUANTUM-BASED SYSTEM AND METHOD FOR PROTECTING DIGITAL DATA BY MONITORING AND DETECTING MALWARE THREATS",
        "Publication Number": "38/2024",
        "Publication Date": "20/09/2024",
        "Publication Type": "INA",
        "Application Number": "202441069679",
        "Application Filing Date": "14/09/2024",
        "Priority Number": "",
        "Priority Country": "",
        "Priority Date": "",
        "Field Of Invention": "CHEMICAL",
        "Classification (IPC)": "A61K0031400000, A61P0037000000, H05K0003220000, C08L0023020000, A61P0007000000",
        "Abstract": "The present disclosure relates to a quantum-based system for protecting digital data by monitoring and detecting malware threats. The quantum-based system (102) include monitors network packets of network (104) and records process calls and network activities into log files. The quantum-based system (102) analyses log files and predicts network patterns using quantum computing techniques and machine learning techniques. The quantum-based system (102) examines network patterns based on dataset stored in database (210), where dataset include learned network patterns and learned network behaviors. The quantum-based system (102) determines benign activities, and potential malicious activities using quantum intrusion detection (QID) technique to detect malware threats. The quantum-based system (102) allocates quantum key to digital data using obfuscator technique to protect digital data from malware threats and enable to transmit digital data to computing device (108) associated with user (106) over network (104).",
        "Description": [
            "Description:TECHNICAL FIELD",
            "\t[0001]\tThe present disclosure relates to the field of a cyber-security system. More particularly the present disclosure relates to a quantum-based system and method for protecting digital data by monitoring and detecting malware threats in real-time to enable security from cyber-attacks.",
            "\tBACKGROUND",
            "[0002]\tThe following description of the related art is intended to provide background information pertaining to the field of the present disclosure. This section may include certain aspects of the art that may be related to various features of the present disclosure. However, it should be appreciated that this section is used only to enhance the understanding of the reader with respect to the present disclosure, and not as admissions of the prior art.",
            "\t[0003]\tConventional systems for combating fileless malware typically focus on isolated aspects of the threat, often neglecting a holistic approach. Cryptographic and hashing techniques like message-digest algorithm 5 (MD5) and rivest-shamir-adleman (RSA), for example, emphasize data security but do not address detection or analysis of fileless malware. Conversely, memory forensics is dedicated to identifying and analyzing fileless malware but lacks comprehensive data protection measures. The most prominent technologies in use today include behavioral analysis, machine learning, and AI, each contributing significantly to the fight against fileless malware. However, these technologies are not always integrated effectively, and none of them fully leverage the potential of quantum computing, which remains an untapped resource in this domain.",
            "\t[0004]\tCurrent algorithms are increasingly vulnerable to sophisticated attacks, highlighting a critical gap in existing techniques. These methods either focus on protecting data from fileless malware or on securing the network, rarely achieving both simultaneously. Furthermore, there is a notable lack of tools designed specifically to address RAM-embedded fileless malware, which is a growing concern. Further, conventional systems also fail to recognize the multifaceted nature of malware transmission. For instance, there is no robust encryption algorithm for securing data during transmission, leaving computers vulnerable to attacks over networks. Additionally, conventional systems often overlook network monitoring, which is crucial for detecting and mitigating fileless malware in real-time. Moreover, existing solutions do not account for all features of potentially malicious files and tend to ignore parts of a file, such as the header, that may contain harmful elements not present in the executable section. This oversight can lead to incomplete malware detection and response strategies. Another significant gap is the inability to detect malware that does not perform any API calls. For example, files containing malicious dynamic link libraries (DLLs) can operate without triggering API calls, thus evading detection by conventional methods.",
            "\t[0005]\tHence, the current landscape of fileless malware defense is fragmented and incomplete, necessitating a more integrated and comprehensive approach that addresses data security, network protection, and real-time monitoring, while also leveraging emerging technologies like quantum computing.",
            "\t[0006]\tThere is, therefore, a need in the art to provide a system and method that can overcome the shortcomings of the existing prior arts.",
            "\tOBJECTS OF THE PRESENT DISCLOSURE",
            "\t[0007]\tSome of the objects of the present disclosure, which at least one embodiment herein satisfies are as listed herein below.",
            "\t[0008]\tIt is an object of the present disclosure to provide a quantum-based system for protecting digital data by monitoring and detecting malware threats.",
            "\t[0009]\tIt is another object of the present disclosure to provide a quantum-based system and method for protecting digital data by monitoring and detecting malware threats, which strengthens cyber security defenses against fileless malware threats.",
            "\t[00010]\tIt is another object of the present disclosure to provide a quantum-based system and method for protecting digital data by monitoring and detecting malware threats, which improves the ability to recognize and examine fileless malware using a process analyzer to identify malicious processes that are actively running.",
            "\t[00011]\tIt is another object of the present disclosure to provide a quantum-based system and method for protecting digital data by monitoring and detecting malware threats, which enables an inventive obfuscator that combines homomorphic encryption to guarantee file integrity during transfer and quantum-based key distribution for strong cryptographic hashing to strengthen preventive measures.",
            "\t[00012]\tIt is another object of the present disclosure to provide a quantum-based system and method for protecting digital data by monitoring and detecting malware threats, which enables to detect and identify potential network layer threats using quantum intrusion detection (QID) techniques capable of detecting packet sniffing.",
            "\tSUMMARY",
            "[00013]\tThis summary is provided to introduce certain objects and aspects of the present disclosure in a simplified form that are further described below in the detailed description. This summary is not intended to identify the key features or the scope of the claimed subject matter.",
            "\t[00014]\tAn aspect of the present disclosure relates to a quantum-based system for protecting digital data by monitoring and detecting malware threats. The quantum-based system can include one or more processors; and a memory coupled to the one or more processors, where said memory stores instructions which when executed by the one or more processors cause the quantum-based system to monitor, by a monitoring module, a plurality of network packets of a network and record a plurality of process calls and a plurality of network activities into a plurality of log files, where the plurality of process calls pertains to at least one of a process id, a user running the process, a CPU and memory usage, a command that started the process, a start time of the process, a state of the process, where the plurality of network activities pertains to network traffic, and a plurality of active network connections. The quantum-based system can be configured to analyze, by an analyzing module, the plurality of log files and predict a plurality of network patterns using a plurality of quantum computing techniques and a plurality of machine learning techniques. The quantum-based system can be configured to examine, by an examining module, the plurality of network patterns based on at least one dataset stored in a database, where the dataset can include a plurality of learned network patterns and a plurality of learned network behaviors. The quantum-based system can be configured to determine, by a determining module, a plurality of benign activities, and a plurality of potential malicious activities using a quantum intrusion detection (QID) technique to detect a plurality of malware threats. The quantum-based system can be configured to allocate, by an allocation module, at least one quantum key to digital data using an obfuscator technique to protect the digital data from the plurality of malware threats and enable to transmit the digital data to at least one computing device associated with at least one user over the network.",
            "\t[00015]\tIn an aspect, the plurality of learned network patterns and the plurality of learned network behaviors can include a plurality of deviated network traffic behaviors, and a plurality of network attack patterns.",
            "\t[00016]\tIn an aspect, the plurality of malware threats pertains to a plurality of fileless malware threats.",
            "\t[00017]\tIn an aspect, the obfuscator technique is integrated with a quantum key distribution (QKD) technique, and a homomorphic encryption technique can be configured to provide an additional layer of security to transmit the digital data across the network.",
            "\t[00018]\tIn an aspect, the quantum intrusion detection technique is trained on the at least one dataset, where the dataset is trained based on a wide array of network traffic instances, a plurality of normal scenarios, and a plurality of attack scenarios and enables the at least one dataset to learn and differentiate between the plurality of benign activities and the plurality of potentially malicious activities.",
            "\t[00019]\tIn an aspect, the quantum-based system can include a process analyzer that can be configured to recognize and examine the plurality of malware threats to identify a plurality of malicious processes that are actively running on the at least one computing device, and enable to protection the digital data from a plurality of dynamic cyber-attacks.",
            "\t[00020]\tIn an aspect, the quantum-based system can include a packet sniffer that can be configured to detect and identify a plurality of potential network layer threats.",
            "\t[00021]\tIn an aspect, the monitoring module can include an active malware monitoring module and a sleeper malware detection module can be configured to detect and analyze actively attacking malware processes and dormant sleeper malware processes residing in the memory.",
            "\t[00022]\tIn an aspect, the quantum-based system can be configured to integrate into at least one of the computing devices, and the network.",
            "\t[00023]\tIn an aspect, a method for protecting digital data by monitoring and detecting malware threats. The method includes the steps of monitoring, a plurality of network packets of a network to record a plurality of process calls and a plurality of network activities into a plurality of log files by a quantum-based system, where the plurality of process calls pertains to at least one of a process id, a user running the process, a CPU and memory usage, a command that started the process, a start time of the process, a state of the process, where the plurality of network activities pertains to network traffic, and a plurality of active network connections. The method includes the steps of analyzing, the plurality of log files and predicting a plurality of network patterns by the quantum-based system using a plurality of quantum computing techniques and a plurality of machine learning techniques. The method includes the steps of examining, the plurality of network patterns by the quantum-based system based on at least one dataset stored in a database, where the dataset can include a plurality of learned network patterns and a plurality of learned network behaviors. The method includes the steps of determining, a plurality of benign activities, and a plurality of potential malicious activities by the quantum-based system using a quantum intrusion detection (QID) technique to detect a plurality of malware threats. The method includes the steps of allocating, at least one quantum key to digital data by the quantum-based system using an obfuscator technique to protect the digital data from the plurality of malware threats and enable to transmit the digital data to at least one used computing device associated with at least one user over the network.",
            "[00024]\tVarious objects, features, aspects, and advantages of the present disclosure will become more apparent from the following detailed description of preferred embodiments, along with the accompanying drawing figures in which numerals represent like features.",
            "[00025]\tWithin the scope of this application, it is expressly envisaged that the various aspects, embodiments, examples, and alternatives set out in the preceding paragraphs, in the claims and/or in the following description and drawings, and in particular the individual features thereof, may be taken independently or in any combination. Features described in connection with one embodiment are applicable to all embodiments, unless such features are incompatible.",
            "BRIEF DESCRIPTION OF THE DRAWINGS",
            "[00026]\tIn the figures, similar components and/or features may have the same reference label. Further, various components of the same type may be distinguished by following the reference label with a second label that distinguishes among the similar components. If only the first reference label is used in the specification, the description is applicable to any one of the similar components having the same first reference label irrespective of the second reference label.",
            "\t[00027]\tFIG. 1 illustrates an exemplary network architecture of the proposed quantum-based system for protecting digital data by monitoring and detecting malware threats, by an embodiment of the present disclosure.",
            "\t[00028]\tFIG. 2 illustrates an exemplary representation of quantum-based system 102, in accordance with an embodiment of the present disclosure.",
            "\t[00029]\tFIG. 3 illustrates a flow diagram illustrating a method for for protecting digital data by monitoring and detecting malware threats, in accordance with an embodiment of the present disclosure.",
            "\t[00030]\tFIG. 4 illustrates an exemplary computer system to implement the proposed system in accordance with embodiments of the present disclosure.",
            "DETAILED DESCRIPTION",
            "[00031]\tThe following is a detailed description of embodiments of the disclosure depicted in the accompanying drawings. The embodiments are in such detail as to clearly communicate the disclosure. However, the amount of detail offered is not intended to limit the anticipated variations of embodiments; on the contrary, the intention is to cover all modifications, equivalents, and alternatives falling within the scope of the present disclosure as defined by the appended claims.",
            "[00032]\tIn the following description, numerous specific details are set forth in order to provide a thorough understanding of embodiments of the present disclosure. It will be apparent to one skilled in the art that embodiments of the present disclosure may be practiced without some of these specific details.",
            "\t[00033]\tAn aspect of the present disclosure relates to a quantum-based system for protecting digital data by monitoring and detecting malware threats. The quantum-based system can include one or more processors; and a memory coupled to the one or more processors, where said memory stores instructions which when executed by the one or more processors cause the quantum-based system to monitor, by a monitoring module, a plurality of network packets of a network and record a plurality of process calls and a plurality of network activities into a plurality of log files, where the plurality of process calls pertains to at least one of a process id, a user running the process, a CPU and memory usage, a command that started the process, a start time of the process, a state of the process, where the plurality of network activities pertains to network traffic, and a plurality of active network connections. The quantum-based system can be configured to analyze, by an analyzing module, the plurality of log files and predict a plurality of network patterns using a plurality of quantum computing techniques and a plurality of machine learning techniques. The quantum-based system can be configured to examine, by an examining module, the plurality of network patterns based on at least one dataset stored in a database, where the dataset can include a plurality of learned network patterns and a plurality of learned network behaviors. The quantum-based system can be configured to determine, by a determining module, a plurality of benign activities, and a plurality of potential malicious activities using a quantum intrusion detection (QID) technique to detect a plurality of malware threats. The quantum-based system can be configured to allocate, by an allocation module, at least one quantum key to digital data using an obfuscator technique to protect the digital data from the plurality of malware threats and enable to transmit the digital data to at least one computing device associated with at least one user over the network.",
            "\t[00034]\tFIG. 1 illustrates an exemplary network architecture (100) of the proposed quantum-based system for protecting digital data by monitoring and detecting malware threats, in accordance with an embodiment of the present disclosure.",
            "\t[00035]\tIn an embodiment, referring to FIG. 1, the network architecture (100) can include the quantum-based system (102) will connect to a network (104), which is further connected to at least one computing device (108-1), (108-2), \u2026 (108-N) (collectively referred as computing device 108, herein) associated with one or more users (106-1), (106-2), \u2026 (106-N) (collectively referred as user 106, herein). In an implementation, the quantum-based system (102) may integrated into the computing device (108), and/or the network (104) to protect digital data from cyber-attacks.",
            "\t[00036]\tIn an exemplary embodiment, the computing device (108) may include, but not be limited to, a computer-enabled device, a mobile phone, a smartphone, a tablet, or some combination thereof. A person of ordinary skill in the art will understand that the at least one computing device (108) may be individually referred to as a computing device and collectively referred to as a computing devices (108). The computing device (108) may be associated with at least one user (106). At least one user may include, but not limited to an individual, an operator, a receiver, a sender, and the like.",
            "\t[00037]\tIn an exemplary embodiment, the network (104) may include, but not be limited to, at least a portion of one or more networks having one or more nodes that transmit, receive, forward, generate, buffer, store, route, switch, process, or a combination thereof, etc. one or more messages, packets, signals, waves, voltage or current levels, some combination thereof, or so forth. In an exemplary embodiment, the network (104) may include, but not be limited to, a wireless network, a wired network, an internet, an intranet, a public network, a private network, a packet-switched network, a circuit-switched network, an ad hoc network, an infrastructure network, a Public-Switched Telephone Network (PSTN), a cable network, a cellular network, a satellite network, a fiber optic network, or some combination thereof",
            "\t[00038]\tIn an embodiment, the quantum-based system (102) can include one or more processors (refer FIG. 2); and a memory (refer FIG. 2) coupled to the one or more processors, where said memory stores instructions that when executed by the one or more processors cause the quantum-based system to monitor a plurality of network packets of the network (104) and record a plurality of process calls and a plurality of network activities into a plurality of log files. The plurality of process calls pertains to at least one of a process ID, a user running the process, a CPU and memory usage, a command that started the process, a start time of the process, and a state of the process. The plurality of network activities pertains to network traffic, and a plurality of active network connections. The quantum-based system (102) can include an active malware monitoring module and a sleeper malware detection module can be configured to detect and analyze actively attacking malware processes and dormant sleeper malware processes residing in the memory.",
            "\t[00039]\tIn an embodiment, the quantum-based system (102) can be configured to analyze the plurality of log files and predict a plurality of network patterns using a plurality of quantum computing techniques and a plurality of machine learning techniques.",
            "\t[00040]\tIn an embodiment, the quantum-based system (102) can be configured to examine the plurality of network patterns based on at least one dataset stored in a database (refer to FIG. 2), where the dataset can include a plurality of learned network patterns and a plurality of learned network behaviors. The plurality of learned network patterns and the plurality of learned network behaviors can include a plurality of deviated network traffic behaviors, and a plurality of network attack patterns.",
            "\t[00041]\tIn an embodiment, the quantum-based system (102) can be configured to determine a plurality of benign activities, and a plurality of potential malicious activities using a quantum intrusion detection (QID) technique to detect a plurality of malware threats. The plurality of malware threats pertains to a plurality of fileless malware threats. The quantum intrusion detection technique is trained on the at least one dataset, where the dataset is trained based on a wide array of network traffic instances, a plurality of normal scenarios, and a plurality of attack scenarios and enables the at least one dataset to learn and differentiate between the plurality of benign activities and the plurality of potentially malicious activities.",
            "\t[00042]\tIn an embodiment, the fileless malware pertains to a sophisticated type of malicious software that operates without leaving traditional files behind, making it difficult to detect with antivirus tools. The attack typically begins with an initial entry, which can occur through various methods. One common method is phishing emails, where the victim receives an email containing a malicious link or an infected attachment designed to compromise their quantum-based system. Another entry point is through malicious websites, where users are directed to compromised sites that exploit vulnerabilities in their web browsers or plugins to execute the attack. Additionally, attackers can exploit unpatched software vulnerabilities, gaining access to the quantum-based system through weaknesses in the software or operating quantum-based system. These techniques allow the fileless malware to infiltrate the quantum-based system without creating traditional files.",
            "\t[00043]\tIn an embodiment, the quantum-based system (102) can be configured to allocate at least one quantum key to digital data using an obfuscator technique to protect the digital data from the plurality of malware threats and enable to transmit the digital data to at least one computing device (108) associated with at least one user (106) over the network (104). The obfuscator technique is integrated with a quantum key distribution (QKD) technique and a homomorphic encryption technique can be configured to provide an additional layer of security to transmit the digital data across the network (104).",
            "\t[00044]\tIn an embodiment, the quantum-based system (102) can include a process analyzer that can be configured to recognize and examine the plurality of malware threats to identify a plurality of malicious processes that are actively running on the at least one computing device (108), and enable to protect the digital data from a plurality of dynamic cyber-attacks. The quantum-based system (102) can include a packet sniffer that can be configured to detect and identify a plurality of potential network layer threats. The malicious processes that are actively running refer to harmful programs or activities currently executing on the computing device (102) or the network (104). The malicious processes can carry out a variety of malicious tasks such as stealing data, disrupting operations, or providing unauthorized access to attackers. Identifying and mitigating the malicious processes is crucial for maintaining the security and integrity of the computing device (108).",
            "\t[00045]\tFIG. 2 illustrates an exemplary representation of the quantum-based system (102), in accordance with an embodiment of the present disclosure.",
            "\t[00046]\tIn an aspect, referring to FIG. 2, the quantum-based system (102) may include one or more processor(s) (202). The one or more processor(s) (202) may be implemented as one or more microprocessors, microcomputers, microcontrollers, edge or fog microcontrollers, digital signal processors, central processing units, logic circuitries, and/or any devices that process data based on operational instructions. Among other capabilities, one or more processor(s) (202) may be configured to fetch and execute computer-readable instructions stored in the memory (204) of the quantum-based system (102). The memory (204) may be configured to store one or more computer-readable instructions or routines in a non-transitory computer-readable storage medium, which may be fetched and executed to create or share data packets over a network service. The memory (204) may include any non-transitory storage device including, for example, volatile memory such as Random Access Memory (RAM), or non-volatile memory such as Erasable Programmable Read-Only Memory (EPROM), flash memory, and the like.",
            "\t[00047]\tReferring to FIG. 2, the quantum-based system (102) may include an interface(s) (206). The interface(s) (206) may include a variety of interfaces, for example, interfaces for data input and output devices, referred to as I/O devices, storage devices, and the like. The interface(s) (206) may facilitate communication to/from the quantum-based system (102). The interface(s) (206) may also provide a communication pathway for one or more components of the quantum-based system (102). Examples of such components include but are not limited to, processing unit/engine(s) (208) and a local database (210).",
            "\t[00048]\tIn an embodiment, the processing unit/engine(s) (208) may be implemented as a combination of hardware and programming (for example, programmable instructions) to implement one or more functionalities of the processing engine(s) (208). In the examples described herein, such combinations of hardware and programming may be implemented in several different ways. For example, the programming for the processing engine(s) (208) may be processor-executable instructions stored on a non-transitory machine-readable storage medium and the hardware for the processing engine(s) (208) may include a processing resource (for example, one or more processors), to execute such instructions. In the present examples, the machine-readable storage medium may store instructions that, when executed by the processing resource, implement the processing engine(s) (208). In such examples, the quantum-based system (102) may include the machine-readable storage medium storing the instructions and the processing resource to execute the instructions, or the machine-readable storage medium may be separate but accessible to the quantum-based system (102) and the processing resource. In other examples, the processing engine(s) (208) may be implemented by electronic circuitry.",
            "\t[00049]\tIn an embodiment, the local database (210) may include data that may be either stored or generated as a result of functionalities implemented by any of the components of the processor (202) or the processing engines (208). In an embodiment, the local database (210) may be separate from the quantum-based system (102).",
            "\t[00050]\tIn an exemplary embodiment, the processing engine (208) may include one or more engines selected from any of a monitoring module (212), an analyzing module (214), an examining module (216), a determining module (218), an allocating module (220), and other modules (222) having functions that may include but are not limited to testing, storage, and peripheral functions, such as wireless communication unit for remote operation, audio unit for alerts and the like.",
            "\t[00051]\tIn an embodiment, the quantum-based system (102) can include the monitoring module (212) which may be configured to monitor a plurality of network packets of the network (104) and record a plurality of process calls and a plurality of network activities into a plurality of log files. The plurality of process calls pertains to at least one of the process IDs, a user running the process, a CPU and memory usage, a command that started the process, a start time of the process, and a state of the process. The plurality of network activities pertains to network traffic and a plurality of active network connections. The monitoring module (212) can include an active malware monitoring module and a sleeper malware detection module which can be configured to detect and analyze actively attacking malware processes and dormant sleeper malware processes residing in the memory (204).",
            "\t[00052]\tIn an embodiment, the active malware monitoring module may enable a bash script to continuously log process calls and network activities into a log file. The logged data is forwarded to the QID for analysis, leveraging its capabilities to detect anomalies or suspicious behavior. The QID utilizes quantum computing and machine learning technologies to analyze the logged process and network data. Anomalies or deviations from expected behavior are flagged and reported as potential active malware threats. The logging process calls and network activities into a file refer to the practice of recording detailed information about the operations and communications that occur on the computing device (108) or the network (104). The log file serves as a record of events and can be used for monitoring, debugging, security analysis, and compliance purposes.",
            "\t[00053]\tIn an embodiment, anomalies or suspicious behaviors are unusual activities that might indicate security threats or breaches. Examples include network anomalies like sudden spikes in traffic, use of non-standard ports, and frequent connections to unknown IPs. Quantum-based system related anomalies involve unexpected process activities, unauthorized software installations, and unexpected file modifications. User behavior anomalies include abnormal data access patterns, unauthorized privilege escalations, and large data transfers. Email and communication anomalies often manifest as phishing attempts, unusual communication patterns, or data exfiltration from personal emails. Other suspicious behaviors include unauthorized configuration changes and attempts to disable security controls. Identifying these activities through vigilant monitoring and analysis is crucial for maintaining cyber security.",
            "\t[00054]\tIn an embodiment, the quantum-based system (102) can include the analyzing module (214) which may be configured to analyze the plurality of log files and predict a plurality of network patterns using a plurality of quantum computing techniques and a plurality of machine learning techniques. Quantum computing techniques are utilized to process certain aspects of the packet analysis, leveraging quantum techniques to handle specific computations efficiently. Machine learning models within Keras complement the quantum analysis by interpreting network patterns and behaviors in the network traffic data.",
            "\t[00055]\tIn an embodiment, the quantum-based system (102) can include an examining module (216) which may be configured to examine the plurality of network patterns based on at least one dataset stored in the database (210), where the dataset can include a plurality of learned network patterns and a plurality of learned network behaviors. The plurality of learned network patterns and the plurality of learned network behaviors can include a plurality of deviated network traffic behaviors, and a plurality of network attack patterns. The Q-ID technique is trained on a Binary KDD99 Cup dataset for intrusion detection systems. Training involves enabling the Q-ID technique to a wide array of network traffic instances, both normal and attack scenarios, enabling it to learn and differentiate between benign and potentially malicious activities. The Q-ID technique carefully scrutinizes the characteristics of incoming network packets, comparing the incoming network packets against learned patterns and behaviors. Any deviation from normal network traffic behavior or identification of known attack patterns triggers the quantum-based system (102) to flag the incoming network packets as suspicious or potentially harmful. Further, the Q-ID technique operates in real-time, ensuring swift and proactive detection of potential threats within the network (104). Upon detecting suspicious activity, the Q-ID technique promptly notifies the network (104) for further investigation or immediate preventive actions.",
            "\t[00056]\tIn an embodiment, the quantum-based system (102) can include a determining module (218) which may be configured to determine a plurality of benign activities, and a plurality of potential malicious activities using a quantum intrusion detection (QID) technique to detect a plurality of malware threats. The plurality of malware threats pertains to a plurality of fileless malware threats. The quantum intrusion detection technique is trained on the at least one dataset, where the dataset is trained based on a wide array of network traffic instances, a plurality of normal scenarios, and a plurality of attack scenarios and enables at least one dataset to learn and differentiate between the plurality of benign activities and the plurality of potentially malicious activities. The quantum intrusion detection (Q-ID) technique is a pivotal module within the network security framework designed to detect and predict potential attacks by analyzing incoming network packets. Leveraging advanced technologies such as quantum computing through Qiskit and machine learning with Keras, Q-ID aims to scrutinize network traffic and promptly identify any suspicious or anomalous activities, enhancing the network's security posture.",
            "\t[00057]\tIn an embodiment, the quantum-based system (102) can include an allocation module (220) which may be configured to allocate at least one quantum key to digital data using an obfuscator technique to protect the digital data from the plurality of malware threats and enable to transmit the digital data to at least one computing device (108) associated with at least one user (106) over the network (104). The obfuscator technique is integrated with a quantum key distribution (QKD) technique and a homomorphic encryption technique can be configured to provide an additional layer of security to transmit the digital data across the network (104). The quantum key distribution (QKD) technique is employed to pack the digital data with the quantum key. Utilizing quantum principles, QKD matches the quantum keys on a quantum level, enhancing data security significantly. Digital data includes various forms of information that are stored and processed by the computing device (108). The digital data encompasses text data, such as documents and emails, and numeric data, like spreadsheets and financial records. The digital data also includes audio data, such as sound recordings and music files, and video data, including digital videos and streams. Image data, which covers photographs and digital art, and sensor data, collected from devices like GPS and environmental sensors, are also part of digital data. Metadata, which provides information about other data, binary data, including executable files, and software code is important as well. Structured data is organized in databases, while unstructured data lacks a predefined format, including emails and social media posts. Semi-structured data, such as JSON and XML files, have some organizational properties, and logs and transaction data record activities and interactions, like server logs and purchase histories. Each type of digital data serves different purposes and is processed using various technologies and methods. The homomorphic encryption technique safeguards data integrity during transmission, allowing secure computation of encrypted data without compromising confidentiality. The homomorphic encryption technique enables computations on encrypted data, ensuring data security even during processing stages. The digital data, encrypted using homomorphic encryption, is decrypted at the receiver's end, ensuring secure and understandable data transmission.",
            "\t[00058]\tIn an embodiment, the examining module (216) includes a process analyzer that can be configured to recognize and examine the plurality of malware threats to identify a plurality of malicious processes that are actively running on the at least one computing device (108), and enable to protect the digital data from a plurality of dynamic cyber-attacks. The quantum-based system (102) can include a packet sniffer that can be configured to detect and identify a plurality of potential network layer threats.",
            "\t[00059]\tIn an embodiment, the term cyber-attacks encompasses a range of malicious activities targeting computer devices, networks, and data. Common types include phishing attacks, where deceptive messages trick individuals into providing sensitive information or downloading malware, and the malware itself, such as viruses, ransomware, and spyware, which can damage or gain unauthorized access to systems. Ransomware specifically encrypts data and demands a ransom for decryption. Distributed Denial of Service (DDoS) attacks overwhelm networks with excessive traffic, while Man-in-the-Middle (MitM) attacks intercept and alter communications. SQL injection and cross-site scripting (XSS) exploit vulnerabilities in web applications to manipulate or access data. Zero-day exploits target unknown software vulnerabilities. Credential stuffing uses stolen login details from one breach to access other accounts, and insider threats involve malicious activities by individuals within an organization. Advanced Persistent Threats (APTs) are prolonged, targeted attacks by sophisticated actors to steal data or monitor systems, while social engineering manipulates individuals into compromising security. These attacks can lead to data breaches, financial loss, reputational damage, and operational disruption, highlighting the necessity of the quantum-based system (102) for robust cybersecurity measures.",
            "\t[00060]\tFIG. 3 illustrates a flow diagram illustrating a method for protecting digital data by monitoring and detecting malware threats, in accordance with an embodiment of the present disclosure.",
            "\t[00061]\tAs illustrated, method (300) includes, at block (302), monitoring a plurality of network packets of a network to record a plurality of process calls and a plurality of network activities into a plurality of log files by a quantum-based system, where the plurality of process calls pertains to at least one of a process id, a user running the process, a CPU and memory usage, a command that started the process, a start time of the process, a state of the process, where the plurality of network activities pertains to a network traffic and a plurality of active network connections.",
            "\t[00062]\tContinuing further, method (300) includes, at block (304), analyzing the plurality of log files and predict a plurality of network patterns by the quantum-based system using a plurality of quantum computing techniques and a plurality of machine learning techniques.",
            "\t[00063]\tContinuing further, the method (300) includes, at block (306), examining the plurality of network patterns by the quantum-based system based on at least one dataset stored in a database, where the dataset can include a plurality of learned network patterns and a plurality of learned network behaviors.",
            "\t[00064]\tContinuing further, the method (300) includes, at block (308), determining, a plurality of benign activities, and a plurality of potential malicious activities by the quantum-based system using a quantum intrusion detection (QID) technique to detect a plurality of malware threats.",
            "\t[00065]\tContinuing further, method (300) includes, at block (310), allocating at least one quantum key to digital data by the quantum-based system using an obfuscator technique to protect the digital data from the plurality of malware threats and enable to transmit the digital data to at least one computing device associated with at least one user over the network.",
            "\t[00066]\tFIG. 4 illustrates an exemplary computer system to implement the proposed system in accordance with embodiments of the present disclosure.",
            "\t[00067]\tReferring to FIG. 4, computer system (400) includes an external storage device (410), a bus (420), a main memory (430), a read only memory (440), a mass storage device (450), communication port (460), and a processor (470). A person skilled in the art will appreciate that computer system may include more than one processor and communication ports. Examples of processor (470) include, but are not limited to, an Intel\u00ae Itanium\u00ae or Itanium 2 processor(s), or AMD\u00ae Opteron\u00ae or Athlon MP\u00ae processor(s), Motorola\u00ae lines of processors, FortiSOC\u2122 system on a chip processors or other future processors. Processor (470) may include various modules associated with embodiments of the present invention. Communication port (460) can be any of an RS-232 port for use with a modem based dialup connection, a 10/100 Ethernet port, a Gigabit or 10 Gigabit port using copper or fiber, a serial port, a parallel port, or other existing or future ports. Communication port (460) may be chosen depending on a network, such a Local Area Network (LAN), Wide Area Network (WAN), or any network to which computer system connects.",
            "\t[00068]\tIn an embodiment, the memory (430) can be Random Access Memory (RAM), or any other dynamic storage device commonly known in the art. Read only memory (440) can be any static storage device(s) e.g., but not limited to, a Programmable Read Only Memory (PROM) chips for storing static information e.g., start-up or BIOS instructions for processor (470). Mass storage device (450) may be any current or future mass storage solution, which can be used to store information and/or instructions. Exemplary mass storage solutions include, but are not limited to, Parallel Advanced Technology Attachment (PATA) or Serial Advanced Technology Attachment (SATA) hard disk drives or solid-state drives (internal or external, e.g., having Universal Serial Bus (USB) and/or Firewire interfaces), e.g. those available from Seagate (e.g., the Seagate Barracuda 7102 family) or Hitachi (e.g., the Hitachi Deskstar 7K1000), one or more optical discs, Redundant Array of Independent Disks (RAID) storage, e.g. an array of disks (e.g., SATA arrays), available from various vendors including Dot Hill Systems Corp., LaCie, Nexsan Technologies, Inc. and Enhance Technology, Inc.",
            "\t[00069]\tIn an embodiment, the bus (420) communicatively couples processor(s) (470) with the other memory, storage, and communication blocks. Bus (420) can be, e.g. a Peripheral Component Interconnect (PCI) / PCI Extended (PCI-X) bus, Small Computer System Interface (SCSI), USB, or the like, for connecting expansion cards, drives, and other subsystems as well as other buses, such a front side bus (FSB), which connects processor (470) to software system.",
            "\t[00070]\tIn another embodiment, operator and administrative interfaces, e.g. a display, keyboard, and a cursor control device, may also be coupled to bus (420) to support direct operator interaction with the computer system. Other operator and administrative interfaces can be provided through network connections connected through communication port (460). External storage device (410) can be any kind of external hard-drives, floppy drives, IOMEGA\u00ae Zip Drives, Compact Disc - Read Only Memory (CD-ROM), Compact Disc - Re-Writable (CD-RW), Digital Video Disk - Read Only Memory (DVD-ROM). Components described above are meant only to exemplify various possibilities. In no way should the aforementioned exemplary computer system limit the scope of the present disclosure.",
            "\t[00071]\tIf the specification states a component or feature \u201cmay\u201d, \u201ccan\u201d, \u201ccould\u201d, or \u201cmight\u201d be included or have a characteristic, that particular component or feature is not required to be included or have the characteristic.",
            "[00072]\tAs used in the description herein and throughout the claims that follow, the meaning of \u201ca,\u201d \u201can,\u201d and \u201cthe\u201d includes plural reference unless the context clearly dictates otherwise. Also, as used in the description herein, the meaning of \u201cin\u201d includes \u201cin\u201d and \u201con\u201d unless the context clearly dictates otherwise.",
            "\t[00073]\tMoreover, in interpreting the specification, all terms should be interpreted in the broadest possible manner consistent with the context. In particular, the terms \u201ccomprises\u201d and \u201ccomprising\u201d should be interpreted as referring to elements, components, or steps in a non-exclusive manner, indicating that the referenced elements, components, or steps may be present, or utilized, or combined with other elements, components, or steps that are not expressly referenced. Where the specification claims refer to at least one of something selected from the group consisting of A, B, C \u2026.and N, the text should be interpreted as requiring only one element from the group, not A plus N, or B plus N, etc.",
            "\t[00074]\tWhile the foregoing describes various embodiments of the proposed disclosure, other and further embodiments of the proposed disclosure may be devised without departing from the basic scope thereof. The scope of the proposed disclosure is determined by the claims that follow. The proposed disclosure is not limited to the described embodiments, versions or examples, which are included to enable a person having ordinary skill in the art to make and use the invention when combined with information and knowledge available to the person having ordinary skill in the art.",
            "\tADVANTAGES OF THE PRESENT DISCLOSURE",
            "\t[00075]\tThe present disclosure provides a quantum-based system and method for protecting digital data by monitoring and detecting malware threats.",
            "\t[00076]\tThe present disclosure provides a quantum-based system and method that provides an additional quantum layer of security as well as decreases the possibility of cyber-attacks.",
            "\t[00077]\tThe present disclosure provides a quantum-based system and method that operates within predefined thresholds for a CPU, a memory, and a disk usage to ensure minimal impact on the quantum-based system performance.",
            "\t[00078]\tThe present disclosure provides a quantum-based system and method that enhances accuracy in monitoring RAM-embedded fileless malware using by leveraging quantum IDS.",
            "\t, Claims:1. A quantum-based system for protecting digital data by monitoring and detecting malware threats, wherein the quantum-based system (102) comprising:",
            "\tone or more processors (202); and",
            "\ta memory coupled to the one or more processors (202), wherein said memory (204) stores instructions which when executed by the one or more processors (202) cause the quantum-based system (102) to:",
            "\tmonitor, by a monitoring module (212), a plurality of network packets of a network (104) and record a plurality of process calls and a plurality of network activities into a plurality of log files, wherein the plurality of process calls pertains to at least one of a process id, a user running the process, a CPU and memory usage, a command that started the process, a start time of the process, a state of the process, wherein the plurality of network activities pertains to a network traffic, and a plurality of active network connections;",
            "\tanalyze, by an analyzing module (214), the plurality of log files and predict a plurality of network patterns using a plurality of quantum computing techniques and a plurality of machine learning techniques;",
            "\texamine, by an examining module (216), the plurality of network patterns based on at least one dataset stored in a database (210), wherein the dataset comprising a plurality of learned network patterns and a plurality of learned network behaviors;",
            "\tdetermine, by a determining module (218), a plurality of benign activities, and a plurality of potential malicious activities using a quantum intrusion detection (QID) technique to detect a plurality of malware threats; and",
            "\tallocate, by an allocation module (220), at least one quantum key to digital data using an obfuscator technique to protect the digital data from the plurality of malware threats and enable to transmit the digital data to at least one computing device (108) associated with at least one user (106) over the network (104).",
            "\t2.\tThe quantum-based system as claimed in claim 1, wherein the plurality of learned network patterns and the plurality of learned network behaviors comprising a plurality of deviated network traffic behaviors, and a plurality of network attack patterns.",
            "\t3.\tThe quantum-based system as claimed in claim 1, wherein the plurality of malware threats pertains to a plurality of fileless malware threats.",
            "\t4.\tThe quantum-based system as claimed in claim 1, wherein the obfuscator technique is integrated with a quantum key distribution (QKD) technique and a homomorphic encryption technique configured to provide an additional layer of security to transmit the digital data across the network (104).",
            "\t5.\tThe quantum-based system as claimed in claim 1, wherein the quantum intrusion detection technique is trained on the at least one dataset,",
            "\twherein the dataset is trained based on a wide array of network traffic instances, a plurality of normal scenarios, and a plurality of attack scenarios and enable the at least one dataset to learn and differentiate between the plurality of benign activities and the plurality of potentially malicious activities.",
            "\t6.\tThe quantum-based system as claimed in claim 1, wherein the quantum-based system (102) comprising a process analyzer configured to recognize and examine the plurality of malware threats to identify a plurality of malicious processes that are actively running on the at least computing device (108), and enable to protect the digital data from a plurality of dynamic cyber-attacks.",
            "\t7.\tThe quantum-based system as claimed in claim 1, wherein the quantum-based system (102) comprising a packet sniffer configured to detect and identify a plurality of potential network layer threats.",
            "\t8.\tThe quantum-based system as claimed in claim 1, wherein the monitoring module (212) comprising an active malware monitoring module and sleeper malware detection module configured to detect and analyze actively attacking malware processes and dormant sleeper malware processes residing in the memory (204).",
            "\t9.\tThe quantum-based system as claimed in claim 1, wherein the quantum-based system (102) configured to integrate into at least one of the computing device (108), and the network (104).",
            "\t10.\tA method for protecting digital data by monitoring and detecting malware threats, wherein the method (300) comprising:",
            "\tmonitoring (302), a plurality of network packets of a network (104) to record a plurality of process calls and a plurality of network activities into a plurality of log files by a quantum-based system (102), wherein the plurality of process calls pertains to at least one of a process id, a user running the process, a CPU and memory usage, a command that started the process, a start time of the process, a state of the process, wherein the plurality of network activities pertains to a network traffic, and a plurality of active network connections;",
            "\tanalyzing (304), the plurality of log files, and predicting a plurality of network patterns by the quantum-based system (102) using a plurality of quantum computing techniques and a plurality of machine learning techniques;",
            "\texamining (306), the plurality of network patterns by the quantum-based system (102) based on at least one dataset stored in a database (210), wherein the dataset comprising a plurality of learned network patterns and a plurality of learned network behaviors;",
            "\tdetermining (308), a plurality of benign activities, and a plurality of potential malicious activities by the quantum-based system (102) using a quantum intrusion detection (QID) technique to detect a plurality of malware threats; and",
            "\tallocating (310), at least one quantum key to digital data by the quantum-based system (102) using an obfuscator technique to protect the digital data from the plurality of malware threats and enable to transmit the digital data to at least one computing device (108) associated with at least one user (106) over the network (104)."
        ],
        "Inventors": [
            {
                "Name": "ANUSHA K",
                "Address": "Professor Grade I, School of Computer Science and Engineering, Vellore Institute of Technology, Chennai, Vandalur - Kelambakkam Road, Chennai, Tamil Nadu - 600127, India.",
                "Country": "India",
                "Nationality": "India"
            },
            {
                "Name": "SWAIFA HAQUE",
                "Address": "UG Student, School of Computer Science and Engineering, Vellore Institute of Technology, Chennai, Vandalur - Kelambakkam Road, Chennai, Tamil Nadu - 600127, India.",
                "Country": "India",
                "Nationality": "India"
            },
            {
                "Name": "KRISHNA KUMAR S",
                "Address": "UG Student, School of Computer Science and Engineering, Vellore Institute of Technology, Chennai, Vandalur - Kelambakkam Road, Chennai, Tamil Nadu - 600127, India.",
                "Country": "U.S.A.",
                "Nationality": "U.S.A."
            },
            {
                "Name": "MADHUR SINGH",
                "Address": "UG Student, School of Computer Science and Engineering, Vellore Institute of Technology, Chennai, Vandalur - Kelambakkam Road, Chennai, Tamil Nadu - 600127, India.",
                "Country": "India",
                "Nationality": "India"
            },
            {
                "Name": "HARI BASKAR S",
                "Address": "UG Student, School of Computer Science and Engineering, Vellore Institute of Technology, Chennai, Vandalur - Kelambakkam Road, Chennai, Tamil Nadu - 600127, India.",
                "Country": "India",
                "Nationality": "India"
            },
            {
                "Name": "CIVANESH C",
                "Address": "UG Student, School of Computer Science and Engineering, Vellore Institute of Technology, Chennai, Vandalur - Kelambakkam Road, Chennai, Tamil Nadu - 600127, India.",
                "Country": "India",
                "Nationality": "India"
            },
            {
                "Name": "RIYASSHRI J S",
                "Address": "UG Student, School of Computer Science and Engineering, Vellore Institute of Technology, Chennai, Vandalur - Kelambakkam Road, Chennai, Tamil Nadu - 600127, India.",
                "Country": "India",
                "Nationality": "India"
            },
            {
                "Name": "M. ASHA JERLIN",
                "Address": "Associate Professor Grade I, School of Computer Science and Engineering, Vellore Institute of Technology, Chennai, Vandalur - Kelambakkam Road, Chennai, Tamil Nadu - 600127, India.",
                "Country": "India",
                "Nationality": "India"
            },
            {
                "Name": "NACHIYAPPAN S",
                "Address": "Associate  Professor Senior, School of Computer Science and Engineering, Vellore Institute of Technology, Chennai, Vandalur - Kelambakkam Road, Chennai, Tamil Nadu - 600127, India.",
                "Country": "India",
                "Nationality": "India"
            },
            {
                "Name": "M. BRAVEEN",
                "Address": "Associate Professor Grade I, School of Computer Science and Engineering, Vellore Institute of Technology, Chennai, Vandalur - Kelambakkam Road, Chennai, Tamil Nadu - 600127, India.",
                "Country": "India",
                "Nationality": "India"
            }
        ],
        "Applicants": [
            {
                "Name": "VELLORE INSTITUTE OF TECHNOLOGY, CHENNAI",
                "Address": "Vandalur - Kelambakkam Road, Chennai, Tamil Nadu - 600127, India.",
                "Country": "India",
                "Nationality": "India"
            }
        ]
    }
}