{
    "202441069737": {
        "Invention Title": "Bank Performance and E-banking services: A perspective from India",
        "Publication Number": "38/2024",
        "Publication Date": "20/09/2024",
        "Publication Type": "INA",
        "Application Number": "202441069737",
        "Application Filing Date": "15/09/2024",
        "Priority Number": "",
        "Priority Country": "",
        "Priority Date": "",
        "Field Of Invention": "BIO-CHEMISTRY",
        "Classification (IPC)": "A61P0029000000, C08L0067040000, A61Q0019000000, B01D0053260000, C08J0005220000",
        "Abstract": "Bank Performance and E-banking services: A perspective from India\n\nABSTRACT\nThe impact that developments in electronic banking have had on the operational efficiency, profitability, and customer satisfaction of Indian banks to date. It provides an integrated digital banking platform that combines mobile banking, internet banking, digital wallets, and automated teller machines (ATMs), while also utilizing cutting-edge technologies such as artificial intelligence (AI), machine learning (ML), and blockchain to improve security, customer service, and operational procedures. Important banking procedures, such as the processing of loans and the transfer of funds, can be automated with the help of the platform, which leads to a reduction in operational expenses and an improvement in accuracy. In addition, it incorporates security elements that are enabled by blockchain technology to avoid fraud and ensure transparency. Additionally, it utilizes chatbots that are powered by artificial intelligence to provide care for customers around the clock. Increasing the number of people who have access to financial services by reaching out to rural areas that are not currently being served is the primary focus of this innovation. Without having to rely on physical branches, this makes it possible for financial institutions to increase the number of customers they already have. Additionally incorporated into this system is a real-time performance monitoring system that makes use of key performance indicators (KPIs) and predictive analytics. The purpose of this system is to assess the impact that the use of online banking services has on the functioning of the bank as a whole. This platform ensures that regulatory compliance is maintained within specific parameters by adhering to the regulations set forth by the Reserve Bank of India (RBI). When considered as a whole, the innovation provides a comprehensive solution for improving the efficiency of banks in India through the use of electronic banking services because it is a holistic solution.",
        "Description": [
            "Description:FORM 2",
            "\tTHE PATENTS ACT, 1970",
            "\t(39 of 1970)",
            "\t&",
            "\tTHE PATENT RULES, 2003",
            "\tComplete Specification",
            "\t(See section 10 and rule 13)",
            "\tTitle of the Invention:   Bank Performance and E-banking services: A perspective from India",
            "\t2. Applicants",
            "\tName",
            "\tNationality",
            "\tAddress",
            "\tDr. Aisha Banu",
            "\tIndian\tAssistant Professor, School of Commerce and Economics, Presidency University, Rajanukunte, Bangalore, Karnataka \u2013 560032, India.",
            "\tDr.K.Gunasundari",
            "\tIndian\tAssistant Professor, Department of B.Com (E-Commerce), Vellalar College for Women (Autonomous), Thindal, Erode, Tamil Nadu \u2013 638012, India.",
            "\tDr M L Shobana",
            "\tIndian\tAssistant Professor, Department of Commerce, Hindusthan College of Science and Commerce, Ingur, Perundurai, Erode, Tamil Nadu \u2013 638052, India.",
            "\tDr.Pushparani P G",
            "\tIndian\tAssistant Professor, Department of Economics, SBRR Mahajana First Grade College(A), Jayalakshmipuram, Mysuru, Karnataka - 570012, India.",
            "\tPavan Kumar R",
            "\tIndian\tAssistant Professor, Department of BBA, Sai Vidya First Grade College, Rajankunte Bengaluru, Karnataka \u2013 560064, India.",
            "\tS.A. Nasrin Hussaina",
            "\tIndian\tAssistant Professor, Department of Commerce, Bishop Heber College, Trichy, Tamil Nadu \u2013 620017, India.",
            "\tDr.A.Maheswari",
            "\tIndian\tAssistant Professor, Department of Commerce with CS & AF, Hindusthan College of Arts & Science, Industhan Garden behind the Nava India, Coimbatore,",
            "\tTamilnadu \u2013 641028, India.",
            "\tDr.M.Shajahan",
            "\tIndian\tAssistant Professor, Department of Commerce, Jamal Mohamed College, Trichy, Tamil Nadu \u2013 620020, India.",
            "\tDr. U.Priya",
            "\tIndian\tAssistant Professor, Department of Commerce Faculty of Humanities, SRM Institute of Science and Technology, Kattankulathur, Chengalpattu, Tamilnadu \u2013 603203, India.",
            "\tDr P Manimalathi",
            "\tIndian\tAssistant Professor, Department of Economics, Sri Ramakrishna College of Arts & Science, Nava India, Coimbatore, Tamilnadu \u2013 641006, India.",
            "3. Preamble to the description:",
            "\tThe following specification particularly describes the invention and the manner in which it is to be performed.",
            "4. DESCRIPTION",
            "FIELD OF THE INVENTION",
            "\tThe incorporation of electronic banking services and the influence that these services have on the performance of banks in India. Specifically, the field examines how these services have altered the performance of banks in India. The purpose of this field of invention is to investigate the methods by which the deployment of digital banking solutions, such as mobile banking applications, online banking platforms, and electronic transaction systems, may have an impact on some performance indicators of financial institutions. In the course of this assessment, an analysis of the effects that the expansion of e-banking technologies has had on operational efficiency, customer satisfaction, financial stability, and market competitiveness is included. To better understand how digital transformation can improve bank performance and contribute to the general growth and modernisation of the financial services industry in India, the goal of this field is to deepen understanding of many aspects of digital transformation. An investigation into the developments, difficulties, and innovations that are taking place inside the Indian banking system will be carried out to achieve this goal.",
            "BACKGROUND OF THE INVENTION",
            "\texamines the transformative impact that digital technology has had on the banking industry in India and how it has changed the industry. With the rapid growth of e-banking services in recent years, which include Internet banking, mobile banking, and digital payment systems, there has been a shift in the way that financial transactions are carried out in India. This development has resulted in a change in the manner in which financial transactions are carried out. Some factors, including the widespread adoption of smartphones and internet access, can be credited with the acceleration of this shift. One of these factors is the initiative taken by the government of India to transition to a digital economy. The old banking methods that were previously utilized have been replaced with electronic alternatives that are more effective, convenient, and secure than the traditional methods. A reassessment of the indicators that measure the performance of banks has been carried out as a consequence of this transition. This is because financial institutions are now required to adjust their practices to meet the ever-evolving demands of customers and the problems that are brought about by competition.",
            "\tIt is crucial to have a strong understanding of how the presence of e-banking services affects the many components of bank performance to build strategies that are under the digital era and support sustainable growth in the Indian banking industry. This understanding is necessary to design strategies that contribute to the growth of the Indian banking industry. Efficiency in operations, interaction with customers, and financial stability are some of the elements that are considered here.",
            "\tSUMMARY OF INVENTION",
            "\tin terms of enhancing banking operations and delivering superior service to consumers employing the use of cutting-edge technologies for online banking platforms. In this invention, an investigation is conducted into the connection that exists between the provision of e-banking services and the overall performance of banks in India. Specifically, the idea highlights crucial technology advancements that drive productivity, customer delight, and financial inclusion. Through the utilization of digital tools such as mobile banking, online transactions, automated customer service, and fraud detection systems that are powered by artificial intelligence, the innovation aims to provide a comprehensive solution to the problem at hand. The purpose of this article is to provide an invention of the various ways in which the introduction of electronic banking can help reduce operational costs, improve transaction speed, and enable real-time financial services. Furthermore, it emphasizes the significance of taking cybersecurity measures to guarantee the protection of data and to establish confidence among users. Aside from this, it underscores the importance of executing these measures. Moreover, the regulatory environment is taken into account by this invention, which provides recommendations for incorporating developments in e-banking with Indian banking legislation and consumer rights legislation. In principle, the idea provides a comprehensive framework that enables banks to improve their financial performance and extend their reach to communities in India that are not currently being served. Accepting electronic banking services is one way to achieve this goal, as it enables financial institutions to strengthen their competitive advantage.",
            "BRIEF DESCRIPTION OF THE DRAWINGS",
            "\tFig 1. Depicts the E-banking process for financial services",
            "\tFig 2. Depicts the Indian Banking System Flow Chart",
            "BRIEF DESCRIPTION OF THE INVENTION",
            "\tprovides a comprehensive framework to improve the overall performance of banks as well as the operational efficiency of such banks through the adoption of electronic banking services within the framework. Over the past several years, several technological improvements have been made, notably in the field of digital banking, and Indian banks have been witnesses to these developments. This invention aims to investigate how the implementation of electronic banking services, such as online banking, mobile banking, digital wallets, and automated teller machines (ATMs), affects the performance indicators of Indian banks in terms of profitability, customer satisfaction, and risk management. Specifically, the objectives of this invention are to investigate how these services affect the performance indicators of Indian banks. Specifically, the invention will concentrate on how the performance of Indian banks is affected by the services that are being provided.",
            "\tAmong the most important aspects of this invention is the development of a dynamic online banking platform that is capable of incorporating a wide range of different digital banking services into a single, unified system. In addition to that, it is one of the most important aspects. To provide customers and financial institutions with an interface that is secure, efficient, and simple to operate, this platform takes advantage of the most recent technological advancements in the fields of artificial intelligence (AI), machine learning (ML), and blockchain technology. The utilization of algorithms that make use of artificial intelligence and machine learning is done to provide users with a more personalized experience. As a consequence of this condition, customers can get unique financial products and services that are tailored to their transaction history and behaviour. These personalized products and services are available to customers. Additionally, chatbots and virtual assistants that are powered by artificial intelligence can provide customer care around the clock, seven days a week. This is a significant advantage. Financial institutions can lessen the amount of stress that is placed on their customer support personnel as a result of this, in addition to ensuring response times that are both quicker and more accurate.",
            "\tIt is also advantageous that the plan highlights the importance of cybersecurity in the context of preserving the integrity of online financial services. This is another reason why the proposal is advantageous. This constitutes an extra benefit that the concept offers. Because digital banking applications are becoming increasingly ubiquitous in India, financial institutions are becoming more susceptible to cyberattacks, data breaches, and fraudulent behaviour. This is a direct outcome of the broad use of these applications. The concept makes use of blockchain technology, which generates a distributed and tamper-proof record for all transactions that are carried out, to find a solution to this problem. Every single transaction is guaranteed to be transparent and cannot be altered in any way since blockchain is a distributed system. This is because blockchain is a distributed ledger. Consequently, this results in an improvement in the level of confidence that exists between banks and their customers, which in turn reduces the likelihood that fraudulent behaviour would take place. Furthermore, to ensure the safety of the information that its users have stored on the platform, it is outfitted with robust encryption systems and multi-factor authentication procedures. This ensures that the platform is following data privacy legislation, such as the Personal Data Protection Bill in India, which is currently being examined by the government.",
            "\tFurthermore, the innovation offers specific insights into how electronic banking has the potential to drastically lower the operational expenses of financial institutions. This is in addition to the primary rationale behind the creation in the first place. When it comes to traditional banking systems, which are characterized by their heavy reliance on brick-and-mortar branches and manual procedures, a significant amount of time and resources are required. This is because conventional banking systems need a significant amount of time and money. Through the adoption of electronic banking services, financial institutions can automate a broad variety of activities, including the approval of loan applications, the processing of credit applications, and the transfer of funds, amongst others. Furthermore, as a result of this, there is a reduction in the quantity of human intervention that is required, as well as a reduction in the costs that are involved with operations. Not only does the automation of these processes increase accuracy, but it also reduces the likelihood of errors that are brought about by the interaction of humans. This, in turn, ultimately results in higher compliance with the requirements that are set forth by regulatory organizations. Furthermore, online banking makes it possible for financial institutions to extend their services to remote and rural areas, which in turn increases the number of people who have access to financial services and expands their client base at a time when physical branches are no longer required.",
            "\tOne more essential aspect of the concept is the fact that the invention emphasizes boosting the experience that the consumer has with the product. In the process of developing the online banking platform, the user-friendliness, speed, and convenience of the platform were recognized as the three most important criteria that were taken into consideration. Customers can take advantage of a wide variety of financial services that are designed specifically for them. A few examples of services that are included in this category are making payments, transferring funds, checking account balances, and applying for loans through the financial institution. Users can access all of these services from the comfort of their personal computers or mobile devices, which is a convenient option. Because of the platform's user-friendly structure, even clients who have just a fundamental understanding of digital technology will have no trouble accessing the platform and carrying out transactions. This is because the platform is straightforward. In addition to this, the innovation provides notifications and updates in real time, which guarantees that consumers are always kept up to date about the activities that take place on their accounts. This, in turn, not only raises the level of trust that customers have in the system but also increases the system's level of openness.",
            "\tThe purpose of this innovation is to provide a comprehensive collection of key performance indicators (KPIs) that can be utilized to assess the influence that electronic banking services have on the overall results of financial institutions. The performance evaluation is the context in which the invention is described. For example, the return on assets (ROA), the return on equity (ROE), the net interest margin (NIM), the customer retention rates, and the cost-to-income ratios are all metrics that are included in these key performance indicators (KPIs). Other metrics that are included in these KPIs include the net interest margin (NIM). The consistent monitoring of these key performance indicators (KPIs) enables financial institutions to evaluate the efficiency of their online banking services and to make decisions based on data to improve their operations. This is made possible by the fact that these KPIs are monitored regularly. Furthermore, the invention suggests the utilization of predictive analytics to forecast future patterns in the behaviour of customers. This is done to anticipate future patterns. Consequently, this would make it possible for financial institutions to fulfil evolving requirements and preferences in a proactive manner, which would be a significant benefit.",
            "\tOn the other hand, the concept takes into mind the regulatory aspect of online banking services, which is yet another crucial component. As a result of this technology, it is guaranteed that all digital banking solutions will be under the regulations that have been established by the Reserve Bank of India (RBI), in addition to any other financial legislation that may be applicable. Furthermore, it possesses characteristics that make it possible for financial institutions to monitor regulatory compliance in real time. This in turn assists these institutions in avoiding penalties and ensures that their operations are carried out seamlessly. It is the responsibility of the compliance management system that is integrated into the platform to alert financial institutions to any irregularities or potential violations. This helps to ensure that corrective actions are carried out on time and at the appropriate time.",
            "\tLast but not least, the idea anticipates a future in which electronic financial services would be able to assist banks in India in achieving their sustainability goals. This is surely not the least of the ideas. Electronic banking greatly reduces the carbon footprint of banking activities because it eliminates the need for physical infrastructure and procedures that rely on paper products. This is accomplished through the elimination of unnecessary paper goods. Since electronic banking eliminates the need for paper items, this benefit is realized. Additionally, digital banking makes it possible to perform transactions without the use of paper, which decreases the impact on the environment that is generated by printing and the maintenance of physical records. This is a significant benefit of digital banking. Regarding the environment, this is a huge advantage that can be appreciated.",
            "\tProvides Indian banks with a comprehensive solution that facilitates the enhancement of their performance, the reduction of their operational expenses, the enhancement of customer satisfaction, and the guarantee that they comply with the requirements that have been established by regulatory agencies. Through the implementation of cutting-edge technologies such as artificial intelligence (AI), blockchain, and predictive analytics, the purpose of this invention is to bring about a shift in the banking sector in India. This innovation will not only make it simpler for individuals to gain access to financial services, but it will also be a driving force behind the expansion of the economy over the long run. By adopting this cutting-edge electronic banking platform, financial institutions can improve their financial performance in an economy that is becoming increasingly digital. This is because economics is becoming increasingly digital. Using this platform, financial institutions can improve their financial performance by streamlining their processes, increasing the number of customers they serve, and ultimately expanding their customer base.",
            "\t, Claims:WE CLAIM",
            "\t1.\tA unified, user-friendly e-banking platform for banks and clients including mobile and internet banking, ATMs, and digital wallets is the goal.",
            "\t2.\tThe innovation proposes that AI- and ML-powered chatbots and virtual assistants can improve customer service by delivering 24/7 help and personalised financial solutions depending on user activity.",
            "\t3.\tBlockchain technology will perform transactions securely, decentralized, and impenetrably, says the invention. Openness, fraud reduction, and user and bank trust are ensured.",
            "\t4.\tAutomating financial transfers, credit approvals, and loan applications saves e-banking services money and errors.",
            "\t5.\tDigital banking systems in underserved and remote locations attempt to enhance financial inclusion by eliminating bank offices.",
            "\t6.\tAccording to the patent, real-time monitoring and predictive analytics tools use KPIs to analyze bank performance and make data-driven decisions and forecast trends.",
            "\t7.\tThe innovation's real-time compliance monitoring system purportedly follows RBI and banking standards and informs of regulatory abnormalities.",
            "\tDated this the 15th September 2024.",
            "\tSenthil Kumar B",
            "\tAgent for the applicant",
            "\tIN/PA-1549"
        ],
        "Inventors": [
            {
                "Name": "Dr. Aisha Banu",
                "Address": "Assistant Professor, School of Commerce and Economics, Presidency University, Rajanukunte, Bangalore, Karnataka \u2013 560032, India.",
                "Country": "India",
                "Nationality": "India"
            },
            {
                "Name": "Dr.K.Gunasundari",
                "Address": "Assistant Professor, Department of B.Com (E-Commerce), Vellalar College for Women (Autonomous), Thindal, Erode, Tamil Nadu \u2013 638012, India.",
                "Country": "India",
                "Nationality": "India"
            },
            {
                "Name": "Dr M L Shobana",
                "Address": "Assistant Professor, Department of Commerce, Hindusthan College of Science and Commerce, Ingur, Perundurai, Erode, Tamil Nadu \u2013 638052, India.",
                "Country": "India",
                "Nationality": "India"
            },
            {
                "Name": "Dr.Pushparani P G",
                "Address": "Assistant Professor, Department of Economics, SBRR Mahajana First Grade College(A), Jayalakshmipuram, Mysuru, Karnataka - 570012, India.",
                "Country": "India",
                "Nationality": "India"
            },
            {
                "Name": "Pavan Kumar R",
                "Address": "Assistant Professor, Department of BBA, Sai Vidya First Grade College, Rajankunte Bengaluru, Karnataka \u2013 560064, India.",
                "Country": "India",
                "Nationality": "India"
            },
            {
                "Name": "S.A. Nasrin Hussaina",
                "Address": "Assistant Professor, Department of Commerce, Bishop Heber College, Trichy, Tamil Nadu \u2013 620017, India.",
                "Country": "India",
                "Nationality": "India"
            },
            {
                "Name": "Dr.A.Maheswari",
                "Address": "Assistant Professor, Department of Commerce with CS & AF, Hindusthan College of Arts & Science, Industhan Garden behind the Nava India, Coimbatore, Tamilnadu \u2013 641028, India.",
                "Country": "India",
                "Nationality": "India"
            },
            {
                "Name": "Dr.M.Shajahan",
                "Address": "Assistant Professor, Department of Commerce, Jamal Mohamed College, Trichy, Tamil Nadu \u2013 620020, India.",
                "Country": "India",
                "Nationality": "India"
            },
            {
                "Name": "Dr. U.Priya",
                "Address": "Assistant Professor, Department of Commerce Faculty of Humanities, SRM Institute of Science and Technology, Kattankulathur, Chengalpattu, Tamilnadu \u2013 603203, India.",
                "Country": "India",
                "Nationality": "India"
            },
            {
                "Name": "Dr. P Manimalathi",
                "Address": "Assistant Professor, Department of Economics, Sri Ramakrishna College of Arts & Science, Nava India, Coimbatore, Tamilnadu \u2013 641006, India.",
                "Country": "India",
                "Nationality": "India"
            }
        ],
        "Applicants": [
            {
                "Name": "Dr. Aisha Banu",
                "Address": "Assistant Professor, School of Commerce and Economics, Presidency University, Rajanukunte, Bangalore, Karnataka \u2013 560032, India.",
                "Country": "India",
                "Nationality": "India"
            },
            {
                "Name": "Dr.K.Gunasundari",
                "Address": "Assistant Professor, Department of B.Com (E-Commerce), Vellalar College for Women (Autonomous), Thindal, Erode, Tamil Nadu \u2013 638012, India.",
                "Country": "India",
                "Nationality": "India"
            },
            {
                "Name": "Dr M L Shobana",
                "Address": "Assistant Professor, Department of Commerce, Hindusthan College of Science and Commerce, Ingur, Perundurai, Erode, Tamil Nadu \u2013 638052, India.",
                "Country": "India",
                "Nationality": "India"
            },
            {
                "Name": "Dr.Pushparani P G",
                "Address": "Assistant Professor, Department of Economics, SBRR Mahajana First Grade College(A), Jayalakshmipuram, Mysuru, Karnataka - 570012, India.",
                "Country": "India",
                "Nationality": "India"
            },
            {
                "Name": "Pavan Kumar R",
                "Address": "Assistant Professor, Department of BBA, Sai Vidya First Grade College, Rajankunte Bengaluru, Karnataka \u2013 560064, India.",
                "Country": "India",
                "Nationality": "India"
            },
            {
                "Name": "S.A. Nasrin Hussaina",
                "Address": "Assistant Professor, Department of Commerce, Bishop Heber College, Trichy, Tamil Nadu \u2013 620017, India.",
                "Country": "India",
                "Nationality": "India"
            },
            {
                "Name": "Dr.A.Maheswari",
                "Address": "Assistant Professor, Department of Commerce with CS & AF, Hindusthan College of Arts & Science, Industhan Garden behind the Nava India, Coimbatore, Tamilnadu \u2013 641028, India.",
                "Country": "India",
                "Nationality": "India"
            },
            {
                "Name": "Dr.M.Shajahan",
                "Address": "Assistant Professor, Department of Commerce, Jamal Mohamed College, Trichy, Tamil Nadu \u2013 620020, India.",
                "Country": "India",
                "Nationality": "India"
            },
            {
                "Name": "Dr. U.Priya",
                "Address": "Assistant Professor, Department of Commerce Faculty of Humanities, SRM Institute of Science and Technology, Kattankulathur, Chengalpattu, Tamilnadu \u2013 603203, India.",
                "Country": "India",
                "Nationality": "India"
            },
            {
                "Name": "Dr. P Manimalathi",
                "Address": "Assistant Professor, Department of Economics, Sri Ramakrishna College of Arts & Science, Nava India, Coimbatore, Tamilnadu \u2013 641006, India.",
                "Country": "India",
                "Nationality": "India"
            }
        ]
    }
}