{
    "202441070034": {
        "Invention Title": "Functional Nanochannels Incorporating Bismuth Ferrite Nanoparticles for Enhanced Performance in Nanoelectronic Devices",
        "Publication Number": "38/2024",
        "Publication Date": "20/09/2024",
        "Publication Type": "INA",
        "Application Number": "202441070034",
        "Application Filing Date": "16/09/2024",
        "Priority Number": "",
        "Priority Country": "",
        "Priority Date": "",
        "Field Of Invention": "BIO-MEDICAL ENGINEERING",
        "Classification (IPC)": "A61B0018000000, A01M0007000000, A61K0009190000, G06F0008410000, C12N0015850000",
        "Abstract": "The invention introduces a nanoelectronic device featuring nanochannels enhanced with bismuth ferrite (BiFeO\u2083) nanoparticles, which leverage their unique multiferroic, ferroelectric, and piezoelectric properties to improve performance in terms of charge transport, leakage current reduction, and multifunctionality. A solution-based fabrication method ensures optimal integration and preservation of the nanoparticles\u2019 intrinsic properties, facilitating the development of faster, more energy-efficient devices. The device\u2019s capabilities extend to applications in advanced transistors, non-volatile memory, and hybrid electronic-spintronic systems, as well as ultra-sensitive sensors for diverse fields like healthcare, environmental monitoring, and industrial automation. The invention provides a scalable, cost-effective approach for future nanoelectronics, promising significant advancements in device miniaturization, multifunctionality, and overall performance.",
        "Description": [
            "Description:The present invention pertains to the field of nanoelectronics, specifically focusing on the development and enhancement of nanochannel structures within nanoelectronic devices. It introduces a novel approach involving the incorporation of bismuth ferrite (BiFeO\u2083) nanoparticles into functional nanochannels, significantly improving their performance characteristics. This invention addresses critical aspects such as charge transport, electrostatic control, and overall device miniaturization, which are vital in advancing the capabilities of nanoscale transistors, sensors, and memory devices. By leveraging the unique ferroelectric, piezoelectric, and multiferroic properties of bismuth ferrite, the proposed system aims to achieve higher efficiency, reduced power consumption, and enhanced scalability in a wide range of nanoelectronic applications, including but not limited to, next-generation processors, ultra-sensitive biosensors, and high-density data storage devices.",
            "\tBackground of the proposed invention:",
            "\tThe field of nanoelectronics has rapidly evolved in recent years, driven by the growing demand for smaller, faster, and more efficient electronic devices. As traditional semiconductor technologies approach their physical and operational limits, there is an urgent need for innovative materials and structures that can sustain and extend Moore's Law, which predicts the doubling of transistors on a microchip approximately every two years. In this context, the development of nanochannels\u2014extremely narrow conductive or semiconductive pathways\u2014within nanoelectronic devices represents a promising approach to overcoming current technological challenges. Nanochannels are critical components in a variety of advanced electronic applications, including transistors, sensors, and memory devices, where they play a key role in charge transport, signal modulation, and data storage.",
            "\tHowever, the performance of nanochannels is heavily influenced by their material composition, structural integrity, and surface properties. Conventional materials used in nanochannels, such as silicon and graphene, while effective to an extent, are reaching their performance ceilings in terms of scalability, speed, and energy efficiency. These materials also face challenges related to thermal management, leakage currents, and quantum effects that become more pronounced at the nanoscale. Thus, there is a compelling need for alternative materials that can not only meet but exceed the performance requirements of future nanoelectronic devices. This need has led to a growing interest in nanostructured materials, such as nanoparticles, which offer unique properties due to their reduced dimensionality and increased surface area.",
            "\tAmong various nanoparticles being explored, bismuth ferrite (BiFeO\u2083) has emerged as a particularly attractive candidate for enhancing the performance of nanochannels. Bismuth ferrite is a multiferroic material that simultaneously exhibits ferroelectric, antiferromagnetic, and piezoelectric properties at room temperature. These properties make it highly suitable for applications in nanoelectronics, where the ability to control multiple functionalities\u2014such as electric polarization, magnetic ordering, and mechanical deformation\u2014can lead to significant advancements in device performance. Moreover, bismuth ferrite nanoparticles possess high dielectric constants and low leakage currents, which are desirable characteristics for improving the electrostatic control and reducing power consumption in nanoelectronic devices.",
            "\tDespite the promising attributes of bismuth ferrite, its direct application in nanoelectronic devices has been limited by several challenges. The synthesis of high-quality bismuth ferrite nanoparticles, for instance, requires precise control over stoichiometry, particle size, and crystallinity to ensure the desired properties are achieved. Furthermore, integrating these nanoparticles into existing nanochannel architectures without compromising their structural and functional integrity presents significant technical hurdles. Traditional fabrication techniques often involve high-temperature or high-pressure processes that can alter the properties of bismuth ferrite nanoparticles or lead to undesirable interfacial effects, such as the formation of insulating layers or defects that degrade device performance. Therefore, new methods for the synthesis and integration of bismuth ferrite nanoparticles into nanochannels are essential to fully leverage their potential benefits.",
            "\tThe proposed invention addresses these challenges by developing a novel method for incorporating bismuth ferrite nanoparticles into functional nanochannels, resulting in enhanced performance of nanoelectronic devices. This method involves the controlled synthesis of bismuth ferrite nanoparticles with uniform size, shape, and crystallinity, followed by their integration into nanochannel structures through low-temperature, solution-based processes. The solution-based approach allows for precise deposition and alignment of the nanoparticles within the nanochannels, ensuring optimal contact and interface characteristics that are critical for efficient charge transport and device operation. Additionally, the method minimizes the risk of damaging the nanoparticles or the underlying substrate, preserving the intrinsic properties of bismuth ferrite that contribute to improved device performance.",
            "\tThe incorporation of bismuth ferrite nanoparticles into nanochannels offers several key advantages over conventional materials and methods. First, the ferroelectric properties of bismuth ferrite enable effective electrostatic control over the charge carriers within the nanochannels, reducing leakage currents and enhancing signal modulation. This is particularly important for transistors, where precise control over the flow of electrons is necessary to achieve high switching speeds and low power consumption. Second, the multiferroic nature of bismuth ferrite allows for the simultaneous manipulation of electrical and magnetic states, opening up new possibilities for multifunctional devices that can perform logic and memory operations in a single component. Such devices could revolutionize the design of integrated circuits, leading to greater computational power and efficiency.",
            "\tFurthermore, the piezoelectric properties of bismuth ferrite nanoparticles can be harnessed to create sensors and actuators with high sensitivity and low energy consumption. When incorporated into nanochannels, these nanoparticles can generate electrical signals in response to mechanical stimuli, enabling the development of ultra-sensitive sensors for detecting physical, chemical, or biological changes at the nanoscale. These sensors could be used in a wide range of applications, from environmental monitoring and healthcare diagnostics to industrial process control and security systems. The ability to integrate sensing and actuating functions within a single nanoelectronic device also paves the way for the development of smart systems that can adapt and respond to their environment in real-time.",
            "\tIn addition to their functional advantages, bismuth ferrite nanoparticles offer significant benefits in terms of scalability and manufacturability. The solution-based methods proposed for their integration into nanochannels are compatible with existing semiconductor fabrication processes, enabling seamless incorporation into current production lines. Moreover, these methods are cost-effective and environmentally friendly, as they do not require high temperatures, pressures, or toxic chemicals. This makes the proposed invention particularly attractive for large-scale production of nanoelectronic devices, where cost and environmental impact are critical considerations. By reducing the complexity and cost of fabrication while enhancing device performance, the proposed system has the potential to accelerate the commercialization of advanced nanoelectronics technologies.",
            "\tThe enhanced performance of nanochannels incorporating bismuth ferrite nanoparticles can be further leveraged to develop a new generation of memory devices with higher density, speed, and reliability. Traditional memory devices, such as dynamic random-access memory (DRAM) and flash memory, are constrained by issues related to charge retention, leakage currents, and data volatility. The unique properties of bismuth ferrite, particularly its high dielectric constant and stable ferroelectric polarization, can be utilized to create non-volatile memory elements that retain data without the need for continuous power supply. Such elements could significantly reduce power consumption in electronic devices, extending battery life and enabling the development of energy-efficient computing systems.",
            "\tMoreover, the antiferromagnetic properties of bismuth ferrite can be exploited to develop spintronic devices, which use the spin of electrons, rather than their charge, to perform computations. Spintronic devices offer several advantages over traditional electronic devices, including lower power consumption, faster switching speeds, and increased data storage capacity. By incorporating bismuth ferrite nanoparticles into nanochannels, the proposed invention enables the development of hybrid devices that combine the benefits of both electronic and spintronic technologies, paving the way for new paradigms in information processing and storage.",
            "\tIn conclusion, the proposed invention represents a significant advancement in the field of nanoelectronics by introducing a novel approach for enhancing the performance of nanochannels through the incorporation of bismuth ferrite nanoparticles. By leveraging the unique multiferroic, ferroelectric, and piezoelectric properties of bismuth ferrite, this invention offers substantial improvements in terms of charge transport, signal modulation, multifunctionality, and scalability. The proposed solution-based integration method ensures compatibility with existing semiconductor fabrication processes, reducing costs and environmental impact while facilitating large-scale production. Overall, the invention has the potential to revolutionize the design and functionality of nanoelectronic devices, enabling the development of smaller, faster, and more energy-efficient systems for a wide range of applications.",
            "\tSummary of the proposed invention:",
            "\tThe proposed invention focuses on enhancing the performance of nanoelectronic devices by incorporating bismuth ferrite (BiFeO\u2083) nanoparticles into functional nanochannels. This approach leverages the unique multiferroic properties of bismuth ferrite, which exhibits ferroelectric, antiferromagnetic, and piezoelectric characteristics at room temperature, making it highly suitable for advanced electronic applications. By integrating these nanoparticles into nanochannel structures using a controlled, low-temperature, solution-based process, the invention addresses the limitations of conventional materials, such as silicon and graphene, in terms of scalability, speed, and energy efficiency.",
            "\tThe incorporation of bismuth ferrite nanoparticles into nanochannels improves charge transport, reduces leakage currents, and enhances electrostatic control, enabling faster switching speeds and lower power consumption in devices like transistors and sensors. Additionally, the multiferroic properties allow for multifunctional device capabilities, such as combining logic and memory operations, while the piezoelectric characteristics enable the development of highly sensitive sensors and actuators. The solution-based method is compatible with existing semiconductor fabrication processes, making it cost-effective and environmentally friendly, and facilitating large-scale production. Overall, this invention represents a significant advancement in nanoelectronics, offering a pathway to more efficient, multifunctional, and scalable electronic devices.",
            "Brief description of the proposed invention:",
            "\tThe proposed invention presents a significant advancement in the field of nanoelectronics by introducing a novel approach to enhancing the performance of nanochannels within nanoelectronic devices. As electronic devices continue to shrink in size and grow in complexity, the limitations of traditional semiconductor materials, such as silicon, become increasingly apparent. These limitations are particularly evident in the context of nanochannels, which are critical components in a wide range of electronic applications, including transistors, sensors, and memory devices. Nanochannels serve as the pathways for electron flow, and their performance is directly linked to the overall efficiency, speed, and power consumption of the devices they are integrated into. In recent years, the demand for devices with smaller footprints, higher processing speeds, and lower power requirements has led to a search for new materials and methods to improve the functionality of nanochannels.",
            "\tThis invention addresses these challenges by incorporating bismuth ferrite (BiFeO\u2083) nanoparticles into the nanochannel structures of nanoelectronic devices. Bismuth ferrite is a multiferroic material that exhibits several unique properties, including ferroelectricity, antiferromagnetism, and piezoelectricity, all at room temperature. These properties are highly desirable in nanoelectronic applications as they offer multiple functionalities that can be controlled simultaneously. For example, the ferroelectric properties of bismuth ferrite provide excellent electrostatic control over charge carriers within the nanochannels, which is crucial for reducing leakage currents and improving signal modulation. This is especially important for transistors, where precise control over electron flow is necessary to achieve high switching speeds and low power consumption.",
            "\tIn addition to its ferroelectric properties, bismuth ferrite also possesses a high dielectric constant and low leakage currents, making it an ideal material for improving the performance of nanochannels. The antiferromagnetic properties of bismuth ferrite enable the development of spintronic devices, which utilize the spin of electrons rather than their charge to perform computations. Spintronic devices have several advantages over traditional electronic devices, including lower power consumption, faster switching speeds, and increased data storage capacity. By incorporating bismuth ferrite nanoparticles into nanochannels, the proposed invention allows for the development of hybrid devices that combine the benefits of both electronic and spintronic technologies, paving the way for new paradigms in information processing and storage.",
            "\tThe piezoelectric properties of bismuth ferrite can also be harnessed to create sensors and actuators with high sensitivity and low energy consumption. When integrated into nanochannels, these nanoparticles can generate electrical signals in response to mechanical stimuli, enabling the development of ultra-sensitive sensors for detecting physical, chemical, or biological changes at the nanoscale. Such sensors could be used in a wide range of applications, from environmental monitoring and healthcare diagnostics to industrial process control and security systems. The ability to integrate sensing and actuating functions within a single nanoelectronic device also paves the way for the development of smart systems that can adapt and respond to their environment in real time.",
            "\tOne of the critical aspects of this invention is the method used for integrating bismuth ferrite nanoparticles into nanochannels. Traditional methods for fabricating nanochannels often involve high-temperature or high-pressure processes that can alter the properties of the materials being used or create undesirable interfacial effects. These effects, such as the formation of insulating layers or defects, can degrade the performance of nanoelectronic devices. The proposed invention overcomes these challenges by employing a low-temperature, solution-based process for the synthesis and integration of bismuth ferrite nanoparticles. This approach allows for the precise deposition and alignment of the nanoparticles within the nanochannels, ensuring optimal contact and interface characteristics that are critical for efficient charge transport and device operation. Moreover, the solution-based method minimizes the risk of damaging the nanoparticles or the underlying substrate, preserving the intrinsic properties of bismuth ferrite that contribute to improved device performance.",
            "\tThe proposed invention offers several advantages over conventional materials and methods used in nanochannel fabrication. First, it provides enhanced electrostatic control over charge carriers, leading to reduced leakage currents and improved signal modulation. This results in faster switching speeds and lower power consumption, which are essential for the development of next-generation transistors and other nanoelectronic components. Second, the multiferroic nature of bismuth ferrite allows for the simultaneous manipulation of electrical and magnetic states, enabling the creation of multifunctional devices that can perform both logic and memory operations. Such devices could revolutionize the design of integrated circuits, leading to greater computational power and efficiency.",
            "\tFurthermore, the solution-based method proposed for integrating bismuth ferrite nanoparticles into nanochannels is compatible with existing semiconductor fabrication processes. This compatibility makes it possible to incorporate the invention into current production lines without significant modifications, reducing costs and accelerating commercialization. The method is also environmentally friendly, as it does not require high temperatures, pressures, or toxic chemicals, making it suitable for large-scale production. By reducing the complexity and cost of fabrication while enhancing device performance, the proposed invention has the potential to significantly impact the nanoelectronics industry, enabling the development of smaller, faster, and more energy-efficient electronic devices.",
            "\tAnother key advantage of this invention is its potential to improve the performance of memory devices. Traditional memory technologies, such as dynamic random-access memory (DRAM) and flash memory, face several limitations, including charge retention issues, leakage currents, and data volatility. The unique properties of bismuth ferrite, particularly its high dielectric constant and stable ferroelectric polarization, can be utilized to create non-volatile memory elements that retain data without the need for a continuous power supply. These elements could significantly reduce power consumption in electronic devices, extending battery life and enabling the development of energy-efficient computing systems.",
            "\tThe proposed invention also holds promise for the development of advanced sensors and actuators. The piezoelectric properties of bismuth ferrite nanoparticles can be leveraged to create devices that generate electrical signals in response to mechanical stimuli. This capability enables the development of ultra-sensitive sensors that can detect a wide range of physical, chemical, and biological changes at the nanoscale. These sensors could be used in various applications, including environmental monitoring, healthcare diagnostics, industrial process control, and security systems. The ability to integrate sensing and actuating functions within a single nanoelectronic device also paves the way for the creation of smart systems that can adapt and respond to their environment in real time.",
            "\tIn addition to its functional advantages, the proposed invention offers significant benefits in terms of scalability and manufacturability. The solution-based methods proposed for integrating bismuth ferrite nanoparticles into nanochannels are compatible with existing semiconductor fabrication processes, enabling seamless incorporation into current production lines. Moreover, these methods are cost-effective and environmentally friendly, as they do not require high temperatures, pressures, or toxic chemicals. This makes the proposed invention particularly attractive for large-scale production of nanoelectronic devices, where cost and environmental impact are critical considerations. By reducing the complexity and cost of fabrication while enhancing device performance, the proposed system has the potential to accelerate the commercialization of advanced nanoelectronics technologies.",
            "\tThe enhanced performance of nanochannels incorporating bismuth ferrite nanoparticles can be further leveraged to develop a new generation of memory devices with higher density, speed, and reliability. Traditional memory devices, such as dynamic random-access memory (DRAM) and flash memory, are constrained by issues related to charge retention, leakage currents, and data volatility. The unique properties of bismuth ferrite, particularly its high dielectric constant and stable ferroelectric polarization, can be utilized to create non-volatile memory elements that retain data without the need for continuous power supply. Such elements could significantly reduce power consumption in electronic devices, extending battery life and enabling the development of energy-efficient computing systems.",
            "\tMoreover, the antiferromagnetic properties of bismuth ferrite can be exploited to develop spintronic devices, which use the spin of electrons, rather than their charge, to perform computations. Spintronic devices offer several advantages over traditional electronic devices, including lower power consumption, faster switching speeds, and increased data storage capacity. By incorporating bismuth ferrite nanoparticles into nanochannels, the proposed invention enables the development of hybrid devices that combine the benefits of both electronic and spintronic technologies, paving the way for new paradigms in information processing and storage.",
            "\tThe proposed invention aims to address the critical challenges facing current nanoelectronic technologies by utilizing the distinctive properties of bismuth ferrite (BiFeO\u2083) nanoparticles to enhance the functionality and efficiency of nanochannels. Nanochannels, being the essential conduits for electron transport in various electronic devices, require materials that can handle the complexities of nanoscale operations without sacrificing performance. Traditional materials like silicon and graphene, while instrumental in the early developments of nanoelectronics, are approaching their physical and operational limits, particularly in terms of scalability, speed, and energy efficiency. This invention's strategic use of bismuth ferrite nanoparticles directly addresses these limitations, offering a pathway toward the next generation of nanoelectronic devices that are more capable, multifunctional, and energy-efficient.",
            "\tBismuth ferrite nanoparticles bring a unique combination of multiferroic properties\u2014ferroelectricity, antiferromagnetism, and piezoelectricity\u2014together in a single material. These properties make bismuth ferrite an ideal candidate for nanochannel applications where multifunctionality is increasingly desirable. The ferroelectric characteristics of bismuth ferrite enable excellent electrostatic control over the charge carriers within the nanochannels, a key requirement for achieving high-speed switching and low power consumption in nanoelectronic devices. The ability to control electrical polarization at the nanoscale allows for more precise modulation of electronic signals, thereby enhancing the overall performance of devices such as field-effect transistors (FETs), which are fundamental components in modern integrated circuits.",
            "\tMoreover, the antiferromagnetic properties of bismuth ferrite add an additional dimension of functionality, enabling the development of spintronic devices. Spintronics, or spin-based electronics, represents a revolutionary approach to computing that leverages the spin state of electrons\u2014up or down\u2014instead of or in addition to their charge. Spintronic devices are particularly advantageous because they can operate with much lower power consumption and faster data processing speeds than conventional charge-based devices. Integrating bismuth ferrite nanoparticles into nanochannels facilitates the development of hybrid electronic-spintronic devices that can perform multiple functions simultaneously, such as logic processing and data storage. This hybrid approach could lead to a new class of multifunctional devices that combine the benefits of both traditional electronics and emerging spintronic technologies.",
            "\tThe piezoelectric properties of bismuth ferrite further expand the potential applications of the proposed invention. Piezoelectric materials generate an electrical response when subjected to mechanical stress, making them ideal for sensors and actuators. By incorporating bismuth ferrite nanoparticles into nanochannels, it is possible to develop ultra-sensitive sensors that can detect minute mechanical changes, chemical interactions, or biological processes at the nanoscale. These sensors could find applications in a wide range of fields, from healthcare, where they could be used for real-time monitoring of vital signs or disease markers, to environmental science, where they could detect pollutants or other hazardous substances with high sensitivity and specificity. The ability to integrate sensing and actuation functionalities into a single nanoelectronic device also enables the development of smart systems capable of real-time feedback and adaptation, which is critical for applications in robotics, autonomous vehicles, and advanced manufacturing.",
            "\tA major advantage of the proposed invention is its compatibility with existing semiconductor fabrication technologies. The low-temperature, solution-based methods developed for integrating bismuth ferrite nanoparticles into nanochannels ensure that the process can be seamlessly incorporated into current production lines. This compatibility minimizes the need for expensive and time-consuming modifications to existing manufacturing infrastructure, making it easier for the technology to be adopted on a large scale. The solution-based integration approach is also more cost-effective and environmentally friendly compared to traditional high-temperature or high-pressure methods, which often involve the use of hazardous chemicals and significant energy consumption. By reducing the environmental impact and production costs, the invention makes it feasible to produce advanced nanoelectronic devices at a commercially viable scale.",
            "\tAdditionally, the proposed invention holds significant promise for enhancing the performance of memory devices, which are a critical component of modern electronic systems. Traditional memory devices, such as dynamic random-access memory (DRAM) and flash memory, are increasingly constrained by limitations related to charge retention, leakage currents, and data volatility. These challenges are particularly acute in nanoscale devices, where maintaining data integrity and minimizing power consumption are paramount. The high dielectric constant and stable ferroelectric polarization of bismuth ferrite make it an excellent material for non-volatile memory applications, where data must be retained even when power is not being supplied. By incorporating bismuth ferrite nanoparticles into nanochannels, the invention enables the development of memory elements that can store data more densely, access it more quickly, and consume less power than traditional memory technologies. This capability is essential for the development of energy-efficient computing systems that can handle the growing demands of big data, artificial intelligence, and the Internet of Things (IoT).",
            "\tThe ability to develop high-performance, non-volatile memory elements using bismuth ferrite nanoparticles also opens up new possibilities for emerging memory technologies, such as resistive random-access memory (ReRAM), phase-change memory (PCM), and magnetic random-access memory (MRAM). These technologies are being explored as potential replacements for or complements to conventional memory types, offering advantages such as faster write and read speeds, lower power consumption, and greater endurance. By leveraging the unique properties of bismuth ferrite, the proposed invention provides a versatile platform that could be adapted to support a variety of advanced memory technologies, further broadening its potential impact in the field of nanoelectronics.",
            "\tFurthermore, the invention's potential for developing multifunctional devices with combined logic and memory capabilities could revolutionize the design of integrated circuits. Traditional computing architectures are based on a separation between processing (logic) and storage (memory) functions, which creates inefficiencies due to the constant need to transfer data between the two. By integrating both functions within a single device, the proposed invention could significantly reduce these inefficiencies, leading to faster processing speeds, lower power consumption, and reduced heat generation. This approach is particularly well-suited for applications that require real-time processing of large amounts of data, such as artificial intelligence, machine learning, and edge computing.",
            "\tThe integration of bismuth ferrite nanoparticles into nanochannels also enhances the scalability of nanoelectronic devices, making it possible to continue miniaturizing components without sacrificing performance. As device dimensions shrink, maintaining control over electronic properties becomes increasingly challenging due to quantum mechanical effects, thermal fluctuations, and other nanoscale phenomena. The unique properties of bismuth ferrite, including its high dielectric constant, low leakage currents, and multiferroic behavior, provide a robust solution to these challenges. By improving the control over charge carriers and minimizing leakage, the invention ensures that nanoelectronic devices can continue to operate effectively even as they are scaled down to smaller sizes. This capability is critical for extending Moore's Law and enabling the continued development of smaller, more powerful, and more energy-efficient electronic devices.",
            "\tMoreover, the invention's use of solution-based synthesis and integration methods enables a high degree of control over the size, shape, and crystallinity of the bismuth ferrite nanoparticles. This control is essential for optimizing their properties and ensuring consistent performance across different devices and applications. The ability to precisely tailor the nanoparticles' characteristics allows for the fine-tuning of device properties to meet specific requirements, such as maximizing sensitivity in sensors or minimizing power consumption in memory elements. This flexibility makes the proposed invention highly versatile, with the potential to be adapted for a wide range of nanoelectronic applications, from consumer electronics and medical devices to industrial automation and aerospace technologies.",
            "\tIn conclusion, the proposed invention represents a groundbreaking advancement in the field of nanoelectronics by introducing a novel approach to enhancing the performance of nanochannels through the incorporation of bismuth ferrite nanoparticles. By leveraging the unique combination of multiferroic, ferroelectric, and piezoelectric properties inherent to bismuth ferrite, the invention offers substantial improvements in terms of charge transport, signal modulation, multifunctionality, and scalability. The proposed solution-based integration method ensures compatibility with existing semiconductor fabrication processes, reducing costs and environmental impact while facilitating large-scale production. With its potential to improve the performance of transistors, memory devices, sensors, actuators, and multifunctional electronic components, this invention holds the promise of revolutionizing the design and functionality of nanoelectronic devices, paving the way for the development of smaller, faster, and more energy-efficient systems for a broad spectrum of applications. The proposed invention not only addresses the current challenges in the nanoelectronics industry but also lays the foundation for future innovations, driving progress in technologies that are crucial to our increasingly interconnected and data-driven world.",
            "\t, Claims:1.\tA nanoelectronic device comprising nanochannels enhanced with bismuth ferrite (BiFeO\u2083) nanoparticles to improve charge transport, reduce leakage currents, and enhance electrostatic control for faster switching and lower power consumption.",
            "\t2.\tThe device of claim 1, wherein the bismuth ferrite nanoparticles exhibit multiferroic properties, providing simultaneous ferroelectric, antiferromagnetic, and piezoelectric functionalities for multifunctional electronic applications.",
            "\t3.\tThe device of claims 1 and 2, wherein the nanochannels are fabricated using a solution-based method to ensure optimal integration of bismuth ferrite nanoparticles, preserving their intrinsic properties and enhancing device performance.",
            "\t4.\tA method for fabricating nanochannels comprising incorporating bismuth ferrite nanoparticles into the channels through a low-temperature, solution-based process to improve uniformity and control over nanochannel properties.",
            "\t5.\tThe method of claim 4, wherein the bismuth ferrite nanoparticles are synthesized with controlled size, shape, and crystallinity to optimize their ferroelectric, piezoelectric, and antiferromagnetic properties.",
            "\t6.\tThe device of claim 1, further comprising non-volatile memory elements that utilize the high dielectric constant and stable polarization of bismuth ferrite nanoparticles to retain data without continuous power supply.",
            "\t7.\tThe device of claim 1, wherein the nanochannels are integrated into hybrid electronic-spintronic devices, utilizing the antiferromagnetic properties of bismuth ferrite to enhance data processing and storage capabilities.",
            "\t8.\tA sensor device incorporating the nanoelectronic device of claim 1, wherein the piezoelectric properties of bismuth ferrite nanoparticles enable ultra-sensitive detection of mechanical, chemical, or biological changes.",
            "\t9.\tThe device of claims 1 and 8, wherein the integrated sensor provides real-time feedback and adaptation for applications in environmental monitoring, healthcare diagnostics, and industrial automation.",
            "\t10.\tThe device of claim 1, further comprising multifunctional integrated circuits that combine logic and memory operations, utilizing bismuth ferrite nanoparticles for reduced power consumption and faster data processing."
        ],
        "Inventors": [
            {
                "Name": "Dr. K. Tharini",
                "Address": "Associate Professor,\nDepartment of Chemistry,\nGovernment Arts College,\n(Affiliated to Bharathidasan University) Tiruchirappalli, Tamilnadu, India, Pincode: 620022",
                "Country": "India",
                "Nationality": "India"
            },
            {
                "Name": "Dr. Subash Chandra Sahu",
                "Address": "Assistant Professor & Head,\nDepartment of Chemistry,\nGovt. Women\u2019s College,\nSambalpur, Odisha, India,\nPincode: 768001",
                "Country": "India",
                "Nationality": "India"
            },
            {
                "Name": "Dr. Chandini Behera",
                "Address": "Assistant Professor,\nDepartment of Chemistry,\nVeer Surendra Sai University of Technology(VSSUT), \nBurla, Sambalpur, Odisha, India,\nPincode: 768018",
                "Country": "India",
                "Nationality": "India"
            },
            {
                "Name": "Dr. Nellore Manoj Kumar",
                "Address": "Independent Researcher, \nFounder & CEO, Infinite-Research Organization,\nB.O, 15-225, Gollapalem, \nVenkatagiri, Tirupati District, Andhra Pradesh, India, \nPincode: 524132",
                "Country": "India",
                "Nationality": "India"
            },
            {
                "Name": "Dr. Kavuluri Pushpalatha",
                "Address": "Assistant Professor,\nDepartment of Chemistry,\nUniversity College of Arts and Science, Krishna University,\nMachilipatnam, Andhra Pradesh, India, Pincode: 521 004",
                "Country": "India",
                "Nationality": "India"
            },
            {
                "Name": "Dr. Lakshmi Pavani D",
                "Address": "Assistant Professor,  \nDepartment of Physics,\nSIES Graduate School of Technology,\nNavi Mumbai, Maharashtra, India, \nPincode: 400706",
                "Country": "India",
                "Nationality": "India"
            },
            {
                "Name": "Dr. V. Swarnalatha",
                "Address": "Assistant Professor,\nDepartment of Chemistry,\nSt.Joseph\u2019s College of Engineering,\nChennai, Tamilnadu, India, \nPincode: 600119",
                "Country": "India",
                "Nationality": "India"
            },
            {
                "Name": "Dr. Raj Kumar Gupta",
                "Address": "Assistant Professor,\nPhysics Department,\nSardar Vallabhbhai Patel College, \nBhabua (VKSU,Ara),\nBhabua, Bihar, India, \nPincode: 821101",
                "Country": "India",
                "Nationality": "India"
            },
            {
                "Name": "Dr. K. Sundaresan",
                "Address": "Assistant Professor,\nDepartment of Chemistry,\nSt. Joseph\u2019s Institute of Technology,\nChennai, Tamilnadu, India, \nPincode: 600119",
                "Country": "India",
                "Nationality": "India"
            }
        ],
        "Applicants": [
            {
                "Name": "Dr. K. Tharini",
                "Address": "Associate Professor,\nDepartment of Chemistry,\nGovernment Arts College,\n(Affiliated to Bharathidasan University) Tiruchirappalli, Tamilnadu, India, Pincode: 620022",
                "Country": "India",
                "Nationality": "India"
            },
            {
                "Name": "Dr. Subash Chandra Sahu",
                "Address": "Assistant Professor & Head,\nDepartment of Chemistry,\nGovt. Women\u2019s College,\nSambalpur, Odisha, India,\nPincode: 768001",
                "Country": "India",
                "Nationality": "India"
            },
            {
                "Name": "Dr. Chandini Behera",
                "Address": "Assistant Professor,\nDepartment of Chemistry,\nVeer Surendra Sai University of Technology(VSSUT), \nBurla, Sambalpur, Odisha, India,\nPincode: 768018",
                "Country": "India",
                "Nationality": "India"
            },
            {
                "Name": "Dr. Nellore Manoj Kumar",
                "Address": "Independent Researcher, \nFounder & CEO, Infinite-Research Organization,\nB.O, 15-225, Gollapalem, \nVenkatagiri, Tirupati District, Andhra Pradesh, India, \nPincode: 524132",
                "Country": "India",
                "Nationality": "India"
            },
            {
                "Name": "Dr. Kavuluri Pushpalatha",
                "Address": "Assistant Professor,\nDepartment of Chemistry,\nUniversity College of Arts and Science, Krishna University,\nMachilipatnam, Andhra Pradesh, India, Pincode: 521 004",
                "Country": "India",
                "Nationality": "India"
            },
            {
                "Name": "Dr. Lakshmi Pavani D",
                "Address": "Assistant Professor,  \nDepartment of Physics,\nSIES Graduate School of Technology,\nNavi Mumbai, Maharashtra, India, \nPincode: 400706",
                "Country": "India",
                "Nationality": "India"
            },
            {
                "Name": "Dr. V. Swarnalatha",
                "Address": "Assistant Professor,\nDepartment of Chemistry,\nSt.Joseph\u2019s College of Engineering,\nChennai, Tamilnadu, India, \nPincode: 600119",
                "Country": "India",
                "Nationality": "India"
            },
            {
                "Name": "Dr. Raj Kumar Gupta",
                "Address": "Assistant Professor,\nPhysics Department,\nSardar Vallabhbhai Patel College, \nBhabua (VKSU,Ara),\nBhabua, Bihar, India, \nPincode: 821101",
                "Country": "India",
                "Nationality": "India"
            },
            {
                "Name": "Dr. K. Sundaresan",
                "Address": "Assistant Professor,\nDepartment of Chemistry,\nSt. Joseph\u2019s Institute of Technology,\nChennai, Tamilnadu, India, \nPincode: 600119",
                "Country": "India",
                "Nationality": "India"
            }
        ]
    }
}