{
    "202441067476": {
        "Invention Title": "NANOGEL FORMULATION OF LANTANA MONTEVIDENSIS EXTRACT-LOADED SILVER NANOPARTICLES FOR TOPICAL MANAGEMENT OF INFLAMMATION",
        "Publication Number": "37/2024",
        "Publication Date": "13/09/2024",
        "Publication Type": "INA",
        "Application Number": "202441067476",
        "Application Filing Date": "06/09/2024",
        "Priority Number": "",
        "Priority Country": "",
        "Priority Date": "",
        "Field Of Invention": "CHEMICAL",
        "Classification (IPC)": "A61K0009000000, A61K0047320000, A61K0009060000, A61P0029000000, A61K0047360000",
        "Abstract": "The present invention is related to the Lantana montevidensis loaded silver nanoparticle formulation in the form of nanogel for managing inflammation. In vitro release studies indicated a significant release of drug from the gel formulation suggesting the great potential of gel for the transdermal delivery of drug. In vivo release studies revealed that the nanogel formulation is more effective than standard gel in order to reduce the oedema and anti-inflammatory effects. The said nanogel depicts superior drug release, biocompatibility, and non-irritant nature that underscore its potential as a transformative topical application for inflammatory conditions",
        "Description": [
            "Description:FIELD OF THE INVENTION",
            "\t[001]\tThe present disclosure generally relates to the field of topical drug delivery systems utilizing herbal extracts. More specifically, it concerns a formulation of nanogel containing silver nanoparticles loaded with Lantana montevidensis extract for managing inflammation.",
            "BACKGROUND OF THE INVENTION",
            "\t[002]\tSkin inflammation is the result of the immune system's reaction to a variety of triggers, including UV light, irritants, and damage to the skin's barrier. It may be chronic and result in pathological conditions like arthritis, or it may be acute and occur in reaction to tissue damage. The majority of clinically significant medications are either steroidal or nonsteroidal anti-inflammatory drugs. Moreover, these drugs have a few serious side effects. Thus, the development of safe and efficient skin inflammation treatments remains a research challenge.",
            "\t[003]\t Nanotechnology in pharmaceuticals involves precise drug delivery and regulated release of therapeutic substances to optimize drug effectiveness while minimizing side effects. Nanotechnology offers promising solutions to traditional method utilized in inflammation therapy by enhances drug pharmacokinetics and reduces toxicity by selectively targeting and delivering anti-inflammatory medications to cells and tissues. Nanotechnology involving silver nanoparticles (AgNPs) emerges as potential candidates due to their potent antimicrobial and anti-inflammatory properties.",
            "\t[004]\t Although physical and chemical methods have long been used to synthesize silver nanoparticles, the biological products like herbal extract also play a crucial role in the synthesis of metal nanoparticles. Herbal can be considered as one of the most reliable sources of curing agents of diseases and many of those synthetic drugs are either directly or indirectly derived from them. Herbs and herbal products have promising anti-inflammatory activity based on recent studies. Herbal sources of anti-inflammatory agents are very much popular from the last few decades as they are relatively safer and much cheaper alternatives than synthetic drugs and are also mentioned in many folkloric medicines including the Indian, Korean and Chinese culture. Clinical practices worldwide are beginning to prioritize the use of herbal medications. Medicinal herbals with new sources of bioactive compounds show promise as anti-inflammatory agents.",
            "\t[005]\tLantana montevidensis, a medicinal herbal, has been traditionally employed in various ailments due to its rich phytochemical profile. Lantana montevidensis leaves showed, anti-pyretic, analgesic, antioxidant, antibacterial activities and also used to treat respiratory infections, rheumatism, wounds, asthma. It is credited with innumerable medicinal properties and is widely used by tribal people and other ayurvedic practitioners.",
            "\t[006]\tPrior art discloses the use of Lantana montevidensis extract for different activities. Barros LM et al in EXCLI journal. 2017; 16:566 discloses antioxidant activity of Lantana montevidensis leaves: Contribution to its phytochemical and pharmacological activity.",
            "\t[007]\tBrusini R, Varna M, Couvreur P. in Adv Drug Deliv Rev. 2020; 157:161-78 discloses Advanced nanomedicines for the treatment of inflammatory diseases. e. Targeting inflammation by using nanomedicines (i.e. nanoparticles loaded with a therapeutic active principle), either through the recognition of molecules overexpressed onto the surface of activated macrophages or endothelial cells, or through enhanced vasculature permeability, or even through biomimicry, offers a promising solution for the treatment of inflammatory diseases.",
            "\t[008]\tHowever, the prior art does not disclose the use of nanotechnology to enhance the anti-inflammatory activity of Lantana montevidensis extract. Accordingly, the inventors of the present invention have effectively addressed these limitations by developing a nanogel formulation of silver nanoparticles loaded with Lantana montevidensis extract for the topical management of inflammation",
            "SUMMARY OF THE INVENTION",
            "\t[009]\t The present invention is related to the herbal extract loaded Silver Nanoparticles for managing Inflammation. One aspect of the present invention involves incorporating an aqueous extract of Lantana montevidensis leaves into silver nanoparticles, which are then formulated into a nanogel for topical application using at least one gelling agent.",
            "\t[0010]\tIn another aspect, the invention describes the optimization of the Lantana montevidensis nanogel formulation by employing a Quality by Design (QbD) approach to determine the optimal conditions for independent and dependent variables. The QbD approach ensures that the resulting batch is simple, accurate, robust, and optimized. Batch F7 has been identified as the optimized formulation, and it has been further characterized and evaluated for various parameters, including pH, spreadability, viscosity, extrudability, particle size and zeta potential, in-vitro diffusion, in-vitro and in-vivo anti-inflammatory activity, and stability.",
            "\t[0011] in yet another aspect, the formulated nanogel (F7) loaded with silver nanoparticles (AgNPs) demonstrates stability at pH 7, optimal spreadability without grittiness, significant homogeneity, and an appropriate viscous appearance. The nanogel achieves a drug release rate of 92% at 6 hours and 95.36% at 8 hours, indicating sustained drug release. The proteinase inhibitory activity of the formulated nanogel (F7) increases proportionally with its concentration compared to a standard gel. During in-vivo evaluation using a carrageenan-induced acute edema model in rats, the formulated nanogel (F7) showed a significantly higher inhibitory effect, achieving 82.05% inhibition after 6 hours, compared to 74.35% inhibition by the standard gel.",
            "\t[0012] A further aspect of the present invention is that the incorporation of herbal extract-based silver nanoparticles into a nanogel formulation provides a greaseless, easily spreadable, non-staining, less hazardous, bio-friendly, transparent, and effective drug delivery system, offering advantages over conventional topical delivery methods.\"",
            "BRIEF DESCRIPTION OF THE DRAWINGS",
            "\tFIG 1: Illustrates Particle size and Zeta potential analysis of AgNPs",
            "\tFIG 2: Illustrates SEM analysis of AgNPs",
            "\tFIG 3: Illustrates EDAX analysis of AgNPs",
            "\tFIG 4: Illustrates Drug release of silver nanoparticle loaded gel",
            "\tFIG 5: Illustrates Drug release kinetics of optimised formulation (F7)",
            "\tFIG 6: Illustrates Proteinase inhibitory activity of Nanogel",
            "\tFIG 7: Illustrates Skin irritancy test result on rat (A) Day 1, (B) Day 14",
            "\tFIG 8: Illustrates Effect nanogel on rat paw edema induced by carrageenan",
            "DETAILED DESCRIPTION OF THE INVENTION",
            "\t[0011]\tThe embodiments are described in sufficient detail to clearly convey the disclosure. Though, the level of detail provided is not intended to restrict the potential variations of the embodiments. Instead, the intention is to encompass all modifications, equivalents, and alternatives that fall within the spirit and scope of the present disclosure, as defined by the appended claims.",
            "\t[0012]\tUnless the context requires otherwise, throughout the specification which follow, the word \u201ccomprise\u201d and variations thereof, such as, \u201ccomprises\u201d and \u201ccomprising\u201d are to be construed in an open, inclusive sense that is as \u201cincluding, but not limited to.\u201d",
            "\t[0013]\tThe present disclosure discloses a Lantana montevidensis loaded Silver Nanoparticles in the form of nanogel formulation for managing inflammation through topical application.",
            "\t[0014]\tLantana montevidensis is a small strongly scented flowering low shrub with oval-shaped green leaves. With support it has a climbing 'vine' form, when on edge a trailing form, and on the flat a groundcover form. The inflorescence is a circular head of several purple to lavender to white funnel-shaped flowers with lobed corollas each nearly a centimeter wide. Yellow-flowered montevidensis are a case of misidentification and most often relate to the \"New Gold\" Lantana hybrida, a hybrid between camara and montevidensis. In the present invention, the leaves sample of Lantana montevidensis was procured from local area of Sangli district, Maharashtra, India.",
            "\t[0015]\tThe present invention relates to a novel nanogel formulation designed for the effective management of inflammation through topical administration. This formulation incorporates silver nanoparticles (AgNPs) loaded with an extract of Lantana montevidensis; a plant known for its potent anti-inflammatory properties.",
            "\t[0016]\tComposition of the Nanogel Formulation, Active Ingredient: Lantana montevidensis Extract, the core component of the formulation is an aqueous extract derived from the leaves of Lantana montevidensis. This extract is known for its anti-inflammatory, antimicrobial, and antioxidant properties. The extraction process involves the use of water as a solvent to obtain a rich, concentrated extract containing bioactive compounds such as flavonoids, phenolics, and terpenoids.",
            "\t[0017]\tSilver Nanoparticles (AgNPs): The Lantana montevidensis extract is integrated with silver nanoparticles synthesized through a green synthesis method. Silver nanoparticles are selected for their well-documented antimicrobial and anti-inflammatory properties, which can enhance the therapeutic effects of the herbal extract. The silver nanoparticles are stabilized and loaded with the plant extract, which allows for controlled and sustained release at the site of application.",
            "\t[0018]\tNanogel Base: The nanogel formulation is created by dispersing the AgNPs loaded with Lantana montevidensis extract into a suitable gelling agent. The nanogel base is composed of a biocompatible polymer such as carbopol, hydroxypropyl methylcellulose (HPMC), or another suitable gelling agent that provides a smooth, non-greasy, and easily spreadable gel. The nanogel matrix ensures optimal viscosity, spreadability, and penetration of the active components through the skin.",
            "\t[0019]\tAdditional Excipients: The formulation may include additional excipients such as stabilizers, preservatives, penetration enhancers, and pH adjusters to ensure the stability, efficacy, and safety of the nanogel. These excipients are carefully selected to be compatible with both the active ingredients and the base polymer, ensuring that they do not interfere with the therapeutic properties of the nanogel.",
            "\t[0020]\tFormulation Process: The nanogel is prepared using a systematic process involving the following steps: Synthesis of Silver Nanoparticles: Silver nanoparticles are synthesized using a green synthesis method, where the aqueous Lantana montevidensis leaf extract acts as a reducing and stabilizing agent. The silver ions are reduced to form nanoparticles, and the bioactive compounds from the extract are adsorbed onto the surface of the nanoparticles, forming a stable colloidal suspension.",
            "\t[0021]\tIncorporation into Nanogel Base: The silver nanoparticle suspension is then carefully incorporated into a pre-dispersed nanogel base, under continuous stirring, to ensure uniform distribution of nanoparticles throughout the gel matrix. The concentration of silver nanoparticles is optimized to achieve maximum therapeutic effect without causing irritation or toxicity.",
            "\t[0022]\tOptimization of the Nanogel: The formulation is optimized using a Quality by Design (QbD) approach to determine the ideal composition and process parameters. The formulation is evaluated for parameters such as pH, viscosity, spreadability, particle size, zeta potential, in-vitro release, and stability to ensure a robust and effective product.",
            "\t[0023]\tTherapeutic Benefits and Mechanism of Action: Anti-Inflammatory Activity: The Lantana montevidensis loaded silver nanoparticles provide a dual mechanism for managing inflammation. The plant extract contains natural anti-inflammatory compounds that inhibit inflammatory mediators such as cytokines and enzymes (e.g., cyclooxygenase and lipoxygenase). Meanwhile, the silver nanoparticles enhance this effect by reducing oxidative stress and providing a localized antimicrobial action to prevent secondary infections.",
            "\t[0024]\tEnhanced Penetration and Sustained Release: The nanogel formulation offers enhanced skin penetration due to the nanoscale size of the silver particles, allowing for deeper delivery of the active ingredients to the inflamed tissue. The gel matrix also provides a sustained release profile, ensuring prolonged therapeutic action and reduced dosing frequency.",
            "\t[0025]\tImproved Patient Compliance: The nanogel is designed to be non-greasy, easily spreadable, transparent, and non-staining, making it more acceptable and user-friendly compared to conventional creams or ointments. This increases patient compliance and comfort, especially for long-term use.",
            "\t[0026]\tEvaluation and Characterization: The formulated nanogel has been extensively characterized and evaluated through both in-vitro and in-vivo studies: Physicochemical Parameters: The nanogel is evaluated for pH, viscosity, spreadability, extrudability, particle size, and zeta potential to ensure consistency and stability.",
            "\t[0027]\tIn-Vitro Diffusion Studies: These studies assess the release profile of the active compounds from the gel, confirming sustained release over an extended period. In-Vitro and In-Vivo Anti-Inflammatory Studies: The anti-inflammatory efficacy of the nanogel is demonstrated through in-vitro assays and in-vivo studies using a carrageenan-induced edema model in rats, showing significant inhibition of inflammation compared to standard treatments. Stability Studies: The formulation is subjected to stability testing under various conditions to ensure long-term stability and shelf-life.",
            "\t[0028]\tAdvantages over Conventional Formulations. This novel nanogel formulation offers several advantages over traditional topical drug delivery methods, including: Enhanced anti-inflammatory and antimicrobial efficacy due to the synergistic effects of silver nanoparticles and Lantana montevidensis extract. Improved skin penetration and sustained release for prolonged therapeutic action. A bio-friendly, non-toxic, and aesthetically pleasing formulation that enhances patient compliance.",
            "\t[0029]\tIn an embodiment of the present disclosure, a Lantana montevidensis loaded Silver Nanoparticles comprises of 5ml of aqueous leaves extract of Lantana montevidensis and 45 ml (1mM) of aqueous silver nitrate (AgNO3) solution.",
            "\t[0030]\tIn an embodiment of the present disclosure, the said nanogel comprises of 10% Lantana montevidensis loaded Silver Nanoparticles and 1% of atleast one gelling agent.",
            "\t[0031]\tIn an embodiment of the present disclosure, the preferred gelling agent in the said nanogel formulation is carbopol 934.",
            "\t[0032]\tIn another embodiment of the present disclosure, Lantana montevidensis loaded Silver Nanoparticles have been prepared by adopting green synthesis method. The said silver nanoparticles are further formulated to nano gel.",
            "\t[0033]\tIn another embodiment of the present disclosure, Silver nanoparticles (AgNPs) are synthesized using a green approach by mixing 1 mM silver nitrate solution with Lantana montevidensis aqueous extract in a 1:9 ratio.",
            "\t[0034]\tIn another embodiment of the present disclosure, the formulated Lantana montevidensis nanogel has been optimized wherein independent and dependent variables is carried out using QbD approach. The application of QbD was to obtain a result that is simple, accurate, robust, and optimised batch. F7 has been considered as optimized batch that has been further assessed for the characterization and evaluation of various parameters, including pH, spreadability, viscosity, Extrudability, Particle size and Zeta potential, In-vitro diffusion, in vitro anti-inflammatory studies, in vivo anti-inflammatory studies, and stability studies.",
            "\t[0035]\tIn an exemplary embodiment of the present disclosure, a method of preparing nanogel comprises;",
            "\tA.\tpreparing extract from aqueous leaves sample of Lantana montevidensis,",
            "\tB.\tsynthesizing silver nanoparticles using aqueous leaves sample extract of Lantana montevidensis,",
            "\tC.\tpreparing nanogel from Lantana montevidensis loaded Silver Nanoparticles by using 1% of carbopol 934 as gelling agent.",
            "\t[0036]\t In another embodiment of the present disclosure, the particle size of the formulated nanogel is 86.96 nm with moderate polydispersity of PDI 0.6068.",
            "\t[0037]\tIn another embodiment of the present disclosure, the formulated nanogel depicts 95.36% drug release after 8 hours.",
            "\t[0038]\tIn another embodiment of the present disclosure, the formulated nanogel shows stability at pH 7, optimum spreadability without grittiness along with significant homogeneity and viscous in physical appearance.",
            "\t[0039]\tIn another embodiment of the present disclosure, proteinase inhibitory activity of formulated nanogel increases as the concentration of the formulated nanogel increases when compared with standard gel.",
            "\t[0040]\tIn another embodiment of the present disclosure, the formulated nanogel during in-vivo evaluation using a carrageenan-induced acute edema model in rats, demonstrates a significantly higher inhibitory effect compared to the standard gel, achieving 82.05% inhibition after 6 hours, as compared to the standard gel that reached 74.35% inhibition.",
            "\t[0041]\tIn yet another embodiment of the present disclosure, the formulated nanogel have great potential for enhanced anti-inflammatory effects and hence this formulation can be used as a medicated gel for the transdermal potential",
            "\t[0042]\tIn yet another embodiment of the present disclosure, the formulated nanogel depicts superior drug release, biocompatibility, and non-irritant nature that underscore its potential as a transformative topical application for inflammatory conditions.",
            "\t[0043]\tIn yet another embodiment of the present disclosure, incorporating herbal extract-based silver nanoparticles to a nano gel formulation offers a greaseless, easily spreadable, non-staining, less hazardous, bio-friendly, transparent, and effective drug delivery system compared to conventional topical delivery methods.",
            "\t[0044]\tOther embodiments of the present disclosure will be apparent to those skilled in the art from consideration of the specification and practice of the disclosed embodiments. The following examples should be considered as exemplary only, with a true scope and spirit of the present disclosure being indicated by the claims.",
            "\tEXAMPLES:",
            "\tPreparation of Lantana montevidensis extract",
            "\tThe freshly collected Lantana Montevidensis leaves were washed with purified water and kept for drying under shade for 7 days. The dried leaves were powdered using grinder mixer. The aqueous extract was prepared using 10 gram of powder dissolved in 100 ml of distilled water & subjected for heating on digital magnetic stirrer (HLS 200 BOOSIL) at 80\u00b0C for 1 hour. Extract mixture was filtered through muslin cloth and stored in glass bottle at 4\u00b0C for further studies.",
            "\tGreen Synthesis of silver nanoparticles (AgNPs)\u201d:",
            "\tOne millimolar (1mM) silver nitrate solution was prepared by dissolving 16.9mg silver nitrate in 100 ml of distilled water. For synthesis of AgNPs, 5ml Lantana Montevidenis aqueous extract was mixed with 45ml silver nitrate (1mM) solution (1:9 ratio) in 100ml round bottom flask. The prepared solution was subjected for incubation on water bath using digital magnetic stirrer (HLS 200 BOOSIL)  at 1000C at 1000 rpm for 2hrs. Reduction of silver nitrate to silver ions was confirmed by the colour change from orange to brown. Further prepared Lantana Montevidenis AgNPs was purified using refrigerated high-speed centrifuge (Kubota 7000) at 20000 rpm, 4\u00b0C for 20 minutes. After completion of centrifugation, supernatant was discarded, settled AgNPs were collected and stored at 4\u00b0C.",
            "\tThe completion of silver nanoparticle\u2019s reaction was confirmed by UV-Visible spectrophotometer (Shimadzu-UV 1800) and scanning the absorbance spectra in 200-800 nm range of wavelength. The sharp peak observed at 430nm verified a presence of AgNPs in the solution.",
            "\tPreparation of Nanogel formulation",
            "\tPre-optimized silver nanoparticles were homogeneously incorporated into the gel base by dispersing it with different concentration of carbopol 940 gel matrix (0.2-1.7%) using DOE approach. Carbopol 940 mixture was hydrated overnight and subsequently neutralized using different concentration (0.1-0.6 ml) of triethanolamine (TEA) to form various gel formulations. All the above formulations were assessed for Physico-chemical parameter and the optimized batch was obtained using DOE. The resulting transparent optimized gel was packaged in glass containers and stored under ambient conditions.",
            "\tExperimental Design",
            "\tA Central Composite Design (CCD) was implemented using Design Expert software (v.13.0.3.0, Stat-Ease Inc.) to optimize the nanogel formulation. The effects of Carbopol 940 (X1) and TEA (X2) on viscosity, pH, and spreadability were investigated. Experimental design parameters, including coded levels and experimental runs, are outlined in Table 1, while the resulting formulations are detailed in Table 2. ANOVA was employed to analyse the significance of the developed model.",
            "\tTable 1: Selection of independent variables",
            "\tCoded values level\tIndependent variables",
            "\tX1 = Carbopol 940\tX2 = Triethanolamine",
            "\t-1\t0.5\t0.2",
            "\t0\t1\t0.4",
            "\t+1\t1.5\t0.6",
            "\tTable 2: Formulation of Nanogel",
            "\tFormulation\tCarbopol 940 (%)\tTriethanolamine (TEA) (ml)",
            "\tF1\t1.5\t0.6",
            "\tF2\t0.2\t0.4",
            "\tF3\t0.5\t0.2",
            "\tF4\t0.5\t0.6",
            "\tF5\t1\t0.6",
            "\tF6\t1.5\t0.2",
            "\tF7\t1\t0.4",
            "\tF8\t1\t0.1",
            "\tF9\t1.7\t0.4",
            "\tOptimisation of Formulation:",
            "\tA central composite design (CCD) was employed to identify optimal experimental conditions. The selected independent variables and their levels are detailed in Table 1. Nine experimental runs were conducted based on the CCD, and the resulting data are summarized in Table 3. This experimental approach facilitated the establishment of relationships between independent and dependent variables, ultimately leading to the optimization of the formulation.",
            "\tTable 3: Composition and characteristics of formulations",
            "\tFormulation code\tX1 =",
            "\tCarbopol 940\tX2 = Triethanolamine\tY1 = Viscosity\tY2 = pH\tY3 = Spreadability",
            "\tF1\t1.5\t0.6\t11690\t7.68\t3.2",
            "\tF2\t0.29\t0.4\t5860\t6.96\t7.6",
            "\tF3\t0.5\t0.2\t8246\t6.76\t5.2",
            "\tF4\t0.5\t0.6\t9270\t7.85\t4.86",
            "\tF5\t1\t0.68\t10870\t7.56\t4.42",
            "\tF6\t1.5\t0.2\t11670\t6.58\t3.7",
            "\tF7\t1\t0.4\t10080\t7.01\t4.2",
            "\tF8\t1\t0.11\t9860\t5.96\t4.6",
            "\tF9\t1.70\t0.4\t12760\t7.1\t2.86",
            "\tEvaluation of Nanogel formulation",
            "\tParticle size and Zeta potential",
            "\tAverage particle size of 86.96 nm with moderate polydispersity (PDI 0.6068) and a zeta potential of -27.11 mV \u00b1 12.13 mV, indicating reasonable colloidal stability as indicated in Figure 1.",
            "\tSEM-EDAX analysis",
            "\tSEM analysis of synthesised AgNPs confirmed that the particles were spherical in shape, with particle sizes ranging from 70 to 115 nm as indicated in Figure 2. Figure 3 illustrates the EDAX spectrum of synthesized AgNPs. The EDAX profile shows a high silver percentage of 86% which could be due to bio-compounds linked to the surface of silver nanoparticles.",
            "\tNanogel Evaluations",
            "\tThe nanogel formulation was evaluated, and the results of the parameters mentioned are shown in Table 4. The results in terms of pH, viscosity, spreadability, appearance, extrudability, net content and grittiness indicate the suitability of the gel for its topical application.",
            "\tTable 4:  Evaluation parameters of nano gel",
            "\tFormulation code\tViscosity (CPS)\tpH\tSpredability (g.cm/s)\tNet content % w/w\tExtrudability\tPhysical appearance\tGrittiness",
            "\tF1\t11690\t7.68\t3.2\t99.1\tGood\tBrownish, smooth, homogenous, translucent\tNo",
            "\tF2\t5860\t6.96\t7.6\t99.9\tExcellent\tBrownish, smooth, homogenous, translucent",
            "\tF3\t8246\t6.76\t5.2\t98.5\tGood\tBrownish, smooth, homogenous, translucent",
            "\tF4\t9270\t7.85\t4.86\t101\tExcellent\tBrownish, smooth, homogenous, translucent",
            "\tF5\t10870\t7.56\t4.42\t100\tGood\tBrownish, smooth, homogenous, translucent",
            "\tF6\t11670\t6.58\t3.7\t100\tExcellent\tBrownish, smooth, homogenous, translucent",
            "\tF7\t10080\t7.01\t4.2\t101\tExcellent\tBrownish, smooth, homogenous, translucent",
            "\tF8\t9860\t5.96\t4.6\t100\tExcellent\tBrownish, smooth, homogenous, translucent",
            "\tF9\t12760\t7.1\t2.86\t99.9\tExcellent\tBrownish, smooth, homogenous, translucent",
            "\tStability study of Nanogel",
            "\tThe stability study of gel was performed at different temperature condition 4 \u00b1 2o C, 25\u00b1 2o C and 40 \u00b1 2o C for 3 months. The physical appearance, viscosity, pH, drug content of gel was evaluated after 1 day, 15 day, 1, 2 and 3 months of storage. There were on significant change observed in physical appearance of gel over 3 months at any temperature condition",
            "\tIn-Vitro drug release",
            "\tThe gel exhibited a biphasic release profile, characterized by a rapid initial burst phase, releasing 52.36% of the drug within the first 3 hours. Subsequently, a sustained release phase ensued, reaching cumulative releases of 92% at 6 hours (Figure 4). This combined release pattern is advantageous for drug delivery applications requiring both an immediate therapeutic effect and prolonged drug exposure.",
            "\tIn-Vitro Diffusion Studies",
            "\tIn-vitro diffusion study for nanogel was evaluated using Franz diffusion method. After 8 h, the percentage drug release of optimized gel was 95.36%. The drug release kinetics for an optimised formulation F7 was evaluated by fitting the drug release data with zero-order, first-order, the Higuchi model and Korsmeyers\u2013Peppa\u2019s models (Figure 5). The results of drug release kinetics are included in Figure 8. Among the different models studied, the R2 value was obtained highest for the zero-order model and Higuchi model. Hence, the gel formulation followed Zero-order kinetics by Higuchi mechanism.",
            "\tIn-Vitro Anti-inflammatory activity of nanogel",
            "\tProteinase Inhibitory Activity",
            "\tThe proteinase inhibitory activity of the synthesized silver nanoparticles was assessed using a modified method adapted from Gunathilake et al. A reaction mixture (2 mL) containing 0.06 mg trypsin, 1 mL of 20 mM Tris-HCl buffer (pH 7.4), and 1 mL various concentration of AgNPs solution was incubated at 37\u00b0C for 5 minutes. Subsequently, 1 mL of 0.8% (w/v) casein was added, and the mixture was incubated for an additional 20 minutes. The reaction was terminated by adding 2 mL of 70% perchloric acid. After centrifugation, the supernatant's absorbance was measured at 210 nm against a buffer blank. Phosphate buffer served as the control. The percentage inhibition of protein denaturation was calculated by using the following formula:",
            "\t% Inhibition of denaturation = 100 * (1 - A2/A1)",
            "\tA1 = absorption of the control sample, and A2 = absorption of the test sample.",
            "\tProteinase inhibitory activity of nanogel is shown in Figure 6, and the inhibition levels were within the range of 40-94 %. Nanogel have shown greater proteinase inhibition compared with standard gel",
            "\tIn-vivo Anti-inflammatory activity of nanogel",
            "\tExperimental Animals",
            "\tMale Wistar albino rats (180-220 g) were procured from Vyas Labs (Hyderabad, India). Animals were housed in a controlled environmental condition with temperature (24 \u00b1 1\u00b0C), humidity (45-50%), and a 12-hour light/dark cycle. A standard pellet chow diet and water were provided ad libitum. Rats were acclimatized for 7 days prior to experimentation. All experimental procedures were approved by the Institutional Animal Ethics Committee (Reg. No. 221/Po/Re/S/2002/CPCSEA) and adhered to strict ethical guidelines.",
            "\tAcute Toxicity Study (Skin irritation test)",
            "\tA skin irritation study was conducted in accordance with OECD guideline 404. Six male Wistar rats (250-300 g) were randomly divided into a test group (n=3) and a control group (n=3). After dorsal hair was removed and a 24-hour recovery period, the test group received a topical application of the nanogel, while the control group received a placebo. Animals were closely monitored for signs of edema and erythema at 1, 24, and 48 hours, as well as on days 7 and 14 post-application. Skin irritation was assessed using the Draize scoring system.",
            "\tFigure 7 presents a visual assessment of the skin irritation potential of the prepared nanogel and placebo gel formulations. No signs of erythema or edema were observed in either the nanogel (Group I) or placebo (Group II) groups throughout the 14-day observation period, as determined by Draize scoring. Detailed results are summarized in the accompanying table.",
            "\tTable 5: Skin irritancy test result for 14 days",
            "\tAverage Draize scoring (n=6)",
            "\tErythema\tEdema\t\tMean",
            "\tFormulation\t1 h\t24 h\t48 h\t7 day\t14 day\t1 h\t24 h\t48 h\t7 day\t14 day",
            "\tGroup I (Nanogel)\t0\t0\t0\t0\t0\t0\t0\t0\t0\t0\t0",
            "\tGroup II",
            "\t(Placebo Gel)\t0\t0\t0\t0\t0\t0\t0\t0\t0\t0\t0",
            "\tCarrageenan-induced rat paw edema method",
            "\tThe anti-inflammatory properties of silver nanoparticles were assessed using a carrageenan-induced rat paw edema model, as described by Winter et al. The animals were randomly divided into six groups (n=6) for the study. Group details are outlined in Table 6.",
            "\tTable 6: Animal grouping for Carrageenan induced model",
            "\tSl\tGroup\tAdministered dose",
            "\t1\tNormal\tFood + water",
            "\t2\tDisease \t0.1 mL carrageenan solution only",
            "\t3\tControl \t0.1 mL carrageenan solution + Placebo Gel (without nanoparticle)",
            "\t4\tStandard Gel\t0.1 mL carrageenan solution + Std. Marketed Gel",
            "\t5\tTreatment group \t0.1 mL carrageenan solution + Nanogel",
            "\tA standardized volume of 0.1 mL of carrageenan solution was administered subcutaneously into the right hind paw of each experimental rat. Control gel, Standard gel and treatment gel was applied to respective rats and paw edema was quantified by measuring paw volume at baseline and at 30-minute intervals for a duration of six hours post-injection using a water plethymometer (Milton plethymometer PTM-xNBS). The percentage inhibition of edema was calculated relative to the control group based on Equation 2. [11]",
            "\t% inhibition of edema = 100(1-Vt/Vc)",
            "\tThe anti-inflammatory efficacy of the silver nanoparticle-loaded gel was evaluated using a carrageenan-induced acute edema model in rats. Control group and placebo gel group animals exhibited a progressive increase in paw edema, reaching a peak at five hours post-carrageenan injection. The nanogel demonstrated a significantly higher inhibitory effect compared to the standard gel, achieving 82.05% inhibition after 6 hours, while the standard gel only reached 74.35% inhibition. This suggests that the nanogel formulation is more effective in inhibiting the target process or substance, potentially due to factors such as enhanced drug delivery, improved biocompatibility, or optimized release kinetics. Detailed results are presented in Table 7 and Figure 8.",
            "\tTable 7:  Effect nanogel on rat paw edema induced by carrageenan",
            "\tTreatment\tEdema (    v in mL)",
            "\t30 min\t1 h\t2 h\t3 h\t4 h\t5 h\t6 h",
            "\tNormal\t-\t-\t-\t-\t-\t-\t-",
            "\tDisease Control\t0.22 \u00b1 0.06\t0.26\u00b1 0.02\t0.28\u00b1 0.03\t0.30\u00b1 0.02\t0.34\u00b10.04\t0.38\u00b10.01\t0.39\u00b10.01",
            "\tStd.Gel\t0.18\u00b10.02\t0.17\u00b1 0.03\t0.16\u00b10.03\t0.14\u00b10.01\t0.13\u00b10.01\t0.12\u00b10.01\t0.10\u00b1 0.02",
            "\tPlacebo gel\t0.22\u00b10.01\t0.27\u00b10.01\t0.29\u00b10.02\t0.30\u00b10.02\t0.33\u00b10.03\t0.38\u00b10.01\t0.39\u00b1 0.01",
            "\tAgNPs Gel\t0.17\u00b10.01\t0.15\u00b10.01\t0.14\u00b10.01\t0.12\u00b10.01\t0.11\u00b10.03\t0.09\u00b10.02\t0.07\u00b10.01",
            "\t, Claims:A nanogel formulation for topical application, comprising; silver nanoparticles (AgNPs) loaded with an aqueous extract of Lantana montevidensis leaves; and a biocompatible gelling agent, wherein the silver nanoparticles are synthesized using a green synthesis method with the Lantana montevidensis extract acting as both a reducing and stabilizing agent, and wherein the formulation is effective in managing inflammation.",
            "\t2. The nanogel formulation as claimed in claims 1, wherein the biocompatible gelling agent is selected from the group consisting of carbopol, hydroxypropyl methylcellulose (HPMC), and combinations thereof.",
            "\t3. The nanogel formulation as claimed in claims 1, wherein the silver nanoparticles are present in a concentration ranging from 0.01% to 5% by weight of the total formulation.",
            "\t4. The nanogel formulation as claimed in claims 1, wherein the Lantana montevidensis extract is present in a concentration ranging from 0.1% to 10% by weight of the total formulation.",
            "\t5. The nanogel formulation as claimed in claims 1, comprising one or more excipients selected from the group consisting of stabilizers, preservatives, penetration enhancers, pH adjusters, and combinations thereof.",
            "\t6. The nanogel formulation as claimed in claims 1, wherein the silver nanoparticles have an average particle size ranging from 10 nm to 100 nm.",
            "\t7. The nanogel formulation as claimed in claims 1, wherein the formulation demonstrates a drug release rate of at least 92% at 6 hours and at least 95% at 8 hours.",
            "\t8. The nanogel formulation as claimed in claims 1, wherein the formulation is characterized by properties including a pH of approximately 7, optimal spreadability without grittiness, significant homogeneity, and viscous consistency.",
            "\t9. The nanogel formulation as claimed in claims 1, wherein the formulation demonstrates an anti-inflammatory effect of at least 82% inhibition after 6 hours in an in-vivo carrageenan-induced acute edema model in rats, compared to a standard gel showing 74% inhibition, and is characterized by properties including a pH of approximately 7, optimal spreadability without grittiness, significant homogeneity, and viscous consistency.",
            "\t10. A process for preparing a nanogel formulation for managing inflammation, comprising;",
            "\ta. synthesizing silver nanoparticles using a green synthesis method with an aqueous extract of Lantana montevidensis leaves;",
            "\tb. dispersing the silver nanoparticles into a biocompatible gelling agent to form a nanogel base; and",
            "\tc. optimizing the formulation parameters using a Quality by Design (QbD) approach to ensure stability, efficacy, and safety."
        ],
        "Inventors": [
            {
                "Name": "Dr. Preeti Salve",
                "Address": "Department of Pharmaceutical Chemistry, KLE College of Pharmacy, Nehru Nagar, Belagavi 590010 Karnataka, India",
                "Country": "India",
                "Nationality": "India"
            },
            {
                "Name": "Mr. Sourabh Malabade",
                "Address": "Department of Pharmaceutical Chemistry, KLE College of Pharmacy, Nehru Nagar, Belagavi 590010 Karnataka, India",
                "Country": "India",
                "Nationality": "India"
            },
            {
                "Name": "Mr. Pranay Suresh Shirke",
                "Address": "Department of Pharmaceutical Chemistry, KLE College of Pharmacy, Nehru Nagar, Belagavi 590010 Karnataka, India",
                "Country": "India",
                "Nationality": "India"
            }
        ],
        "Applicants": [
            {
                "Name": "Dr. Preeti Salve",
                "Address": "Department of Pharmaceutical Chemistry, KLE College of Pharmacy, Nehru Nagar, Belagavi 590010 Karnataka, India",
                "Country": "India",
                "Nationality": "India"
            },
            {
                "Name": "Mr. Sourabh Malabade",
                "Address": "Department of Pharmaceutical Chemistry, KLE College of Pharmacy, Nehru Nagar, Belagavi 590010 Karnataka, India",
                "Country": "India",
                "Nationality": "India"
            },
            {
                "Name": "Mr. Pranay Suresh Shirke",
                "Address": "Department of Pharmaceutical Chemistry, KLE College of Pharmacy, Nehru Nagar, Belagavi 590010 Karnataka, India",
                "Country": "India",
                "Nationality": "India"
            }
        ]
    }
}