{
    "202441069131": {
        "Invention Title": "Encrypted Federated Learning Framework for Collaborative Model Training with Privacy Guarantees",
        "Publication Number": "38/2024",
        "Publication Date": "20/09/2024",
        "Publication Type": "INA",
        "Application Number": "202441069131",
        "Application Filing Date": "12/09/2024",
        "Priority Number": "",
        "Priority Country": "",
        "Priority Date": "",
        "Field Of Invention": "BIO-CHEMISTRY",
        "Classification (IPC)": "A61P0015000000, H01M0008100000, A61P0011000000, A24F0040465000, G02F0001136800",
        "Abstract": "Encrypted Federated Learning Framework for Collaborative Model Training with Privacy Guarantees\nAbstract:\t\nThe present invention discloses an encrypted federated learning framework that enables privacy-preserving collaborative machine learning across multiple parties. The system comprises participant nodes, each with local datasets, a coordination server, and a secure aggregation module. Utilizing homomorphic encryption and secure multi-party computation, the framework allows participants to jointly train machine learning models without sharing raw data. Local model updates are encrypted before transmission, and a decentralized aggregation process ensures that no single entity can access unencrypted data or updates. The system incorporates differential privacy mechanisms to prevent inference attacks and provides verifiable privacy guarantees. This invention addresses critical challenges in data privacy and secure collaboration, particularly in sensitive domains such as healthcare and finance. It enables organizations to leverage collective data insights while maintaining strict confidentiality, fostering new opportunities for privacy-preserving artificial intelligence applications.",
        "Description": [
            "Description:Encrypted Federated Learning Framework for Collaborative Model Training with Privacy Guarantees",
            "\tField of Invention:",
            "\tThe present invention generally relates to the field of machine learning and data privacy. More specifically, the invention pertains to distributed machine learning systems and methods that enable collaborative model training while preserving the privacy and confidentiality of participants' data.",
            "Background of the Invention",
            "\tThe rapid advancement of machine learning and artificial intelligence has led to unprecedented opportunities for data-driven insights and decision-making across various industries. However, the effectiveness of machine learning models often depends on the quantity and quality of training data available. In many scenarios, valuable data is distributed across multiple parties or organizations, each possessing only a fraction of the potentially useful information.",
            "\tTraditional Approaches and Their Limitations",
            "\tTraditionally, to leverage data from multiple sources, organizations would need to centralize the data in a single location for analysis. This approach presents several significant challenges:",
            "\t1.\tPrivacy Concerns: Centralization of sensitive data raises substantial privacy issues, potentially exposing individuals' personal information or organizations' confidential data.",
            "\t2.\tRegulatory Constraints: Many industries, such as healthcare and finance, are subject to strict data protection regulations (e.g., HIPAA, GDPR) that limit or prohibit the sharing of raw data.",
            "\t3.\tCompetitive Considerations: In many cases, organizations are unwilling to share their proprietary data with competitors or third parties due to its strategic value.",
            "\t4.\tData Transfer and Storage Costs: Centralizing large datasets can incur significant costs related to data transfer, storage, and security infrastructure.",
            "\tThe Emergence of Federated Learning",
            "\tTo address these challenges, federated learning emerged as a promising approach. Federated learning allows multiple parties to collaboratively train a machine learning model without sharing their raw data. Instead, each party trains the model locally on their own data and only shares model updates or gradients.",
            "\tWhile federated learning represented a significant step forward, it still has limitations:",
            "\t1.\tPrivacy Vulnerabilities: Although raw data is not shared, model updates can potentially leak information about the underlying training data through various inference attacks.",
            "\t2.\tTrust Requirements: Many federated learning systems rely on a central server to aggregate model updates, introducing a potential single point of failure and requiring trust in the central authority.",
            "\t3.\tCommunication Overhead: Frequent exchange of model updates can result in substantial communication costs, especially for large models or when many parties are involved.",
            "\tNeed for Enhanced Privacy Guarantees",
            "\tAs the importance of data-driven decision making grows, so does the need for more robust privacy-preserving machine learning techniques. There is an increasing demand for systems that can:",
            "\t1.\tProvide provable privacy guarantees throughout the learning process.",
            "\t2.\tEliminate the need for trust in any central authority.",
            "\t3.\tProtect against sophisticated inference attacks that might compromise data privacy.",
            "\t4.\tEnable collaboration even among parties with strict data confidentiality requirements.",
            "\tThe present invention addresses these needs by introducing an encrypted federated learning framework that leverages advanced cryptographic techniques to ensure data privacy and confidentiality throughout the collaborative learning process.",
            "\tNeed for Innovation",
            "\tThe limitations of existing approaches to collaborative machine learning, including traditional federated learning, have created a critical need for innovation in privacy-preserving distributed learning techniques. This need is driven by several key factors:",
            "\t1. Escalating Privacy Concerns and Regulatory Pressures",
            "\tAs data breaches and privacy scandals continue to make headlines, public awareness and concern about data privacy have reached unprecedented levels. This has led to:",
            "\t\u2022\tStricter data protection regulations worldwide (e.g., GDPR, CCPA, PIPEDA)",
            "\t\u2022\tIncreased scrutiny of data handling practices by regulatory bodies",
            "\t\u2022\tGrowing consumer demand for transparency and control over personal data",
            "\tThese factors create an urgent need for learning systems that can provide ironclad privacy guarantees, going beyond the basic protections offered by current federated learning approaches.",
            "\t2. Untapped Potential of Cross-Organizational Collaboration",
            "\tMany of the most pressing challenges in fields such as healthcare, climate science, and financial risk assessment require insights derived from diverse, multi-party datasets. However, the sensitive nature of these data often prevents effective collaboration. There is a critical need for:",
            "\t\u2022\tSecure methods to leverage collective data without compromising individual privacy",
            "\t\u2022\tTechniques that enable collaboration even among competing organizations",
            "\t\u2022\tSystems that can navigate complex regulatory landscapes across different jurisdictions",
            "\t3. Advances in Privacy-Attacking Techniques",
            "\tAs machine learning techniques have advanced, so too have methods for compromising privacy in distributed learning systems. Recent research has demonstrated that:",
            "\t\u2022\tModel inversion attacks can reconstruct training data from model parameters",
            "\t\u2022\tMembership inference attacks can determine if specific data was used in training",
            "\t\u2022\tProperty inference attacks can extract sensitive attributes of the training data",
            "\tThese evolving threats necessitate more robust privacy-preserving techniques that can withstand sophisticated attacks.",
            "\t4. Limitations of Existing Federated Learning Systems",
            "\tWhile federated learning has made significant strides in enabling privacy-preserving collaborative learning, several limitations hinder its wider adoption:",
            "\t\u2022\tReliance on a trusted central server for aggregation, introducing a single point of failure",
            "\t\u2022\tPotential for information leakage through model updates",
            "\t\u2022\tChallenges in ensuring fairness and preventing poisoning attacks in a distributed setting",
            "\t\u2022\tDifficulties in auditing and ensuring compliance with privacy regulations",
            "\t5. Need for Flexible and Scalable Solutions",
            "\tAs the potential applications for privacy-preserving machine learning expand, there is a growing need for solutions that are:",
            "\t\u2022\tScalable to large numbers of participants and massive datasets",
            "\t\u2022\tAdaptable to various machine learning models and architectures",
            "\t\u2022\tEfficient in terms of computation and communication costs",
            "\t\u2022\tCompatible with existing IT infrastructure and workflows",
            "\t6. Demand for Verifiable Privacy Guarantees",
            "\tOrganizations are increasingly seeking solutions that not only claim to preserve privacy but can provide mathematical proofs or formal guarantees of their privacy-preserving properties. This is particularly crucial for:",
            "\t\u2022\tHighly regulated industries like healthcare and finance",
            "\t\u2022\tInternational collaborations subject to varying privacy laws",
            "\t\u2022\tBuilding trust among participants in multi-party learning scenarios",
            "\tIn light of these pressing needs, there is a clear and urgent demand for innovative approaches that can address the limitations of current systems while providing strong, verifiable privacy guarantees. The present invention, an encrypted federated learning framework, aims to meet these critical needs and unlock the full potential of privacy-preserving collaborative machine learning.",
            "Summary of the Invention",
            "\tThe present invention provides an encrypted federated learning framework that enables privacy-preserving collaborative model training. This innovative system addresses the limitations of existing approaches by incorporating advanced cryptographic techniques into the federated learning process, ensuring data privacy and confidentiality throughout.",
            "\tKey Features of the Invention",
            "\t1.\tHomomorphic Encryption of Local Data and Model Updates",
            "\to\tUtilizes lattice-based homomorphic encryption to allow computations on encrypted data",
            "\to\tEnables participants to contribute to the global model without revealing their raw data or model updates",
            "\t2.\tSecure Aggregation using Multi-Party Computation (MPC)",
            "\to\tEmploys MPC protocols to aggregate encrypted model updates from all participants",
            "\to\tEliminates the need for a trusted central server, enhancing security and decentralization",
            "\t3.\tDifferential Privacy Mechanisms",
            "\to\tIncorporates differential privacy techniques to add calibrated noise to model updates",
            "\to\tPrevents inference attacks while maintaining model utility",
            "\t4.\tDecentralized Architecture",
            "\to\tImplements a fully decentralized system with no single point of failure",
            "\to\tEnhances trust and resilience in the collaborative learning process",
            "\t5.\tVerifiable Privacy Guarantees",
            "\to\tProvides mathematical proofs of privacy preservation based on cryptographic principles",
            "\to\tEnables auditing and compliance with stringent data protection regulations",
            "\t6.\tAdaptive Security Levels",
            "\to\tAllows participants to adjust encryption parameters based on their specific privacy requirements",
            "\to\tBalances privacy, computational efficiency, and model performance",
            "\t7.\tCompatibility with Various ML Models",
            "\to\tSupports a wide range of machine learning algorithms and model architectures",
            "\to\tEnables privacy-preserving training of deep neural networks, decision trees, and other complex models",
            "\tAdvantages of the Invention",
            "\t1.\tEnhanced Privacy Protection: By keeping data encrypted throughout the training process, the invention provides significantly stronger privacy guarantees compared to standard federated learning approaches.",
            "\t2.\tEnabling New Collaborations: The robust privacy protections allow organizations to collaborate on sensitive data analysis projects that were previously infeasible due to privacy concerns.",
            "\t3.\tRegulatory Compliance: The verifiable privacy guarantees and decentralized architecture facilitate compliance with strict data protection regulations across various jurisdictions.",
            "\t4.\tImproved Model Quality: By enabling secure collaboration among a larger and more diverse set of participants, the invention can lead to more accurate and generalizable machine learning models.",
            "\t5.\tReduced Risk of Data Breaches: The decentralized, encrypted nature of the system minimizes the risk and potential impact of data breaches.",
            "\t6.\tFlexibility and Scalability: The framework is designed to scale efficiently to large numbers of participants and adapt to various use cases and data types.",
            "\t7.\tTrust Minimization: By eliminating the need for a trusted central authority, the invention reduces barriers to adoption and enhances participant confidence.",
            "\tThis encrypted federated learning framework represents a significant advancement in privacy-preserving collaborative machine learning. It addresses the critical needs outlined in the previous sections, providing a secure, efficient, and flexible solution for organizations seeking to leverage collective data insights while maintaining strict data privacy and confidentiality.",
            "\tObjectives of the Invention",
            "\tThe primary goal of this invention is to enable secure and privacy-preserving collaborative machine learning across multiple parties without compromising data confidentiality or model performance. To achieve this overarching aim, the encrypted federated learning framework is designed with the following specific objectives:",
            "\t1.\tMaximize Data Privacy and Security",
            "\to\tEnsure that raw data never leaves its original location",
            "\to\tPrevent unauthorized access to sensitive information throughout the learning process",
            "\to\tProtect against both external attacks and potential insider threats",
            "\t2.\tEnable Trustless Collaboration",
            "\to\tEliminate the need for a trusted central authority in the federated learning process",
            "\to\tAllow parties to collaborate without having to trust each other with sensitive data",
            "\to\tFacilitate partnerships between organizations that may be competitors or have conflicting interests",
            "\t3.\tEnhance Model Performance Through Diverse Data Access",
            "\to\tLeverage collective data insights from multiple parties to improve model accuracy and generalizability",
            "\to\tEnable access to larger and more diverse datasets than would be available to any single party",
            "\t4.\tEnsure Regulatory Compliance",
            "\to\tProvide verifiable privacy guarantees that satisfy stringent data protection regulations",
            "\to\tEnable auditing and transparency in the collaborative learning process",
            "\to\tFacilitate cross-border and cross-industry collaborations while adhering to varying legal requirements",
            "\t5.\tImprove Scalability and Efficiency",
            "\to\tDesign a system that can efficiently handle large numbers of participants",
            "\to\tMinimize communication overhead in the distributed learning process",
            "\to\tOptimize computational requirements to make the system feasible for resource-constrained environments",
            "\t6.\tMaintain Model Utility",
            "\to\tEnsure that the privacy-preserving mechanisms do not significantly degrade model performance",
            "\to\tAchieve a balance between privacy protection and model utility",
            "\t7.\tProvide Flexibility and Adaptability",
            "\to\tSupport a wide range of machine learning algorithms and model architectures",
            "\to\tAllow for customization of privacy levels based on specific use case requirements",
            "\to\tEnable integration with existing data infrastructure and workflows",
            "\t8.\tMitigate Inference Attacks",
            "\to\tImplement robust protections against model inversion, membership inference, and property inference attacks",
            "\to\tEnsure that the global model does not inadvertently reveal sensitive information about individual participants' data",
            "\t9.\tDemocratize Access to Advanced Machine Learning",
            "\to\tEnable smaller organizations or those with limited data to benefit from machine learning insights",
            "\to\tPromote collaboration and knowledge sharing while protecting intellectual property and competitive advantages",
            "\t10.\tAdvance the Field of Privacy-Preserving Machine Learning",
            "\to\tIntroduce novel techniques that push the boundaries of secure multi-party computation and homomorphic encryption in machine learning contexts",
            "\to\tProvide a foundation for further research and development in privacy-preserving collaborative AI",
            "Brief Description of The Drawings",
            "The present invention will be more readily understood from the detailed description given below and the accompanying drawings, which are given by way of illustration only and are not limitative of the present invention, wherein:",
            "\tFigure 1 is a schematic diagram illustrating the overall architecture of the encrypted federated learning framework, showing the interaction between multiple participant nodes, the coordination server, and the secure aggregation process.",
            "\tFigure 2 is a flowchart depicting the step-by-step process of the encrypted federated learning protocol, from model initialization through local training, encryption, secure aggregation, and global model update.",
            "\tFigure 3 is a block diagram showcasing the key components of a participant node in the encrypted federated learning framework, including the local data storage, encryption module, local model trainer, and secure communication interface.",
            "Detailed Description of the Diagrams",
            "\tFigure 1: System Architecture",
            "\tFigure 1 illustrates the overall architecture of the encrypted federated learning framework. The diagram shows:",
            "\t1.\tParticipant Nodes (101, 102, 103, ..., 10n): These represent the individual entities participating in the federated learning process. Each node contains its own local dataset and computing resources.",
            "\t2.\tCoordination Server (110): This central component orchestrates the federated learning process but does not have access to raw data or unencrypted model updates.",
            "\t3.\tSecure Aggregation Module (120): This represents the decentralized secure multi-party computation (MPC) protocol used for aggregating encrypted model updates.",
            "\t4.\tEncrypted Communication Channels (130): These lines represent the secure, encrypted connections between participant nodes, the coordination server, and the secure aggregation module.",
            "\t5.\tGlobal Model (140): This represents the shared machine learning model that is collaboratively trained by all participants.",
            "\tThe diagram illustrates how participant nodes interact with the coordination server and each other through the secure aggregation module, all while maintaining data privacy and security.",
            "\tFigure 2: Encrypted Federated Learning Protocol Flowchart",
            "\tFigure 2 presents a flowchart of the step-by-step process in the encrypted federated learning protocol:",
            "\t1.\tModel Initialization (201): The process begins with the initialization of the global model architecture.",
            "\t2.\tDistribution of Initial Model (202): The coordination server distributes the initial model to all participant nodes.",
            "\t3.\tLocal Training (203): Each participant trains the model on their local data for a specified number of epochs.",
            "\t4.\tEncryption of Model Updates (204): Participants encrypt their model updates using homomorphic encryption.",
            "\t5.\tSecure Aggregation (205): Encrypted updates are securely aggregated using the MPC protocol.",
            "\t, Claims:Claims",
            "\tWe Claim that",
            "\t1.\tA system for privacy-preserving collaborative machine learning, comprising:",
            "\to\ta plurality of participant nodes, each comprising a local dataset and a local computing device; a coordination server for orchestrating a federated learning process;",
            "\t2.\tThe system of claim 1, wherein the homomorphic encryption scheme is a lattice-based encryption scheme supporting encrypted addition and multiplication operations.",
            "\t3.\tThe system of claim 1, wherein each participant node further comprises a privacy budget manager configured to track and manage a differential privacy budget to prevent information leakage over multiple training rounds.",
            "\t4.\tThe system of claim 1, wherein the secure aggregation module implements a threshold-based multi-party computation protocol, allowing the aggregation process to complete successfully even if a subset of participant nodes becomes unavailable.",
            "\t5.\tThe system of claim 1, wherein each participant node is further configured to add calibrated noise to its local model updates before encryption to provide differential privacy guarantees.",
            "\t6.\tThe system of claim 1, wherein the coordination server is further configured to verify the integrity of aggregated model updates without accessing the unencrypted content of the updates.",
            "\t7.\tThe system of claim 1, further comprising an auditing module configured to generate verifiable proofs of privacy preservation throughout the federated learning process.",
            "\t8.\tA method for privacy-preserving collaborative machine learning, comprising:",
            "\to\tinitializing a global machine learning model; distributing the global model to a plurality of participant nodes; at each participant node: (a) training the model locally using a local dataset; (b) generating encrypted model updates using homomorphic encryption; securely aggregating the encrypted model updates from all participant nodes using a multi-party computation protocol; updating the global model based on the securely aggregated encrypted updates; repeating the training, encryption, aggregation, and updating steps for multiple rounds until a convergence criterion is met.",
            "\t9.\tThe method of claim 8, further comprising dynamically adjusting encryption parameters based on the specific privacy requirements of each participant node."
        ],
        "Inventors": [
            {
                "Name": "Dr. K. Prasanna Kumar",
                "Address": "Dr. K. Prasanna Kumar",
                "Country": "India",
                "Nationality": "India"
            },
            {
                "Name": "Dr. Saliha Bathool",
                "Address": "Associate Professor, Advanced school of computing, Alliance university, Bangalore Karnataka, India",
                "Country": "India",
                "Nationality": "India"
            },
            {
                "Name": "Kaviarasi J",
                "Address": "Department of Information technology, Anand Institute of higher technology, Chennai, Tamil Nadu, India.",
                "Country": "India",
                "Nationality": "India"
            },
            {
                "Name": "Mallula Praveen Kumar",
                "Address": "Assistant Professor, Department of ECE, S.R.K.R. Engineering College, Bhimavaram, A.P, India.",
                "Country": "India",
                "Nationality": "India"
            },
            {
                "Name": "Dr. Bharatha Babu. K",
                "Address": "Assistant Professor, Department of ECE, SRM Institute of Science and Technology, Kattankulanthur, Chennai, Tamil Nadu, India.",
                "Country": "India",
                "Nationality": "India"
            },
            {
                "Name": "Sohong Dhar",
                "Address": "Data scientist. Microsoft, Jadavpur university department of library & Senior information scientist, Former Soc analyst & crypto analyst at Ibm & visiting information security consultant at Jp Morgan, cloud database manager at oracle, kolkata, west bengal",
                "Country": "India",
                "Nationality": "India"
            },
            {
                "Name": "Dr. R. Niruban",
                "Address": "Associate Professor, Department of ECE, St. Joseph's College of Engineering, OMR, Chennai-119",
                "Country": "India",
                "Nationality": "India"
            }
        ],
        "Applicants": [
            {
                "Name": "Dr. K. Prasanna Kumar",
                "Address": "Dr. K. Prasanna Kumar",
                "Country": "India",
                "Nationality": "India"
            },
            {
                "Name": "Dr. Saliha Bathool",
                "Address": "Associate Professor, Advanced school of computing, Alliance university, Bangalore Karnataka, India",
                "Country": "India",
                "Nationality": "India"
            },
            {
                "Name": "Kaviarasi J",
                "Address": "Department of Information technology, Anand Institute of higher technology, Chennai, Tamil Nadu, India.",
                "Country": "India",
                "Nationality": "India"
            },
            {
                "Name": "Mallula Praveen Kumar",
                "Address": "Assistant Professor, Department of ECE, S.R.K.R. Engineering College, Bhimavaram, A.P, India.",
                "Country": "India",
                "Nationality": "India"
            },
            {
                "Name": "Dr. Bharatha Babu. K",
                "Address": "Assistant Professor, Department of ECE, SRM Institute of Science and Technology, Kattankulanthur, Chennai, Tamil Nadu, India.",
                "Country": "India",
                "Nationality": "India"
            },
            {
                "Name": "Sohong Dhar",
                "Address": "Data scientist. Microsoft, Jadavpur university department of library & Senior information scientist, Former Soc analyst & crypto analyst at Ibm & visiting information security consultant at Jp Morgan, cloud database manager at oracle, kolkata, west bengal",
                "Country": "India",
                "Nationality": "India"
            },
            {
                "Name": "Dr. R. Niruban",
                "Address": "Associate Professor, Department of ECE, St. Joseph's College of Engineering, OMR, Chennai-119",
                "Country": "India",
                "Nationality": "India"
            }
        ]
    }
}