{
    "202441068171": {
        "Invention Title": "SECURE BIOMETRICS AUTHENTICATED FUEL FILLING SYSTEM",
        "Publication Number": "38/2024",
        "Publication Date": "20/09/2024",
        "Publication Type": "INA",
        "Application Number": "202441068171",
        "Application Filing Date": "10/09/2024",
        "Priority Number": "",
        "Priority Country": "",
        "Priority Date": "",
        "Field Of Invention": "CHEMICAL",
        "Classification (IPC)": "A61K0009000000, H04L0009400000, A61K0036899800, B32B0027080000, C07K0014780000",
        "Abstract": "A novel fuel filling system utilizing biometrics and vehicle number plate scanning technology is proposed to enhance efficiency, security, and accessibility of fuelling services. This invention discloses a system for secure and convenient fuel purchases at gas stations. The system utilizes biometric identification, such as fingerprints or facial recognition, to identify the customer. Additionally, it integrates with a database containing vehicle details linked to the vehicle identification number. Upon successful biometric verification and vehicle data confirmation, the customer is authorized to fill fuel without needing a separate payment method. \n\nThis system aims to achieve enhanced security by replacing traditional payment methods with tamper-proof biometrics, reducing the risk of unauthorized purchases and fraud. It also fosters improved convenience by eliminating the need to carry or swipe cards, streamlining the fuel filling process for customers. Furthermore, the invention offers potential benefits for fleet management by providing a secure and efficient method to track fuel purchases for company vehicles. However, challenges regarding data privacy, infrastructure investment, and standardization across gas stations need to be addressed for widespread adoption.",
        "Description": [
            "Description:",
            "FIELD OF THE INVENTION",
            "[01] \tThe field of the invention for the proposed biometric fuel dispensing system falls primarily within three areas: Internet of Things (IoT), which refers to connecting devices to the internet for data exchange. Here, the invention connects vehicles and fuel stations for automated authorization. Automotive Technology, which develops new technologies for vehicles. While the core function isn't related to vehicle operation, it provides convenience for drivers. Security & Authentication, which focuses on methods for verifying a user's identity. The invention uses biometrics for secure user authentication.",
            "\tThe proposed idea hinges on a few key aspects:",
            "\t[02] \tBiometric Customer Identification, where the system relies on biometric information, likely fingerprints or facial recognition, to identify the customer at the fuel station. Vehicle Data Integration, where the system connects to a database containing vehicle details, possibly linked to the license plate or vehicle identification number. Authorization for Fuelling, upon successful biometric identification and vehicle data verification, the customer is authorized to fill fuel without needing a separate payment method.",
            "\t[03] \tThese aspects combine to create a system for: Contactless Payment, Biometric identification removes the need for physical cards or codes, streamlining the fuelling process. Enhanced Security, Biometrics offer a strong layer of security compared to traditional methods like key cards. Potential for Automation, Integration with vehicle data could enable features like automatic fuel pump activation based on the vehicle type.",
            "BACKGROUND OF THE INVENTION",
            "\t[04] \tThe idea of using biometrics for fuel station identification stems from a desire for a more secure, convenient, and potentially automated fuelling experience. Here's a breakdown of the contributing factors:",
            "\t[05] \tSecurity Concerns: Traditional methods like credit cards and key cards are susceptible to theft, skimming, and unauthorized use. Biometrics offer a more secure layer of identification as they are unique to each individual.",
            "\t[06]\t Frictionless Payments: The rise of contactless payments like mobile wallets has shown a preference for faster and more convenient transactions. Biometrics could eliminate the need to carry or swipe cards, further streamlining the fuelling process.",
            "\t[07] \tFleet Management Challenges: Companies managing large vehicle fleets face challenges in tracking fuel purchases and ensuring authorized use. Biometric identification linked to specific vehicles could simplify fuel expense management.",
            "\t[08] \tAutomation Potential: Integration with vehicle data could open doors for automation. Imagine a scenario where the pump recognizes your car, unlocks based on your biometric verification, and even starts fuelling based on the vehicle's fuel type.",
            "\t1. Pub No. 202341032074",
            "\tTitle: WI-FI-ENABLED ANTI-THEFT SYSTEM WITH BIOMETRIC AUTHENTICATION IN FUEL-FILLING STATIONS",
            "\t[09]\t The present invention provides a Wi-Fi-enabled anti-theft system with biometric authentication in 5 fuel-filling stations. The conventional manual filling method has a number of flaws, including theft of petrol/diesel spillage of fluid while filling vehicles at petrol filling stations. The possibility of an uneven amount of fluid being filled, and delays due to human activities. Among all these fuel thefts makes a major loss to the owner of the petrol filling station, bunk in India. This proposed method is aimed at solving the issues that small-scale fluid-filling systems confront in order to 10 ensure a smooth process. Unauthorized drawing of petrol from the storage tank will be continuously monitored from anywhere through a web page in our suggested system. Systems are frequently regulated automatically, resulting in smart automation. It's a simple, secure, and compact system",
            "\t2. Pub No.  202211027647",
            "\tTitle: A DETACHABLE DEVICE FOR PREVENTION OF FUEL THEFT IN FILLING STATION",
            "\t[10] \tThe present invention relates to a novel device of preventing fuel theft in the filling station. The present invention consists of mesh, water level sensor, MQ sensor, an Arduino and a display for monitoring the fuel pilferage. Here, the signal from the water level sensor and MQ sensor is received and the program is made using Arduino to display both quantity and quality of the fuel on the display. The present invention is capable of detecting the presence of fuel and alert is generated in case of any pilferage in fuel quantity and quality.",
            "\t3. Pub NO.  202221044883",
            "\tTitle: AN AUTOMATED FUEL FILLING MANAGEMENT SYSTEM AND A METHOD THEREOF",
            "\t[11] \tDisclosed is a system for automated fuel filling management and a method thereof. The method comprises determining a fuel level of the vehicle; determining whether the fuel level of the vehicle is dropped below a prescribed threshold in real-time; receiving navigation data related to one or more fuel stations upon determining that the fuel level dropped below the prescribed threshold and when the vehicle is in vicinity of the one or more fuel stations for refilling the fuel; generating an alert to the user for selecting at least one fuel station for placing an order to refill the fuel tank of the vehicle; providing notification for opening a fuel flap of the fuel tank to refill fuel once the vehicle reached at the selected fuel station; and automatically opening the fuel flap of the fuel tank once the user confirms opening of the fuel flap in response to the notification..",
            "\tOBJECTIVE OF THE INVENTION",
            "\t[12] \tThe objective of a biometrics system for fuel filling is to create a more secure and convenient fuel filing experience. Biometric identification eliminates the need to carry or swipe cards, streamlining the process.",
            "\t[13]\t The main objective of the present invention to provide a authentication biometrics device and a system to automate the traditional mechanism of fuel filling system. This technology covers user\u2019s biometrics detection and vehicle number plate scanning mechanism.",
            "\t[14] \tThe principal objective of the present invention is to design a bioinformatics authentication and vehicle recognition system to avoid fraudulent of fuel filling by any unauthorized users.",
            "\t[15] \tAnother objective of the present invention is to enhance security for both individual consumers and businesses managing fleets.",
            "\t.\t[16] \tAnother objective of the present invention is improved convenience for individual consumers through faster transactions.",
            "\t.\t[17] \tAnother objective of the present invention is streamlined fleet management for businesses through secure tracking and expense management.",
            "\t[18] \tAnother objective of the present invention is to strive to make the technology affordable by optimizing production costs and avoiding unnecessary mark-ups.",
            "[19] \tOther objectives and advantages of the present disclosure will be more apparent from the following description, which is not intended to limit the scope of the present disclosure.",
            "SUMMARY OF THE INVENTION",
            "[20] \tThe invention proposes a novel fuel filling system that utilizes user\u2019s biometrics recognition and vehicle number plate scanning technology to facilitate authorized fuel filling for users\u2019 vehicle and enhance efficiency, security, and accessibility. The following presents a simplified summary of the invention in order to provide a basic understanding of some aspects of the invention. This summary is not an extensive overview of the present invention or to delineate the scope of the invention. Its sole purpose is to present some concept of the invention in a simplified form as a prelude to a more detailed description of the invention presented later.",
            "\t[21] \tThis invention proposes a system for secure and convenient fuel purchases using biometric identification. The key aspects are as follows:",
            "\t[22] \tCustomer Identification, the system relies on biometric data, like fingerprints or facial recognition, to identify the customer at the fuel station. Vehicle Data Integration, the system connects to a database containing vehicle details, likely linked to the license plate or vehicle identification number. Authorization for fuelling, upon successful biometric identification and vehicle data verification, the customer is authorized to fill fuel without needing a separate payment method.",
            "\t[23] \tThe main objectives include enhanced Security where biometrics offer a stronger layer of security compared to traditional methods like credit cards, Improved Convenience where the system eliminates the need to carry or swipe cards, streamlining the fuelling process, streamlined fleet management, where companies can track fuel purchases for their vehicles and ensure authorized use.",
            "\t[24] \tThe major benefits are faster transactions for individual consumers, reduced risk of fraud for both consumers and businesses, potential for automation in the fuelling process (future development), simplified expense management for fleet managers.",
            "BRIEF DESCRIPTION OF THE DRAWINGS",
            "\tFig. 1, illustrates the Working model of the proposed invention.",
            "\tPart 1 \u2013 Any vehicle to fill fuel",
            "\tPart 2 \u2013 Biometric",
            "\tPart 3 \u2013 Fuel station",
            "\tPart 4 \u2013 Payment gateway",
            "\tPart 5 \u2013 Fuel dispenser",
            "\tPart 6 \u2013 Wi-Fi",
            "\tPart 7 \u2013 Report generation",
            "\t[25]\tThe drawing (Fig 1) depicts the work flow diagram which explains the working of the proposed idea. The key components include:",
            "\ta.\tThe vehicle (1) is checked if it is register with the fuel station and opens the gate to fill the fuel.",
            "\tb.\tThe biometric system (2) attached on the fuel station (3).",
            "\tc.\tBased on the details received from (2) the payment gateway (4) enables for payment transaction.",
            "\td.\tThe fuel dispenser (5) will activate to fill the fuel for assigned amount.",
            "\te.\tWi-Fi (6) enabled system is used to update the details of fuel dispatched, user vehicle fuel details onto the users mobile (7) and owner\u2019s system.",
            "Fig. 2, represents the flow diagram of the proposed invention. The above and other aspects, features and advantages of certain exemplary embodiment of the present invention will be more apparent from the following description taken in conjunction with the accompanying drawings:",
            "DETAILED DESCRIPTION OF THE DRAWINGS",
            "\tComponents and functions:",
            "\t[25] \tThe proposed idea is a fully automated fuel station that utilizes biometric technology and a payment gateway to streamline the fuelling process. Here's a detailed breakdown of the workflow:",
            "\ta.\tVehicle Registration and Gate Access: When a vehicle approaches the fuel station, it is first checked for registration. This could be done through a license plate recognition system or a manual entry by the driver. Once verified, the gate to the fuel station opens, allowing the vehicle to enter.",
            "\tb.\tBiometric Authentication: The driver then proceeds to the fuel pump and places their hand on a biometric sensor (2) attached to the fuel station (3). This sensor scans the driver's fingerprint or palm print, verifying their identity.",
            "\tc.\tPayment Authorization: The biometric data is transmitted to a payment gateway (4) which is linked to the driver's bank account or digital wallet. Based on the verified identity, the payment gateway authorizes the fuel transaction for the specified amount.",
            "\td.\tFuel Dispensing: Once payment is authorized, the fuel dispenser (5) activates, allowing the driver to fill up their vehicle. The dispenser will automatically stop when the predetermined amount is reached.",
            "\te.\tData Update: The entire transaction process is recorded and updated on a Wi-Fi (6) enabled system. This information includes the fuel dispatched, the user's vehicle details, and the payment transaction details. This data is then sent to both the user's mobile device and the owner's system for reference and tracking purposes.",
            "\tBenefits:",
            "\t[26]\tEfficiency and Convenience: Reduced wait times.",
            "\tSecurity and Safety: Biometric authentication.",
            "\tData Tracking and Transparency: Real-time data updates.",
            "\t5. Conclusion:",
            "\t[27] \tThis automated fuel station offers a convenient and secure fuelling experience by eliminating the need for manual payment and reducing human interaction. It also provides real-time data updates to both the user and the owner, enhancing transparency and accountability.",
            "\tREFERENCES:",
            "\t1.\t202341032074: WI-FI-enabled anti-theft system with biometric authentication in fuel-filling stations",
            "\t2.\t202211027647:   A detachable device for prevention of Fuel Theft in filling station",
            "\t3.\t202221044883: \tAn automated Fuel Filling Management System and a method thereof",
            "\t, Claims:We claim:",
            "\tClaim 1: A method for dispensing fuel at a fuel station, comprising:",
            "\ta.\tAcquiring biometric data, specifically fingerprint data, of a fuel dispensing operator through a fingerprint sensor integrated with the fuel dispensing system;",
            "\tb.\tTransmitting the acquired fingerprint data to a remote server for comparison against a pre-existing database of authorized operators;",
            "\tc.\tEnabling the activation of the fuel dispenser exclusively upon a successful match between the acquired fingerprint data and a corresponding authorized operator record in the remote server database;",
            "\td.\tEstablishing communication between the fuel dispenser controller and the remote server through a Wi-Fi module to facilitate real-time data transmission and verification;",
            "\te.\tAllowing the owner of the fuel station to remotely monitor and manage fuel dispensing activities, including viewing detailed transaction records and adjusting or revoking operator access permissions based on pre-set fuel dispensing thresholds, via a user interface linked to the remote server.",
            "\tClaim 2:",
            "\tThe method of claim 1, wherein step (a) involves the use of a high-resolution fingerprint scanner integrated into the fuel dispenser for capturing the operator's fingerprint.",
            "\tClaim 3:",
            "\tThe method of claim 1, further comprising: \u2022 recording, within the system controller, both the identity of the authenticated operator and the corresponding fuel dispensed for each transaction, with all data being synchronized with the remote server.",
            "\tClaim 4:",
            "\tThe method of claim 1, further comprising: \u2022 providing the operator with immediate visual feedback regarding the authentication process through an integrated display unit connected to the controller, indicating whether the authentication was successful and the fuel dispenser is activated."
        ],
        "Inventors": [
            {
                "Name": "Dr. Anushree Raj",
                "Address": "Senior Assistant Professor, Department of MCA\nMangalore Institute of Technology & Engineering  \nBadaga Mijar, Moodbidri, Mangalore - 574225",
                "Country": "India",
                "Nationality": "India"
            },
            {
                "Name": "Mrs. Sadhana K",
                "Address": "Assistant Professor, Department of MCA\nMangalore Institute of Technology & Engineering  \nBadaga Mijar, Moodbidri, Mangalore - 574225",
                "Country": "India",
                "Nationality": "India"
            },
            {
                "Name": "Mr. Shylesh B",
                "Address": "Assistant Professor, Department of MCA\nMangalore Institute of Technology & Engineering  \nBadaga Mijar, Moodbidri, Mangalore - 574225",
                "Country": "India",
                "Nationality": "India"
            },
            {
                "Name": "Mrs. Shwetha Bhat",
                "Address": "Assistant Professor, Department of MCA\nMangalore Institute of Technology & Engineering  \nBadaga Mijar, Moodbidri, Mangalore - 574225",
                "Country": "India",
                "Nationality": "India"
            },
            {
                "Name": "Mr. Ragesh Raju",
                "Address": "Assistant Professor, Department of MCA\nMangalore Institute of Technology & Engineering  \nBadaga Mijar, Moodbidri, Mangalore - 574225",
                "Country": "India",
                "Nationality": "India"
            },
            {
                "Name": "Ms. Yogitha M",
                "Address": "Assistant Professor, Department of MCA\nMangalore Institute of Technology & Engineering  \nBadaga Mijar, Moodbidri, Mangalore - 574225",
                "Country": "India",
                "Nationality": "India"
            },
            {
                "Name": "Ms. Rashmi M. S.",
                "Address": "Assistant Professor, Department of MCA\nMangalore Institute of Technology & Engineering  \nBadaga Mijar, Moodbidri, Mangalore - 574225",
                "Country": "India",
                "Nationality": "India"
            }
        ],
        "Applicants": [
            {
                "Name": "Mangalore Institute of Technology & Engineering",
                "Address": "Badaga Mijar, Moodabidri",
                "Country": "India",
                "Nationality": "India"
            }
        ]
    }
}