{
    "202441069243": {
        "Invention Title": "AN ARTIFICIALLY INTELLIGENT SYSTEM AND METHOD TO ENHANCE CROP YIELD IN AGRICULTURAL PROCESSES",
        "Publication Number": "38/2024",
        "Publication Date": "20/09/2024",
        "Publication Type": "INA",
        "Application Number": "202441069243",
        "Application Filing Date": "13/09/2024",
        "Priority Number": "",
        "Priority Country": "",
        "Priority Date": "",
        "Field Of Invention": "BIOTECHNOLOGY",
        "Classification (IPC)": "C07K0016120000, A61P0031040000, G06Q0020200000, H04L0009320000, A61P0009000000",
        "Abstract": "The present invention introduces an intelligent monitoring platform framework and system structure for facility agriculture ecosystems based on IoT. This innovation will drive the transition from traditional to modern farming and foster the development of new technologies and services in IoT farming applications. The Internet of Things connects everything, revolutionizing agriculture. Since independence, India has made significant strides in food productivity, with the population tripling and food grain production more than quadrupling, leading to a substantial increase in per capita food grain availability. Modern agricultural practices hold great promise for economic development. Our innovative invention aims to benefit both farmers and farms, promoting agricultural welfare and progress.",
        "Description": [
            "Description:[0018]The following is a detailed description of embodiments of the disclosure depicted in the accompanying drawings. The embodiments are in such detail as to communicate the disclosure. However, the amount of detail offered is not intended to limit the anticipated variations of embodiments; on the contrary, the intention is to cover all modifications, equivalents, and alternatives falling within the spirit and scope of the present disclosure as defined by the appended claims.",
            "\t[0019]Embodiments of the present invention include various steps, which will be described below. The steps may be performed by hardware components or may be embodied in machine-executable instructions, which may be used to cause a general-purpose or special-purpose processor programmed with the instructions to perform the steps. Alternatively, steps may be performed by a combination of hardware, software, and firmware and/or by human operators.",
            "[0020]Furthermore, embodiments may be implemented by hardware, software, firmware, middleware, microcode, hardware description languages, or any combination thereof. When implemented in software, firmware, middleware, or microcode, the program code or code segments to perform the necessary tasks (e.g., a computer program product) may be stored in a machine-readable medium.",
            "\t[0021]Various terms as used herein are shown below. To the extent a term used in a claim is not defined below, it should be given the broadest definition persons in the pertinent art have given that term as reflected in printed publications and issued patents at the time of filing.",
            "\t[0022]The present invention aims to supply water when farm is dry without human presence and avoiding water wastage in irrigation process. Also monitor the soil parameters like temperature, humidity and soil moisture level. It will also be possible to control various operations of the field remotely from anywhere, anytime by mobile as well as web application. This gives signals to the mobile phone whether to send water (that is when farm is dry) to the field or not.",
            "\t[0023]In India, farmers are under big financial losses. Their suicide rate is increasing day by day. The general weather prediction is not helping them to take proper decisions. The non-availability of good meters makes them dependent on traditional methods to measure agriculture parameters. Is it feasible to design a system that will accommodate every possible scenario in an agricultural context and do so for all possible users? Is automation in agriculture really useful and in what part or parts of the cultivation process (e.g., seed planting, growing, harvesting, selling) can it be applied? What is the cost of the cultivation process and how can this cost be reduced by automating one or more parts of this process?",
            "\t[0024]Generally, farmers visit their farms often to check soil moisture level. This process wastes their precious time. The objective of this invention is to give an easy to install methodology to monitor and indicate the level of soil moisture, temperature and humidity of air.",
            "\t[0025]FIG. 1 illustrates an exemplary representation of the block diagram of the system. The inputs to NodeMCU are soil moisture sensor and DHT11 sensor. Soil moisture sensor gives the analog value of soil moisture and DHT11 sensor gives temperature and humidity value of the environment. A relay module is connected to supply the water when humidity increases above 45%. Water pump works on a 9V batter source which is interfaced with relay module. Once these values are obtained, these values are displayed on webpage through IP address of NodeMCU and data is sent to end user in the form of SMS using ifttt protocol. After displaying of data database is created using PLX-DAQ Spreadsheet.",
            "\t[0026]FIG. 2 illustrates a flow diagram of the working process of the system. Once the system is initiated, the processor collects the values of the sensors coupled with and processes the same with the benchmarks and the data is displayed on a webpage. The values and present condition of the plant saplings are sent as an SMS to the end user and with reference to the reference values, the system with the data obtained from the sensors and processors, automatically switches ON the pump so as to provide the crop with enough water in order to grow unharmed so as to achieve better productivity. The soil moisture sensor measures the volumetric water content in soil. Since the direct gravimetric measurement of free soil moisture requires removing, drying, and weighting of a sample, soil moisture sensors measure the volumetric water content indirectly by using some other property of the soil, such as electrical resistance, dielectric constant, or interaction with neutrons, as a proxy for the moisture content. The relation between the measured property and soil moisture must be calibrated and may vary depending on environmental factors such as soil type, temperature, or electric conductivity. Reflected microwave radiation is affected by the soil moisture and is used for remote sensing in hydrology and agriculture. Portable probe instruments can be used by farmers or gardeners. Soil moisture sensors typically refer to sensors that estimate volumetric water content. Another class of sensors measure another property of moisture in soils called water potential; these sensors are usually referred to as soil water potential sensors and include tensiometers and gypsum blocks.",
            "\t[0027]The output of the soil moisture sensor changes in the range of ADC value from 0 to 1023. For zero moisture, we get maximum value of 10-bit ADC, i.e. 1023. This, in turn, gives 0% moisture. Measuring soil moisture is important for agricultural applications to help farmers manage their irrigation systems more efficiently. Knowing the exact soil moisture conditions on their fields, not only are farmers able to generally use less water to grow a crop, they are also able to increase yields and the quality of the crop by improved management of soil moisture during critical plant growth stages. In urban and suburban areas, landscapes and residential lawns are using soil moisture sensors to interface with an irrigation controller. Connecting a soil moisture sensor to a simple irrigation clock will convert it into a \"smart\" irrigation controller that prevents irrigation cycles when the soil is already wet, e.g. following a recent rainfall event.",
            "\t[0028]DHT11 digital temperature and humidity sensor is a composite Sensor contains a calibrated digital signal output of the temperature and humidity. Application of a dedicated digital modules collection technology, temperature and humidity sensing technology, to ensure that the product has high reliability and excellent long-term stability. The sensor includes a resistive sense of wet components and an NTC temperature measurement device, and connected with a high-performance 8-bit microcontroller.",
            "\t[0029]DHT11 Temperature and Humidity Sensor features a calibrated digital signal output with the temperature and humidity sensor complex. Its technology ensures the high reliability and excellent long-term stability. A high-performance 8-bit microcontroller is connected. This sensor includes a resistive element and a sense of wet NTC temperature measuring devices. It has excellent quality, fast response, antiinterference ability and high cost performance advantages. Each DHT11 sensors features extremely accurate calibration of humidity calibration chamber. The calibration coefficients stored in the OTP program memory, internal sensors detect signals in the process, and we should call these calibration coefficients. The singlewire serial interface system is integrated to become quick and easy. Small size, low power, signal transmission distance up to 20 meters, making it a variety of applications and even the most demanding applications. The product is 4-pin single row pin package. Convenient connection, special packages can be provided according to users need.",
            "\t[0030]Each DHT11 element is strictly calibrated in the laboratory that is extremely accurate on humidity calibration. The calibration coefficients are stored as programs in the OTP memory, which are used by the sensor\u2019s internal signal detecting process. The single- wire serial interface makes system integration quick and easy. Its small size, low power consumption and up-to-20 meter signal transmission making it the best choice for various applications, including those most demanding ones. The component is 4-pin single row pin package. It is convenient to connect and special packages can be provided according to users request.",
            "\t[0031]FIG. 3 illustrates a photographic representation of the present system. Soil moisture sensor is placed into the soil at a distance of 2-3 cm. At the beginning the soil particle is mixed with water to settle down the particles inside the soil. A motor is placed near the soil such that if the humidity of the soil increases above the set value motor gets pumped on. Once the motor is pumped on till the humidity reaches the cut off value i.e., 45% the motor pumps on continuously. After the humidity value is satisfied the motor doesn\u2019t start and water will not pump. A database is created so the data has to be displayed onto the serial monitor for displaying these values on PLX-DAQ Speadsheet. Once the data is displayed on serial monitor our next step is to open PLX-DAQ Spreadsheet and connect to the serial port and baud rate.",
            "\t[0032]The NodeMCU is firstly placed onto a breadboard. A0 pin (analog pin) of soil moisture sensor is connected to A0 pin of NodeMCU. D0 pin(Digital pin) of soil moisture sensor is connected to D7 pin of NodeMCU. VCC of soil moisture sensor is connected to 3.3V pin of NodeMCU and Ground pin of soil moisture sensor is connected to ground pin of NodeMCU. When the connections are made firstly, code is compiled and then uploaded. Once uploading is completed the serial monitor is opened to obtain the IP address.",
            "\t[0033]Then NodeMCU is placed onto a Breadboard and then DHT. VCC pin of DHT11 sensor is connected to 3.3V pin of NodeMCU Data pin of DHT11 sensor is connected to Digital pin 4 (D4) of NodeMCU. A 10 k.ohm resistor is placed between vcc pin and data pin of DHT11 sensor, when connection is made, the code is compiled when written and the finally uploaded. The output is checked onto the Serial Monitor. The final output on the webpage will be a combination of the above two inputs.",
            "\t[0034]The present invention provides Increased Production, Water Conservation, Real-Time Data and Production Insight, Lowered Operation Costs, Increased Quality of Production, Accurate Farm and Field Evaluation, Reduced Environmental Footprint, Remote Monitoring, Equipment Monitoring and easy to implement and low cost.",
            "\t[0035]Large ability of our Indian agriculture is but untapped and we still have miles to tour in this arena of studies as we've specific soil textures in different areas of our kingdom. Farmers may be benefitted through the real implementation of this projected software. Real demanding situations that had been faced and which can be but to be triumph over in fact are the internetworking of the nodes in an agricultural area and in designing a user pleasant software this is without difficulty comprehensible for the farmers. We can add a feature such that remotely data should be sent to the end user. The ground-based and aerial-based drones can be used in agriculture.",
            "\t[0036]The smart agriculture using IOT has been experimentally proven to work satisfactorily by monitoring the values of humidity and temperature successfully through the internet control in the field. It also stores the sensor parameters in the timely manner. This will help the user to analyse the conditions of various parameters in the field anytime anywhere. Then control or maintain the parameters of field properly. Finally, we conclude that Smart and economic farming is more efficient than scheduled irrigation process.",
            "\t[0037]The system developed is beneficial and is cost effective when compared to other systems currently being used. This system is versatile and can be used in an extensive range of geographical locations ranging from dry lands to humid lands. The system is cost effective and affordable to farmers who want to step into automation domain and want to increase their productivity.",
            "\t[0038]While the foregoing describes various embodiments of the invention, other and further embodiments of the invention may be devised without departing from the basic scope thereof. The scope of the invention is determined by the claims that follow. The invention is not limited to the described embodiments, versions, or examples, which are included to enable a person having ordinary skill in the art to make and use the invention when combined with information and knowledge available to the person. , Claims:1.An artificially intelligent system and method to enhance crop yield in agricultural processes, comprising,",
            "\ta)A plurality of sensors configured to detect various parameters of a plant sapling;",
            "\tb)At least one message sending gateway characterized in that is an SMS sending arrangement through a GSM / CDMA network;",
            "\tc)One or more processors configured to receive and process inputs;",
            "\td)At least one internet based webpage UI to monitor and manage the unit;",
            "\te)At least one power supply unit capable of providing electric power for the system;",
            "\tf)At least one database configured to store and maintain the processed and unprocessed data; and",
            "\tg)At least one pump unit capable of supplying water to the plant saplings;",
            "\t2.The system as claimed in claim 1 wherein, the said sensors include but not limited to a soil moisture sensor configured to monitor the presence of water in the soil and a DHT11 sensor configured to monitor the temperature, moisture and other elements as characterized in it.",
            "\t3.The system as claimed in claims 1 and 2, wherein the said processor is a NodeMCU ESP8266 configured to receive the moisture and water sensed data of the plant sapling and further characterized to communicate to a mobile number supported by a cellular phone through a GSM / CDMA network; the said mobile number is preferably of the farmer.",
            "\t4.The system as claimed in claim 1, wherein the said webpage receives inputs from the processor and displays the parameters for measuring and monitoring.",
            "\t5.The system as claimed in claim 1, wherein the said power supply unit is characterized to provide a DC current of preferably 9V and the said power supply unit is preferably a 9V battery.",
            "\t6.The system as claimed in claims 1 and 5, wherein the said water pump is configured to operate through the said power source which in turn is characterized to supply water from a reservoir in case of deficiency to a plant sapling.",
            "\t7.The system as claimed in claims 1 and 6, wherein the said database is configured to store reference data of the benchmarked water levels and moisture data of the plant for the processor to interpret the requirement of water and moisture to any plant sapling as per the availability and demand so as to ensure higher productivity with lesser water consumption."
        ],
        "Inventors": [
            {
                "Name": "Harekrushana Parthasarathi Patra",
                "Address": "Associate Professor, Department of Computer Science and Engineering, Gayatri Vidya Parishad College of Engineering, Madhurawada, Visakhapatnam \u2013 530048, Andhra Pradesh, India.",
                "Country": "India",
                "Nationality": "India"
            },
            {
                "Name": "Nithya T",
                "Address": "Assistant Professor, Department of Information Technology, Velalar College of Engineering and Technology, Erode \u2013 638012, Tamil Nadu, India.",
                "Country": "India",
                "Nationality": "India"
            },
            {
                "Name": "Pradab R",
                "Address": "Assistant Professor, Department of Mechanical Engineering, CSI College of Engineering, Ketti, The Nilgiris \u2013 643215, Tamil Nadu, India.",
                "Country": "India",
                "Nationality": "India"
            },
            {
                "Name": "Dr. Rama Mohan P",
                "Address": "Associate Professor & Head of Department, Department of Electrical and Electronics Engineering, Annamacharya Institute of Technology and Sciences (Autonomous) Kadapa \u2013 516003, Andhra Pradesh, India.",
                "Country": "India",
                "Nationality": "India"
            }
        ],
        "Applicants": [
            {
                "Name": "Harekrushana Parthasarathi Patra",
                "Address": "Associate Professor, Department of Computer Science and Engineering, Gayatri Vidya Parishad College of Engineering, Madhurawada, Visakhapatnam \u2013 530048, Andhra Pradesh, India.",
                "Country": "India",
                "Nationality": "India"
            },
            {
                "Name": "Nithya T",
                "Address": "Assistant Professor, Department of Information Technology, Velalar College of Engineering and Technology, Erode \u2013 638012, Tamil Nadu, India.",
                "Country": "India",
                "Nationality": "India"
            },
            {
                "Name": "Pradab R",
                "Address": "Assistant Professor, Department of Mechanical Engineering, CSI College of Engineering, Ketti, The Nilgiris \u2013 643215, Tamil Nadu, India.",
                "Country": "India",
                "Nationality": "India"
            },
            {
                "Name": "Dr. Rama Mohan P",
                "Address": "Associate Professor & Head of Department, Department of Electrical and Electronics Engineering, Annamacharya Institute of Technology and Sciences (Autonomous) Kadapa \u2013 516003, Andhra Pradesh, India.",
                "Country": "India",
                "Nationality": "India"
            }
        ]
    }
}