{
    "202441067077": {
        "Invention Title": "DEVELOPMENT OF ELECTROCHEMICAL SENSOR FOR PRECISE DETECTION OF MESALAMINE IN INFLAMMATORY BOWEL DISEASE TREATMENT",
        "Publication Number": "37/2024",
        "Publication Date": "13/09/2024",
        "Publication Type": "INA",
        "Application Number": "202441067077",
        "Application Filing Date": "05/09/2024",
        "Priority Number": "",
        "Priority Country": "",
        "Priority Date": "",
        "Field Of Invention": "CHEMICAL",
        "Classification (IPC)": "A61K0031606000, G01N0027300000, B01J0035000000, E21B0047000000, G01N0027327000",
        "Abstract": "ABSTRACT\r\nDevelopment of Electrochemical Sensor for Precise Detection of Mesalamine in Inflammatory Bowel Disease Treatment\r\nIn this invention, emerging analytical technique is developed for the determination of mesalamine with less time consumption methods. To further boost up, a simply designed electrochemical technique with rare earth tungstate incorporated with reduced graphene oxide is constructed as an electrocatalyst for detecting mesalamine. Analytical and spectroscopic methods are utilized for the confirmation of the successful formation of nanocomposite. The synergism between the reduced graphene oxide and rare earth tungstate employs to achieve high electrocatalytic sensing of mesalamine. The constructed electrochemical sensor exhibits better result of wide linear range of 0.01 - 723 \u00b5M, high sensitivity of 1.3406 \u00b5A \u00b5M-1 cm-2, with a low LOD of 0.0039 \u00b5M. Moreover, it is worth noting that the interfacial area of nanocomposite promotes the electron transfer rate. Overall, this research provides an efficient electrocatalyst for the real time analysis of mesalamine.",
        "Description": [
            "Description:",
            "\tFORM 2",
            "\tTHE PATENTS ACT, 1970",
            "\t(39 of 1970)",
            "\t&",
            "\tTHE PATENT RULES, 2003",
            "\tComplete Specification",
            "\t(See section 10 and rule 13)",
            "\t1.Title of the Invention:",
            "\tDevelopment of Electrochemical Sensor for Precise Detection of Mesalamine in Inflammatory Bowel Disease Treatment",
            "\t2. Applicant",
            "\tName\tNationality\tAddress",
            "\tKONERU LAKSHMAIAH EDUCATION FOUNDATION\tIndian\tKoneru Lakshmaiah Education Foundation, Green Fields, Vaddeswaram, Guntur, Andhra Pradesh 522302",
            "\tDR. RAMACHANDRAN BALAJI\tIndian\tCentre of Excellence for Nanotechnology, Koneru Lakshmaiah Education Foundation, Green Fields, Vaddeswaram, Guntur, Andhra Pradesh 522302",
            "3. Preamble to the Description:",
            "\tThe following specification particularly describes the invention and the manner in which it is to be performed.",
            "4. DESCRIPTION",
            "Field of the Invention",
            "\tThe present invention relates to the development of advanced electrochemical sensors for the detection and quantification of mesalazine (MLM), a critical drug used in the treatment of idiopathic ulcerative colitis. This invention specifically addresses the need for highly sensitive, cost-effective, and efficient electrochemical sensors capable of accurately detecting MLM in biological fluids and pharmaceutical formulations. The field of this invention encompasses the design, synthesis, and application of novel electrode materials, including metal oxides, layered double hydroxides, metal-organic frameworks, and hybrid electrocatalysts, to achieve superior performance in terms of sensitivity, selectivity, and reusability. These advancements are crucial for improving the clinical and pharmacological monitoring of MLM, ensuring better patient outcomes in the treatment of ulcerative colitis.",
            "Background of the Invention",
            "\tIdiopathic ulcerative colitis is an inflammatory chronic disease of the colon requiring both acute and long-term medical treatment to induce and maintain remission [1]. It is recommended that patients with mild to moderate ulcerative colitis be treated with oral mesalazine (5-aminosalicylic acid; MLM) formulations (Asacol, Pentasa, Salofalk, Mesasal, Claversal), pro-drugs (sulfasalazine, olsalazine, balsalazide) and rectal formulations (sulfasalazine, olsalazine, balsalazide). Generally, oral MLM agents have shown safety and efficacy for both short-term and long-term use. Equal doses of MLM have not been shown to have significant differences in efficacy [2]. Despite MLM being an aminosalicylate drug that acts locally in the gut and has several effects, many of which can be detrimental to health [3, 4]. This makes it very important to determine MLM accurately on both clinical and pharmacological levels. Research and development have focused on several analytical techniques recently, including colorimetry, mass spectroscopy, capillary electrophoresis, fluorescence sensors, UV spectrophotometry, electrochemical sensors, and HPLC [5-20]. From these, there is the potential for electrochemical methods to offer low costs, simplicity, fast response times, and good selectivity and sensitivity among those methods. Because of the low sensitivity and small linear range of a bare GC electrode, MLM cannot be detected. For this reason, it is imperative to develop highly sensitive electrodes for the determination of MLM in biological fluids and pharmaceutical samples. Using cobalt stannate/graphene as a sensor, Hwa et al. proposed a technique to measure MLM using electrochemical sensors [21]. Pd-WO3 with aerogel as an electrochemical sensor, Raj Kumar et al proposed an amperometric determination of MLM [22]. ZnCr-LDH/tungsten carbide as an EC sensor, T Kokulnathan et al developed a disposable strip to determine MLM [23]. Cu-Co bimetallic MOF as a sensor, M Gharagozlou et al prepared a technique to determine MLM [24]. FSO/SO/g-C3N4 as a sensor, SM Babulal, et al developed a hybrid electrocatalyst to determine MLM [25]. Based on the previously reported sensors, a reusable, sensitive, efficient, and very low-level detector for MLM is still needed.",
            "\tObjectives of the Invention",
            "\t\u2022\tDevelop a novel electrochemical sensor using holmium-nanoplate-encapsulated reduced graphene oxide (HW/RGO) for the detection of mesalazine (MLM) in biological and pharmaceutical samples.",
            "\t\u2022\tUtilize carbon-based materials, particularly reduced graphene oxide (RGO), to enhance the electrical conductivity, surface area, and electron transfer capabilities of the sensor, thereby improving the overall sensitivity and performance.",
            "\t\u2022\tOvercome limitations associated with conventional electrodes, such as electrode fading and low sensitivity, by integrating RGO as a binder to create a highly sensitive and stable modified electrode.",
            "\t\u2022\tEmploy hydrothermal followed by ultrasonication methods to synthesize the HW/RGO nanocomposite, ensuring optimal electrocatalytic properties for effective MLM detection.",
            "\t\u2022\tUse spectroscopic techniques to characterize the newly designed HW/RGO nanomaterial, ensuring its structural integrity and suitability for electrochemical applications.",
            "\t\u2022\tAssess the electrochemical performance of the HW/RGO-modified glassy carbon electrode (GCE) using cyclic voltammetry (CV) and differential pulse voltammetry (DPV) methodologies to validate its efficacy in MLM detection.",
            "\t\u2022\tDemonstrate the practical application of the HW/RGO/GCE sensor by successfully detecting MLM in human urine and water samples with an appropriate recovery rate, ensuring its potential for real-world use in clinical and pharmaceutical settings.",
            "Summary of the Invention",
            "\tIn this invention, we prepared a novel rare earth metal tungstate composed of HW/RGO via a hydrothermal route for the electrochemical sensor detection of MLM. The resulting HW/RGO was characterized by various methods and used as a promising catalyst in electrochemical sensing. Owing to its enhanced electrochemical properties they show a low LOD of 0.0039 \u00b5M, a wide linear range of 0.01 - 723 \u00b5M. These satisfactory results were due to the synergetic effect between the HW and RGO which enhances the fast electron transfer ability. Thus, the developed sensor exhibits good stability, better sensitivity toward MLM detection, and easy synthesis. Accordingly, the tremendous recovery results of MLM in real samples show an excellent ability towards practical applicability. This research provides real-time applications, and cost-effectiveness for the MLM with high sensitivity, selectivity and anti-fouling properties.",
            "Brief Description of accompanying Drawings",
            "\tFigure 1 depicts The crystal structure of the synthesized HW, RGO, and HW/RGO was characterized by X-ray photoelectron spectroscopy Figure 2(a) depicts The morphology of the HW and HW/RGO was experimented with using FE-SEM and HR-TEM., suggesting that the nanoplate-like HW gets wrapped over the surface of RGO. The agglomeration of the HW was prevented in the composite and it will be beneficial for the sensor detection of MLM. Figure 3(a) displays the HRTEM image of the HW/RGO having a lattice distance of 0.3347 nm. The HW/RGO was synthesized successfully, and the HW gets connected to the RGO via a synergetic effect.. Figure 4(a) depicts the full survey spectrum of HW/RGO and shows the peaks for Ho, W, O, and C demonstrating the existence of those elements. Figure 5, shows the obtained EIS plots for HW/RGO/GCE (pink), RGO/GCE (blue), HW/GCE (yellow), and bare GCE (green). HW/RGO/GCE catalyst loading optimization studies have been conducted in the presence of MLM and its corresponding CV responses are shown in Figure 6a. The reaction effect of pH during the electrochemical sensing of MLM is investigated through CV analysis by altering the pH values from 3 to 11 upon the addition of 100 \u00b5M MLM. Figure 7. The CV signals for HW/RGO/GCE in the presence of varying concentrations of MLM from 20 to 100 \u00b5M under the 0.1 M PBS pH 7 conditions with a constant scan rate of 50 mVs-1 (Figure 8). To investigate MLM sensing in low concentrations, differential pulse voltammetry (DPV) analysis is adopted. Varying concentration from low to high of MLM is introduced into 0.1 M PBS and its responding DPV signals are displayed in Figure 9a",
            "Detailed Description of the Invention",
            "\tThis invention focuses on the development of a novel electrochemical sensor for the detection of mesalazine (MLM), a drug widely used in the treatment of ulcerative colitis. The sensor is based on a holmium-nanoplate-encapsulated reduced graphene oxide (HW/RGO) nanosheet, which was synthesized using a hydrothermal method followed by ultrasonication. This method is chosen due to its effectiveness in producing nanomaterials with superior electrocatalytic properties. RGO is selected as the primary material because of its exceptional electrical conductivity, large surface area, and fast electron transfer capabilities. These properties make RGO an ideal candidate for enhancing the performance of electrochemical sensors, particularly in increasing the active surface area, which in turn increases the number of adsorptive sites, leading to improved sensor sensitivity and selectivity.",
            "\tThe HW/RGO nanocomposite is comprehensively characterized using various spectroscopic techniques to confirm its structural and compositional attributes. The electrochemical performance of the HW/RGO-modified glassy carbon electrode (GCE) is evaluated using cyclic voltammetry (CV) and differential pulse voltammetry (DPV) methods. The results demonstrated that the HW/RGO/GCE exhibits excellent electrocatalytic activity, high conductivity, and a large surface area, all of which contribute to its effectiveness as a sensor. Furthermore, this sensor has shown remarkable sensitivity and stability in detecting MLM, even at low concentrations, making it a valuable tool for clinical and pharmaceutical applications.",
            "\tThe invention also addresses the issue of electrode fading, which is a common problem in electrochemical sensing. Instead of using traditional binders like Nafion, which can reduce the sensitivity of the nanomaterial, the invention utilizes RGO as a binder, thereby maintaining the high sensitivity and performance of the sensor. The HW/RGO/GCE sensor is successfully applied to the determination of MLM in human urine and water samples, achieving accurate and reliable results. This invention represents a significant advancement in the field of electrochemical sensors, offering a reusable, highly sensitive, and selective method for the detection of MLM in various samples.",
            "\tThe main advantages of the present invention are",
            "\t\u2022\tThe integration of RGO and rareearth nanomaterials improves sensitivity for precise amesalamine detection, even at low concentrations.",
            "\t\u2022\tThe constructed electrochemical sensor exhibits better result of wide linear range of 0.01 - 723 \u00b5M, high sensitivity of 1.3406 \u00b5A \u00b5M-1 cm-2, with a low LOD of 0.0039 \u00b5M.",
            "\t\u2022\tthe tremendous recovery results of MLM in real samples show an excellent ability towards practical applicability",
            "\t\u2022\tExhibits high reusability and repeatability, lowering costs and assuring consistent performance.",
            "\tReferences",
            "\t1.\tHanauer, S.B., Inflammatory bowel disease. N Engl J Med, 1996. 334(13): p. 841-8.",
            "\t2.\tSandborn, W. and S. Hanauer, The pharmacokinetic profiles of oral mesalazine formulations and mesalazine pro-drugs used in the management of ulcerative colitis. Alimentary pharmacology & therapeutics, 2003. 17(1): p. 29-42.",
            "\t3.\tTorkashvand, M., M.B. Gholivand, and F. Taherkhani, Fabrication of an electrochemical sensor based on computationally designed molecularly imprinted polymer for the determination of mesalamine in real samples. Mater Sci Eng C Mater Biol Appl, 2015. 55: p. 209-17.",
            "\t4.\tNigovic, B., M. Sadikovic, and S. Juric, Electrochemical sensing of mesalazine and its N-acetylated metabolite in biological samples using functionalized carbon nanotubes. Talanta, 2016. 147: p. 50-8.",
            "\t5.\tKim, S., et al., Electrochemical determination of mesalazine by using graphene oxide coated with a molecularly imprinted sol\u2013gel. Analytical Methods, 2016. 8(43): p. 7780-7788.",
            "\t6.\tAwual, M.R., et al., Efficient detection and adsorption of cadmium (II) ions using innovative nano-composite materials. Chemical Engineering Journal, 2018. 343: p. 118-127.",
            "\t7.\tRahman, M.M., et al., Fabrication of selective chemical sensor with ternary ZnO/SnO2/Yb2O3 nanoparticles. Talanta, 2017. 170: p. 215-223.",
            "\t8.\tRahman, M.M., et al., Ethanol sensor development based on ternary-doped metal oxides (CdO/ZnO/Yb 2 O 3) nanosheets for environmental safety. RSC advances, 2017. 7(37): p. 22627-22639.",
            "\t9.\tArshad, M.N., et al., Fabrication of cadmium ionic sensor based on (E)-4-Methyl-N'-(1-(pyridin-2-yl) ethylidene) benzenesulfonohydrazide (MPEBSH) by electrochemical approach. Journal of Organometallic Chemistry, 2017. 827: p. 49-55.",
            "\t10.\tHussain, M.M., et al., Hg2+ sensor development based on (E)-N'-nitrobenzylidene-benzenesulfonohydrazide (NBBSH) derivatives fabricated on a glassy carbon electrode with a nafion matrix. ACS omega, 2017. 2(2): p. 420-431.",
            "\t11.\tRahman, M.M., et al., Hydrazine sensors development based on a glassy carbon electrode modified with a nanostructured TiO 2 films by electrochemical approach. Microchimica Acta, 2017. 184: p. 2123-2129.",
            "\t12.\tAlam, M.K., et al., Ultra-sensitive 2-nitrophenol detection based on reduced graphene oxide/ZnO nanocomposites. Journal of Electroanalytical Chemistry, 2017. 788: p. 66-73.",
            "\t13.\tRahman, M.M., J. Ahmed, and A.M. Asiri, A glassy carbon electrode modified with ?-Ce 2 S 3-decorated CNT nanocomposites for uric acid sensor development: a real sample analysis. RSC advances, 2017. 7(24): p. 14649-14659.",
            "\t14.\tHussain, M.M., M.M. Rahman, and A.M. Asiri, Ultrasensitive and selective 4-aminophenol chemical sensor development based on nickel oxide nanoparticles decorated carbon nanotube nanocomposites for green environment. Journal of Environmental Sciences, 2017. 53: p. 27-38.",
            "\t15.\tKhan, A.A.P., et al., Sensor development of 1, 2 Dichlorobenzene based on polypyrole/Cu-doped ZnO (PPY/CZO) nanocomposite embedded silver electrode and their antimicrobial studies. International journal of biological macromolecules, 2017. 98: p. 256-267.",
            "\t16.\tAwual, M.R., et al., Ligand field effect for Dysprosium (III) and Lutetium (III) adsorption and EXAFS coordination with novel composite nanomaterials. Chemical Engineering Journal, 2017. 320: p. 427-435.",
            "\t17.\tAwual, M.R., et al., Inorganic-organic based novel nano-conjugate material for effective cobalt (II) ions capturing from wastewater. Chemical Engineering Journal, 2017. 324: p. 130-139.",
            "\t18.\tAwual, M.R., et al., Facile mercury detection and removal from aqueous media involving ligand impregnated conjugate nanomaterials. Chemical Engineering Journal, 2016. 290: p. 243-251.",
            "\t19.\tNigovic, B., M. Sadikovic, and S. Juric, Electrochemical sensing of mesalazine and its N-acetylated metabolite in biological samples using functionalized carbon nanotubes. Talanta, 2016. 147: p. 50-58.",
            "\t20.\tMoharana, A., et al., Development and validation of UV spectrophotometric method for the determination of mesalamine in bulk and tablet formulation. Int J Pharm Pharm Sci, 2011. 3(2): p. 19-21.",
            "\t21.\tHwa, K., A. Santhan, and T. Sharma, One-dimensional self-assembled Co2SnO4 nanosphere to nanocubes intertwined in two-dimensional reduced graphene oxide: an intriguing electrocatalytic sensor toward mesalamine detection. Materials Today Chemistry, 2022. 23: p. 100739.",
            "\t22.\tRajkumar, C., J.-H. Choi, and H. Kim, Mixture of carbon aerogel with Pd\u2013WO3 nanorods for amperometric determination of mesalazine. Microchimica Acta, 2021. 188: p. 1-9.",
            "\t23.\tKokulnathan, T., et al., Hydrothermal synthesis of ZnCr-LDH/tungsten carbide composite: a disposable electrochemical strip for mesalazine analysis. Chemical Engineering Journal, 2023. 451: p. 138884.",
            "\t24.\tGharagozlou, M., K. Eskandari, and S. Sadjadi, Nano-porous Cu-Co bimetallic MOF-based modified carbon paste electrode for electrochemical sensing of mesalazine. Journal of Materials Science: Materials in Electronics, 2023. 34(9): p. 778.",
            "\t25.\tBabulal, S.M., et al., Fabrication of iron tin oxide/tin oxide intertwined graphitic carbon nitride hybrid composite electrocatalyst for electrochemical detection of 5-aminosalicylic acid in human urine and pharmaceutical tablet samples. Journal of the Taiwan Institute of Chemical Engineers, 2023. 145: p. 104837.",
            "\t, Claims:CLAIMS",
            "\tWe Claim:",
            "\t1. An electrochemical sensor for the detection of mesalazine (MLM) in biological and pharmaceutical samples, comprising a holmium-nanoplate-encapsulated reduced graphene oxide (HW/RGO) composite as the sensing material.",
            "\t2. The sensor of claim 1,  wherein the reduced graphene oxide (RGO) enhances the electrical conductivity, surface area, and electron transfer capabilities, leading to increased sensitivity and stability.",
            "\t3. The sensor of claim 1, wherein the HW/RGO composite is synthesized using a hydrothermal method followed by ultrasonication, optimizing its electrocatalytic properties for effective MLM detection.",
            "\t4. The sensor of claim 1, wherein the HW/RGO-modified glassy carbon electrode (GCE) exhibits a low limit of detection (LOD) of 0.0039 \u00b5M and a wide linear range of 0.01 - 723 \u00b5M for MLM detection.",
            "\t5. The sensor of claim 1, wherein the HW/RGO/GCE sensor demonstrates high reusability and repeatability, ensuring consistent performance and cost-effectiveness for MLM detection.",
            "\t6. A method for detecting mesalazine (MLM) in human urine and water samples, utilizing the HW/RGO-modified glassy carbon electrode (GCE) as described in claim 1, with the detection accuracy enhanced by cyclic voltammetry (CV) and differential pulse voltammetry (DPV).",
            "\t7. The method of claim 6, wherein the HW/RGO/GCE sensor provides high recovery rates of MLM in real samples, demonstrating its practical applicability in clinical and pharmaceutical settings.",
            "\t8. A method for synthesizing the HW/RGO nanocomposite, wherein holmium-nanoplates and reduced graphene oxide are combined via hydrothermal synthesis followed by ultrasonication, resulting in a sensor material with superior electrocatalytic properties.",
            "\t9. The sensor of claim 1, wherein the integration of RGO with holmium nanoplates provides a synergistic effect, enhancing electron transfer and improving the sensitivity and selectivity of MLM detection.",
            "\t10. A method for characterizing the HW/RGO nanocomposite, involving the use of spectroscopic techniques to confirm the structural integrity and suitability of the material for electrochemical sensing applications.",
            "\tDated this the 03rd day of September 2024.",
            "\tSenthil Kumar B",
            "\tAgent for the applicant",
            "\tIN/PA-1549"
        ],
        "Inventors": [
            {
                "Name": "Dr. Ramachandran Balaji",
                "Address": "Assistant Professor, Centre of Excellence for Nanotechnology, Department of Electronics and Communication Engineering, Koneru Lakshmaiah Education Foundation, Green Fields, Vaddeswaram, Andhra Pradesh 522302, India",
                "Country": "India",
                "Nationality": "India"
            },
            {
                "Name": "Dr. Ruspika Sundaresan",
                "Address": "Post Doctorate, Mingchi University of Technology, New Taipei, Taiwan.",
                "Country": "Taiwan",
                "Nationality": "India"
            },
            {
                "Name": "Dr. S.R. Srither",
                "Address": "Associate Professor, Centre of Excellence for Nanotechnology, Department of Electronics and Communication Engineering, Koneru Lakshmaiah Education Foundation, Green Fields, Vaddeswaram, Andhra Pradesh 522302, India",
                "Country": "India",
                "Nationality": "India"
            },
            {
                "Name": "Dr. Suman Maloji",
                "Address": "Professor, Centre of Excellence for Nanotechnology, Department of Electronics and Communication Engineering, Koneru Lakshmaiah Education Foundation, Green Fields, Vaddeswaram, Andhra Pradesh 522302, India",
                "Country": "India",
                "Nationality": "India"
            },
            {
                "Name": "Dr. Santosh Kumar",
                "Address": "Professor, Centre of Excellence for Nanotechnology, Department of Electronics and Communication Engineering, Koneru Lakshmaiah Education Foundation, Green Fields, Vaddeswaram, Andhra Pradesh 522302, India",
                "Country": "India",
                "Nationality": "India"
            },
            {
                "Name": "Dr. Narendhar Chandrasekar",
                "Address": "Research Assistant Professor, Department of BioNano Technology, Gachon University, 1342 Seongnam-Daero, Sujeong-Gu, 12 Seongnam-si 13120, Gyeonggi-do, Republic of Korea",
                "Country": "Republic of Korea",
                "Nationality": "India"
            }
        ],
        "Applicants": [
            {
                "Name": "Koneru Lakshmaiah Education Foundation",
                "Address": "Koneru Lakshmaiah Education Foundation Green Fields, Vaddeswaram, Guntur, Andhra Pradesh 522302",
                "Country": "India",
                "Nationality": "India"
            },
            {
                "Name": "Dr. Ramachandran Balaji",
                "Address": "Assistant Professor, Centre of Excellence for Nanotechnology, Department of Electronics and Communication Engineering, Koneru Lakshmaiah Education Foundation, Green Fields, Vaddeswaram, Andhra Pradesh 522302, India",
                "Country": "India",
                "Nationality": "India"
            }
        ]
    }
}