{
    "202441069244": {
        "Invention Title": "Luggage Rack Assembly for Vehicle",
        "Publication Number": "38/2024",
        "Publication Date": "20/09/2024",
        "Publication Type": "INA",
        "Application Number": "202441069244",
        "Application Filing Date": "13/09/2024",
        "Priority Number": "",
        "Priority Country": "",
        "Priority Date": "",
        "Field Of Invention": "CIVIL",
        "Classification (IPC)": "E21B0047060000, F04C0023000000, H04M0003420000, G01N0033680000, H04Q0003000000",
        "Abstract": "Luggage Rack Assembly for Vehicle\n\n[0047]\tThe present invention discloses a luggage rack assembly (4) for a vehicle (1), comprising a stationary member (5), a movable member (6) and at least one support member (10) provided between the stationary member (5) and the movable member (6). The stationary member (5) is rigidly attachable to a vehicle interior (2). The support member (10) is capable of supporting one or more loads (100) and is movable between a contracted state and a stretched state. The movable member (6) is slidably coupled to the vehicle interior (2).\n(Figure 1)",
        "Description": [
            "Description:Preamble to the description",
            "\t[0001]\tThe following specification particularly describes the invention and the manner in which it is to be performed:",
            "Description of the invention",
            "Technical field of the invention",
            "\t[0002]\tThe present invention relates to luggage accommodation in vehicles. More particularly, the invention relates to a luggage rack assembly for a vehicle, such as a passenger bus.",
            "Background of the invention",
            "\t[0003]\tGenerally, a passenger bus includes a luggage compartment below vehicle floor, in order to provide a clutter-free environment within a vehicle interior. To accommodate a large volume of luggages and the vehicle components, the floor of the buses are maintained at a higher level. Even though such buses are very convenient for common public, people with walking disability, in particular wheelchair riding people, find it very difficult to access such buses. To facilitate wheelchair accessibility, some buses are built with a lifting assembly that can lift wheelchair along with the rider into the buses. However, such mechanism consumes too much space in the vehicle and also increases complexity, weight and cost of the buses.",
            "\t[0004]\tThis problem is not faced in low floor buses, as they include a floor that is closer to a road surface, and thus making them easy to access by a wheelchair-riding person by simply riding over a convertible incline plane. Since the floor is too low, the passengers have to keep their luggages within the vehicle interior. To accommodate the luggages, it has become quite common to include a rack within a bus interior. Though the placement of racks inside buses is quite impressive, the rack may consume too much of interior space even when there is no luggage to be placed in the rack, and thereby reducing a space available for standing passengers or wheelchair riding passengers.",
            "\t[0005]\tJapanese Granted Patent No.: JP 6993823 B2 discloses a goods shelf comprising a pair of legs and a set of foldable plates connected between the legs. The plates are flat under normal conditions to accommodate goods and are foldable when not use. When there is no goods to store, the plates can be folded to bring the legs come closer to one another and thereby reducing a total space occupied by the shelf. However, the shelf requires a complex lock unit for retaining the plates in a flat position and folded position and for moving the shelf between usage and storage positions, which makes it difficult to be installed in a vehicle. Therefore, there is still room for development of a rack for use in a vehicle that allows racking of luggages while allowing easy storage or collapsing when there is need for space to accommodate a wheelchair-riding passenger.",
            "\t[0006]\tHence, there is need for a luggage rack assembly for a vehicle that can be moved between storage and usage positions in a simple manner while allowing the assembly in the positions without a need for complex locking mechanism. Furthermore, there is need for a luggage rack assembly that can be easily modified according to space requirements.",
            "Summary of the Invention",
            "\t[0007]\tThe present invention relates to a luggage rack assembly for a vehicle such as passenger bus. The assembly comprises a stationary member, a movable member and at least one support member provided between the stationary member and the movable member. The support member is capable of supporting one or more loads and is movable between a contracted state and a stretched state. The stationary member is rigidly attachable to a vehicle interior, and the movable member is slidably coupled to the vehicle interior.",
            "\t[0008]\tIn a prerferred embodiment, the support member includes at least two support portions hingedly connected to one another. One of the support portions is hingedly connected to the stationary member and another of the support portions is hingedly connected to the movable member.",
            "\t[0009]\tIn one aspect of the present invention, the vehicle interior includes a vehicle floor and/or a vehicle sidewall.",
            "\t[0010]\tIn one embodiment, at least one sliding mechanism is provided for facilitating slidability of the movable member with respect to the vehicle interior. The sliding mechanism includes at least one sliding channel and at least one slider.  The sliding channel is rigidly attachable to the vehicle interior, and the slider is rigidly attachable to the movable member and is slidable along the sliding channel.",
            "\t[0011]\tIn a preferred embodiment, the slider is lockable with respect to the sliding channel at at least two positions. At least one spring is rotatably connected between the support member and the movable member and between the stationary member and the support member.",
            "\t[0012]\tThe present invention enables the assembly to be contracted and stretched according to the requirements. For instance, the assembly can be configured to occupy the entire length of a standing area of a passenger bus in the stretched state. Thereby, when there is no wheelchair-riding passenger in the vehicle, the assembly can be stretched completely to allow passengers to rack their luggages on the assembly. When one or more wheelchair-riding passengers board the vehicle, the assembly can be contracted to allow the wheelchair-riding passengers to be accommodated without any restrictions. Furthermore, the springs reduce a manual force required to contract or stretch the assembly. The sliding mechanism enables the movable member to be moved smoothly while facilitating stability of the assembly in a simple manner without requiring complex components or structure.",
            "\t[0013]\tIn an alternate embodiment, the support member includes at least two support portions telescopically coupled to one another. Each support portion includes multiple cylinders telescopically coupled to cylinders of another support portion.",
            "\t[0014]\tThe present invention allows the movable member to be locked at at least one intermediate position between the stretched state and the contracted state, which in turn allows modifying a luggage volume of the assembly according to different requirements, and thereby enabling firming holding of the loads even when the vehicle sways or tilts. Since the support portions are telescopically coupled, the support portions retain their horizontal orientation throughout the process, and therefore the assembly provides some space for loading the loads even when the assembly is completely contracted.",
            "[0015]\tThese and other aspects of the embodiments herein will be better appreciated and understood when considered in conjunction with the following description and the accompanying drawings. It should be understood, however, that the following descriptions, while indicating preferred embodiments and numerous specific details thereof, are given by way of illustration and not of limitation. Many changes and modifications may be made within the scope of the embodiments herein without departing from the scope thereof, and the embodiments herein include all such modifications.",
            "Brief description of the drawings",
            "[0016]\tThe foregoing and other features of embodiments will become more apparent from the following detailed description of embodiments when read in conjunction with the accompanying drawings. In the drawings, like reference numerals refer to like elements.",
            "\t[0017]\tFigure 1 illustrates a perspective view of a luggage rack assembly for a vehicle, in accordance with an exemplary embodiment of the present invention.",
            "\t[0018]\tFigure 2 illustrates a perspective view of the luggage assembly in a contracted state, in accordance with an exemplary embodiment of the present invention.",
            "\t[0019]\tFigure 3 illustrates a front view of the luggage rack assembly in Figure 1.",
            "\t[0020]\tFigure 4 illustrates a front view of the luggage rack assembly in Figure 1, while contracting.",
            "\t[0021]\tFigure 5 illustrates a front view of the luggage rack assembly in Figure 1, in contracted state.",
            "\t[0022]\tFigure 6 illustrates a side view of the luggage rack assembly in Figure 1.",
            "\t[0023]\tFigure 7 illustrates a front view of the luggage rack assembly in Figure 1, installed within a vehicle interior.",
            "\t[0024]\tFigure 8 illustrates a front view of the luggage rack assembly in Figure 7 when contracted.",
            "\t[0025]\tFigure 9 illustrates a top view of a typical vehicle interior.",
            "\t[0026]\tFigure 10 illustrates a front view of a luggage rack assembly in accordance with an alternate embodiment of the present invention.",
            "\t[0027]\tFigure 11 illustrates a perspective view of the luggage rack assembly in Figure 9.",
            "\t[0028]\tFigure 12 illustrates a perspective view of the luggage rack assembly in Figure 11 when contracted.",
            "Detailed description of the invention",
            "[0029]\tReference will now be made in detail to the description of the present subject matter, one or more examples of which are shown in figures. Each example is provided to explain the subject matter and not a limitation. Various changes and modifications obvious to one skilled in the art to which the invention pertains are deemed to be within the spirit, scope and contemplation of the invention.",
            "\t[0030]\tFigure 1 illustrates a perspective view of a luggage rack assembly for a vehicle, preferably a commercial passenger vehicle, in accordance with an exemplary embodiment of the present invention. The assembly (4) comprises a stationary member (5), a movable member (6) and at least one support member (10) capable of supporting one or more load(s) (100) such as luggages. In a preferred embodiment, the assembly (4) is provided within a vehicle interior (2, shown in Figure 9) of the vehicle (1, shown in Figure 9). More preferably, the vehicle (1) is a passenger bus. Most preferably, the vehicle (1) is a passenger bus with a wheelchair accessible doorway.",
            "\t[0031]\tThe stationary member (5) is rigidly attachable to a vehicle interior (2), while the movable member (6) is slidably coupled to the vehicle interior (2). In a preferred embodiment, the stationary member (5) is rigidly attachable to at least one of a vehicle floor (3, shown in Figure 9), a vehicle sidewall (9, shown in Figure 9) and a ceiling (not shown) in the vehicle interior (2), while the movable member (6) is slidably coupled to  at least one of the vehicle floor (3), the vehicle sidewall (9) and the ceiling in the vehicle interior (2). More preferably, the stationary member (5) is rigidly attachable to the vehicle floor (3), the vehicle sidewall (9) and the ceiling in the vehicle interior (2), while the movable member (6) is slidably coupled to  the vehicle floor (3), the vehicle sidewall (9) and the ceiling in the vehicle interior (2).",
            "\t[0032]\tThe support member (10) is provided between the stationary member (5) and the movable member (6) and is capable of supporting one or more load(s) (100) such as luggages. The support member (10) is convertible between a contracted state and a stretched state. In a preferred embodiment, the support member (10) is convertible to the contracted state by folding and is convertible to the stretched state by unfolding. A total space occupied by the assembly (4) is minimum when the support member (10) is in the contracted state, as shown in Figure 2, which allows accommodating one or more wheelchair-riding passengers or standing passengers in the vehicle interior (2). A total space occupied by the assembly (4) is maximum when the support member (10) is in the stretched state, as shown in Figures 1 & 3, which allows accommodating one or more loads (100) on the support members (10).",
            "\t[0033]\tIn a preferred embodiment, the assembly (4) comprises multiple support members (10), wherein each support member (10) includes at least two support portions (10a, 10b) hingedly connected to one another by one or more hinges (13), as shown in Figures 3-4. Furthermore, the support portion (10a) is hingedly connected to the stationary member (5) and the support portion (10b) is hingedly connected to the movable member (6). The hinged connections facilitate folding and unfolding of each support member (10), as shown in Figures 3-5.",
            "\t[0034]\tAt least one sliding mechanism is provided for facilitating slidability of the movable member (6) with respect to the vehicle interior (2). In a preferred embodiment, the movable member (6) includes two leg member (6a, 6b, shown in Figure 6), wherein a separate sliding mechanism facilitates slidability of the corresponding leg member (6a, 6b). Each sliding mechanism includes at least one sliding channel (11) rigidly attachable to the vehicle interior (2) and at least one slider (12) rigidly attachable to the movable member (6) and slidable along the sliding channel (11).",
            "\t[0035]\tEach sliding channel (11) is embedded to the vehicle floor (3) or the vehicle sidewall (9) of the vehicle interior (2) and each slider (12) is rigidly attachable to the corresponding leg member (6a, 6b) of the movable member (6). In a preferred embodimebt, each slider (12) is lockable with respect to the corresponding sliding channel (11) at at least two positions. More preferably, the slider (12) is lockable with respect to the corresponding sliding channel (11) at a first position, when the support member (10) is in the contracted state, and is lockable with respect to the corresponding sliding channel (11) at a second position, when the support member (10) is in the stretched state.",
            "\t[0036]\tIn a preferred embodiment, each slider (12) includes a locking means (not shown) such as spring loaded hook, push button lock and the like, and each sliding channel (11) includes at least two mating means (not shown) e.g. loop, hole and the like, capable of receiving a locking means of the corresponding slider (12).",
            "\t[0037]\tOptionally, the assembly (4) includes a sliding rod rigidly attached to the vehicle sidewall (9) and a ring or hoop slidale along the sliding rod is rigidly attached to the movable member (6) to facility a stable sliding of the movable member (6) with respect to the vehicle interior (2). A cushion (7) is attachable to the movable member (6) for providing a soft support for a wheelchair-riding passenger, as shown in Figure 7. Additionally, a safety belt (15) can be provided in the movable member (6) to allow restraining of the wheelchair-riding passenger with respect to the cushion (7). Furthermore, a grab handle (8) can be provided in the movable member (6) to allow a passenger to grab for support while moving within the vehicle interior (2).",
            "\t[0038]\tThe assembly (4) further comprises at least one spring (14) rotatably connected between the support member (10) and the movable member (6) and/or between the stationary member (11) and the stationary member (5). In a preferred embodiment, at least one spring (14) e.g. gas spring, is rotatably connected to each support portion (10a, 10b) at one end and to the movable member (6) or stationary member (5) at the other end to facilitate moving of the movable member (6) to the contracted state and/or the stretched state. Also, the springs (14) facilitate holding the support portions (10a, 10b) in position when the assembly (4) is moved to the contracted state and/or the stretched state.",
            "\t[0039]\tIn order to move the assembly (4) to the contracted state, a user releases each locking means from the corresponding mating means and gently pushes the movable member (6) towards the stationary member, wherein potential energy stored in the springs (14) function to move the movable member (6) without additonaly manual force. Similarly, while moving the assembly (4) to the stretched state, the user releases each locking means from the corresponding mating means and gently pulls the movable member (6) away from the stationary member (5), wherein potential energy stored in the springs (14) function to move the movable member (6) without additonaly manual force.",
            "\t[0040]\tIn one embodiment, the springs (14) may be replaced with one or more electromechanical actuators such as hydraulic or pneumatic actuators, for moving the movable member (6) without a need for manual force. In one embodiment, a switch for activation and/or deactivation of the electromechanical actuators can be connected to the locking means, such that when the locking means is released, the electromechanical actuators are activated and, when the locking means is locked to the corresponding mating means, the electromechanical actuators are deactivated. In another embodiment, the locking means as well as the electromechanical actuators are automated by any conventional microprocessor based means, for enabling a vehicle driver to move the movable member (6) by operating a switch provided at the driver\u2019s cabin.",
            "\t[0041]\t The present invention enables the assembly (4) to be contracted and stretched according to the requirements. For instance, the assembly (4) can be configured to occupy the entire length of a standing area of a passenger bus in the stretched state. Thereby, when there is no wheelchair-riding passenger in the vehicle (1), the assembly (4) can be stretched completely to allow passengers to rack their luggages on the assembly (4). When one or more wheelchair-riding passengers board the vehicle (1), the assembly (4) can be contracted to allow the wheelchair-riding passengers to be accommodated without any restrictions, as shown in Figure 8. Furthermore, the springs (14) reduce a manual force required to contract or stretch the assembly (4). When electromechanical actuators are incorporated, the assembly (4) can be fully or partially automated to simply the process. Still more, the sliding mechanism enables the movable member (6) to be moved smoothly while facilitating stability of the assembly (4).",
            "\t[0042]\tIn some embodiments, the assembly (4) can be configured to allow locking the movable member (6) in at least one position between the contracted state and the stretched state without a need for removing all the loads (100) from the assembly (4). For example, Figures 10-12 illustrate the assembly (4) that allow the movable member (6) to be moved to one or more intermediate state between the stretched state and the contracted state. In this example, each support member (10) includes at least two support portions (10a, 10b) telescopically coupled to one another.",
            "\t[0043]\tEach support portion (10a, 10b) includes multiple cylinders (10c) telescopically coupled to cylinders (10d) of another support portion (10a, 10b), as shown in Figure 13. The cylinders (10c, 10d) may be formed as hydraulic or pneumatic cylinders fluidly connected to a pumping mechanism wherein the pumping mechanism can be operated by a switch to automate the stretching and contracting processes of the assembly (4). Furthermore, the hydraulic or pneumatic configuration allows locking of the movable member (6) at infinite number of positions between the stretched state and the contracted state, which in turn allows modifying a luggage volume of the assembly (4) according to different requirements, and thereby enabling firm holding of the load(s) (100) even when the vehicle (1) sways or tilts. Still more, since the support portions (10a, 10b) are telescopically coupled, the support portions (10a, 10b) retain their horizontal orientation throughout the process, and therefore the assembly (4) provides some space for loading the loads even when the assembly (4) is completely contracted.",
            "\t[0044]\tIn one embodiment, the support members (10) include one or more vertical portions rigidly or hingedly attached to the support portions (10a, 10b) for preventing any unwanted horizontal movement of the loads (100) while the vehicle is moving, and thereby protecting the loads (100) from slipping out of the support members (10) and falling on a passenger or the vehicle floor (3) and injuring the passenger and/or damaging the loads (100).",
            "\t[0045]\tEven the above embodiments show the present invention as be implemented in a passenger bus, it is to be understood that it can also be implemented in goods carrying vehicles such as a goods container, train coach, loading compartment of a truck and the like. Furthermore, it is to be understood that the drawings in the figures are for illustrations purpose only and that the actual product may different in shape and dimensions.",
            "\t[0046]\tThe list of reference numerals and part names thereof are as follows:",
            "\t(1) Vehicle",
            "\t(2) Vehicle interior",
            "\t(3) Vehicle floor",
            "\t(4) Luggage rack assembly",
            "\t(5) Stationary member",
            "\t(6) Movable member",
            "\t(6a, 6b) Leg members",
            "\t(7) Cushion",
            "\t(8) Grab handle",
            "\t(9) Vehicle side wall",
            "\t(10) Support members",
            "\t(10a, 10b) Support sections",
            "\t(10c, 10d) Cylinders",
            "\t(11) Sliding channel",
            "\t(12) Slider",
            "\t(13) Hinges",
            "\t(14) Springs",
            "\t(15) Safety belt",
            "\t(100) Load.",
            "\t, Claims:We claim:",
            "\t1.\tA luggage rack assembly (4) for a vehicle (1), comprising:",
            "\ta)\ta stationary member (5);",
            "\tb)\ta movable member (6);",
            "\tc)\tat least one support member (10) provided between said stationary member (5) and said movable member (6) and capable of supporting one or more loads (100),",
            "\tcharacterized in that,",
            "\t-\tsaid support member (10) is movable between a contracted state and a stretched state;",
            "\t-\tsaid stationary member (5) is rigidly attachable to a vehicle interior (2); and",
            "\t-\tsaid movable member (6) is slidably coupled to said vehicle interior (2).",
            "\t2.\tThe assembly (4) as claimed in claim 1, wherein said support member (10) includes at least two support portions (10a, 10b) hingedly connected to one another.",
            "\t3.\tThe assembly (4) as claimed in claim 2, wherein one of said said support portions (10a, 10b) is hingedly connected to said stationary member (5) and another of said support portions (10a, 10b) is hingedly connected to said movable member (6).",
            "\t4.\tThe assembly (4) as claimed in claim 1, comprising at least one sliding mechanism for facilitating slidability of said movable member (6) with respect to said vehicle interior (2).",
            "\t5.\tThe assembly (4) as claimed in claim 4, wherein said sliding mechanism includes:",
            "\t-\tat least one sliding channel (11) rigidly attachable to said vehicle interior (2); and",
            "\t-\tat least one slider (12) rigidly attachable to said movable member (6) and slidable along said sliding channel (11).",
            "\t6.\tThe assembly (4) as claimed in claim 5, wherein said slider (12) is lockable with respect to said sliding channel (11) at at least two positions.",
            "\t7.\tThe assembly (4) as claimed in claims 1-7, wherein said vehicle interior (2) includes a vehicle floor (3) and/or a vehicle sidewall (9).",
            "\t8.\tThe assembly (4) as claimed claim 1, at least one spring (14) rotatably connectable between said support member (10) and said movable member (6) and between said support member (10) and said stationary member (5).",
            "\t9.\tThe assembly (4) as claimed in claim 1, wherein said support member (10) includes at least two support portions (10a, 10b) telescopically coupled to one another.",
            "\t10.\tThe assembly (4) as claimed in claim 9, wherein each support portion (10a, 10b) comprises multiple cylinders (10c) telescopically coupled to the cylinders (10d) of another support portion (10a, 10b)."
        ],
        "Inventors": [
            {
                "Name": "Rajan Sharma",
                "Address": "C/o Daimler Truck Innovation Center India Private Limited\n                                    Whitefield Palms, Plot No. 9 & 10, EPIP Zone, Phase 1\n                                    Whitefield Road, Bangalore, Karnataka, India 560066",
                "Country": "India",
                "Nationality": "India"
            },
            {
                "Name": "Praveen R Reddy",
                "Address": "C/o Daimler Truck Innovation Center India Private Limited\n                                    Whitefield Palms, Plot No. 9 & 10, EPIP Zone, Phase 1\n                                    Whitefield Road, Bangalore, Karnataka, India 560066",
                "Country": "India",
                "Nationality": "India"
            }
        ],
        "Applicants": [
            {
                "Name": "Daimler Truck AG",
                "Address": "Fasanenweg 10, Leinfelden-Echterdingen, Germany",
                "Country": "Germany",
                "Nationality": "Germany"
            }
        ]
    }
}