{
    "202441069346": {
        "Invention Title": "A synthetic Listeriolysin-O peptide-based indirect ELISA for detection of L. monocytogenes infection in ruminants",
        "Publication Number": "38/2024",
        "Publication Date": "20/09/2024",
        "Publication Type": "INA",
        "Application Number": "202441069346",
        "Application Filing Date": "13/09/2024",
        "Priority Number": "",
        "Priority Country": "",
        "Priority Date": "",
        "Field Of Invention": "BIOTECHNOLOGY",
        "Classification (IPC)": "C07K14/195, A61K38/16, A61K39/02, A61P31/04",
        "Abstract": "The present invention discloses A synthetic peptide Listeriolysin O (LLO-3 and LLO-4) as an antigen, comprising Seq. ID 1 and Seq. ID 2 derived from Listeriolysin O protein of L. monocytogenes strain at 18-29 amino acid position for LLO-3 and at 25-36 amino acid position for LLO-4 for sero-screening of listeriosis in ruminants. The synthetic peptides identified from the Listeriolysin-O protein of L. monocytogenes strains have been standardized and compared with results of existing Listeriolysin O (LLO-2) in i-ELISA test format with screening of the field \u2018sera\u2019 samples using Listeriolysin O (LLO-3 and LLO-4) peptides as antigens for serodiagnosis of Listeriosis in bovines and caprine",
        "Description": [
            "Description:FIELD OF THE INVENTION",
            "\tThe present invention relates to the development of a category of serodiagnosis for Listeriosis. More particularly, the present invention relates to the Listeriolysin-O (LLO) peptide-based indirect enzyme linked immunosorbent assay technique for the detection of Listeria monocytogenes infection.",
            "BACKGROUND OF THE INVENTION",
            "\tListeriosis is known as a circling disease and/or silage disease which is highly fatal in ruminants such as sheep, goats, cattle, buffalo, camel, including non-ruminants like horses, pigs, canines, rodents, wild animals, birds, and humans. According to the Centre for Disease Control and Prevention (CDC), the disease Listeriosis was included in the list of nationally notifiable diseases in the year, 2001. It is the second most common cause of fatal food-borne illness after Salmonella infections. The fatality rate associated with Listeriosis is as high as 30%, especially in high-risk population groups such as immune-compromised individuals, the elderly, and the newborns with an overall hospitalization rate of > 95%. The annual global burden of Listeriosis in the year 2010 was estimated to be more than 23,000 illnesses, almost 5500 deaths, and 172,823 disability-adjusted life-years (DALYs). Globally, the majority of Listeriosis cases have been reported either in sporadic or epidemic form, and most often the infection in animals is subclinical but in many cases a severe form can also occur. Listeriosis is characterized by neural, visceral, and reproductive clinical entities usually manifested with septicaemia, encephalitis, meningitis, meningoencephalitis, rhomb encephalitis, abortion, stillbirth, perinatal infections, and gastroenteritis in humans and animals. Moreover, \u2018Meningitis\u2019 due to Listeria has been ranked at third position among the bacterial causes of meningitis in humans.",
            "\tIn the true sense, the epidemiological data available on Listeriosis in India to date is not adequate for assessing the extent of infection in human beings and animals. The disease largely remains undiagnosed and underreported due to the lack of mandatory notification and awareness on Listeriosis and also due to the lack of reliable, rapid, and simple diagnostic tests.",
            "\tConventionally, the most authentic diagnosis of Listeriosis is made by culture-based method which is also regarded as the \u2018Gold standard test\u2019. However, it requires 2 to 3 days to provide presumptive positive results and an additional 2 to 4 days to confirm the suspected colonies by biochemical tests. Besides being time-consuming and laborious, conventional testing fails to discriminate between pathogenic and non-pathogenic strains. The pathogenicity testing of Listeria isolates is performed either by in vitro pathogenicity tests namely, hemolysis on sheep blood agar (SBA); phosphatidylinositol-specific phospholipase C (PI-PLC) activity on Agar Listeria according to Ottaviani and Agosti (ALOA) medium or Phosphoinositide-specific phospholipase (PI-PLC) substrate medium and by the in vivo methods like chick embryo and mouse inoculation tests. Hence, it becomes mandatory to correlate these isolates with the cases of Listeriosis.",
            "\tIn the last two decades, nucleic acid amplification-based methods such as polymerase chain reaction (PCR) have been employed to detect L. monocytogenes isolates. Many gene amplification procedures such as polymerase chain reaction (PCR), multiplex PCR (m PCR), and Real-Time PCR have been developed for the identification, differentiation, and quantification of Listeria species, however, such processes also have limitations like to perform these tests, sophisticated laboratories including costly instruments are required. Besides this, they are not economical, and highly trained personnel are required to perform and analyze the results.",
            "\tMany serodiagnostic assays employing the somatic (O), flagellar (H), cold-extracted or sonicated antigens, and outer membrane protein (OMP) of Listeria spp. have been evaluated for screening animal and human Listeriosis cases. However, these conventional assays cannot be relied upon because of their poor specificity and sensitivity. In the recent past, indirect ELISA aimed at identifying anti-Listeriolysin O antibody (ALLO) which has been extensively used for the Serodiagnosis of Listeria infections in humans, goats, sheep, buffaloes, and cattle. However, the cross-reactivity of antibodies against anti-Listeriolysin O antibody (ALLO) with those produced against the streptolysin O (SLO) which is a haemolysin produced by Streptococcus spp., remains a major limitation of this assay which calls for the adsorption of test sera with streptolysin O (SLO) before its testing.",
            "\tCurrently, synthetic peptide-based diagnostic assays have been devised as novel approaches for the rapid and reliable diagnosis of infectious diseases. The, synthetic peptides are quite stable, economical to scale up, have high specificity and antigenicity, greater reproducibility, and have no variation in results between the batches. Therefore, in recent years specific synthetic peptide(s) have been used as specific antigens in developing rapid immunodiagnostic tests for reliable screening of important infectious agents including zoonotic pathogens, namely, Mycobacterium tuberculosis, Listeria monocytogenes, and Coxiella burnetii.",
            "\tThe present invention is based on immunoassays that aim at identifying antigens with the advantage of screening a large number of samples, are highly economical, easy to perform, and can be interpreted easily. Ideally, such assays must have sufficient diagnostic sensitivity and specificity to detect the causative agent or their antibodies. In the present invention, two specific synthetic peptides of Listeriolysin O (LLO-3, LLO-4) have been identified which can be used as an antigen in indirect enzyme-linked immunosorbent assay (ELISA) for sero-screening of Listeriosis in bovines and caprine.",
            "\tOBJECTIVE OF THE INVENTION",
            "\tThe principle object of the present invention is to identify specific antigens i.e., synthetic peptides of Listeriolysin O (LLO) for the development of a serodiagnostic assay for the detection of Listeriosis infection in bovines and caprine.",
            "\tAnother object of the present invention is to develop an indirect enzyme-linked immunosorbent assay (ELISA) method employing identified synthetic peptides of Listeriolysin O (LLO-3 and LLO-4).",
            "\tAnother object of the present invention is to evaluate the performance of the developed indirect enzyme-linked immunosorbent assay (ELISA) method for diagnostic sensitivity by comparing the results with the existing synthetic Listeriolysin O (LLO-2) peptide-based indirect enzyme-linked immunosorbent assay (ELISA) results.",
            "\tYet another object of the present invention is to evaluate the performance of the developed enzyme-linked immunosorbent assay (ELISA) method for diagnostic sensitivity by comparing the results with the gold standard cultural-based method.",
            "Other objects, features, and advantages will become apparent from the detailed description and appended claims to those skilled in the art.",
            "SUMMARY OF THE INVENTION",
            "\tThe present invention discloses a synthetic peptide of Listeriolysin O (LLO-3, and LLO-4) as an antigen comprising Seq. ID 1 and Seq. ID 2 derived from Listeriolysin O protein of the L. monocytogenes strain at (18-29) amino acid (aa) position for LLO-3 and at (25-36) aa position for LLO-4 for sero-screening of Listeriosis in ruminants.",
            "\tSeq. ID 1 is AQQTEAKDASAF",
            "\tSeq. ID 2 is DASAFNKENSIS.",
            "\tIn brief, protein sequences of Listeriolysin O (LLO) protein (NCBI protein ID: NP_463733) of the L. monocytogenes strain were retrieved from the NCBI database. These retrieved sequences from the NCBI database were subjected to identify trans-membrane regions using TOPCON software (http://topcons.net) and/or IEDB online analysis resources. These identified regions were further screened for their antigenicity (B-cell epitopes), surface probability, hydrophobicity plot, and flexibility scores using the protean module of LASERGENE software. The highly specific peptide sequences identified after NCBI protein BLAST were shortlisted for the detection of L. monocytogenes (Table 1). The identified peptides matched with Listeria monocytogenes (LLO) while no other bacterial toxins matched the query. Further, the peptide of the region between amino acid (18 to 36) matched with \u2018NCBI BLASTP\u2019 search data and the peptide sequence matched with Listeria monocytogenes (Listeriolysin O (LLO).",
            "\tThe identified Listeriolysin O (LLO-3 and LLO-4) peptides were synthesized from Sigma Aldrich, USA. The purity of the synthetic peptides found to be more than 80% by High-performance liquid chromatography (HPLC) technique.",
            "\tAnother embodiment of the present invention is related to the protocol followed for the synthesis of the identified peptides on \u2018Wang\u2019 resin by solid phase chemistry.",
            "BRIEF DESCRIPTION OF THE DRAWINGS",
            "The present invention will be described in detail herein with the detailed description and related drawing that is provided only for illustrative purposes and relate well with the preferred embodiments of the invention and are not intended to limit the scope of the present disclosure. The invention is best understood by reference to the detailed description which follows in conjunction with the below mentioned accompanying drawing provided herein:",
            "\tFigure 1 shows schematic presentation of Listeriolysin O (LLO) protein (NCBI Protein ID: NP_463733) sequence of L. monocytogenes strain and the location of the identified LLO-3, LLO-4 and LLO-2 peptides.",
            "\tFigure 2 shows the invitrogen peptide design tool analysis.",
            "\tFigure 3 shows the Karplus & Schulz Flexibility Prediction of the identified LLO-3 and LLO-4 peptides.",
            "\tFigure 4 shows the Parker Hydrophobicity Prediction of the identified LLO-3 and LLO-4 peptides.",
            "\tFigure 5 shows the Emini Surface Accessibility Prediction of the identified LLO-3 and LLO-4 peptides.",
            "\tFigure 6 shows the standardization of synthetic Listeriolysin O (LLO-3 and LLO-4) peptides and comparison with Listeriolysin O (LLO-2) in indirect enzyme-linked immunosorbent assay (i-ELISA) test format.",
            "\tFigure 7 shows the screening of field \u2018sera\u2019 samples (representative figure) using Listeriolysin O (LLO-3 and LLO-4) peptides as antigens for serodiagnosis of Listeriosis.",
            "DETAILED DESCRIPTION OF THE INVENTION",
            "\tThe preferred embodiments of the present invention are provided so that the disclosure will be thorough and will fully convey the scope to those who are skilled in the art. Various specific details are set as specific components to provide an overall understanding of the preferred embodiments of the present disclosure. It will be apparent to those skilled in the art that the specific details need not be employed and the preferred embodiments may be embodied in many different forms and the steps followed do not limit the scope of the disclosure. It is also to be understood that in the embodiments, the best known technology adopted for the development of the present invention is described in detail.",
            "\tIn any embodiment described herein, the open-ended terms \"comprising,\" \"comprises\u201d, and the like (which are synonymous with \"including,\" \"having\u201d and \"characterized by\") may be replaced by the respective partially closed phrases \"consisting essentially of,\" consists essentially of,\" and the like or the respective closed phrases \"consisting of,\" \"consists of\", and the like.",
            "\tAs used herein, the singular forms \u201ca\u201d, \u201can\u201d and \u201cthe\u201d designate both the singular and the plural, unless expressly stated to designate the singular only.",
            "\tAn embodiment of the present invention involves identification of peptides of Listeriolysin O (LLO-3 and LLO-4) and its evaluation as an antigen in indirect enzyme-linked immunosorbent assay (ELISA) format technique for serological screening of Listeriosis cases in bovines and caprine. The protein sequences of Listeriolysin O (LLO) protein (NCBI protein ID: NP_463733) of L. monocytogenes strain were retrieved from the NCBI database. These retrieved sequences from NCBI database subjected to identify trans-membrane regions using TOPCON software (http://topcons.net) and/or IEDB online analysis resources. These identified regions were further screened for their antigenicity (B-cell epitopes), surface probability, hydrophobicity plot and flexibility scores using protean module of LASERGENE software. The highly specific peptide sequences identified after NCBI protein BLAST were shortlisted for the detection of L. monocytogenes infection in bovines and caprines (Table 1).",
            "\tTable 1.  Sequence of synthetic peptides of Listeriolysin O (LLO)",
            "\tPeptide ID   Peptide sequence   Orientation      Amino acid position       Length",
            "\tLLO-3          AQQTEAKDASAF        Linear\t                18-29\t              12",
            "\tLLO-4\t          DASAFNKENSIS          Linear\t                25-36                          12",
            "\tWith reference to Fig. 1 a schematic presentation of Listeriolysin O (LLO) protein (NCBI Protein ID: NP_463733) sequence of L. monocytogenes strain and the location of the identified LLO-3, LLO-4 and LLO-2 peptides is disclosed.",
            "\tSynthesis of the identified peptides by solid phase chemistry",
            "\tIdentified linear peptide synthesis of Listeriolysin O (LLO-3, LLO-4) was done on Wang resin. Following are the steps involved in the chemical synthesis of peptides:",
            "\t(1) Loading of first N-protected amino acid on solid resin (Wang resin, a modified Merrifield resin);",
            "\t(2) Checking loading efficiency of the first amino acid and capping of open ends on Wang resin;",
            "\t(3) Removal of N-terminal protection from amino acid onto resin;",
            "\t(4) Coupling of next incoming amino acids;",
            "\t(5) Repeating steps 2, 3, and 4 till the desired length of peptide was synthesized;",
            "\t(6) Deprotection and cleavage of the peptide from the resin; and",
            "\t(7) Desalting of the peptide and purification.",
            "\tDetailed Procedure for linear peptide synthesis on Wang resin",
            "\t1.  Linear peptide synthesis was done on 50mg of Wang resin which was first swelled with dimethyl formamide (DMF) overnight.",
            "\t2. For the addition of the first amino acids, N, N'-Diisopropylcarbodiimide (DIPC, 20mg) and 4-Dimethylaminopyridine (DMAP, 0.37 mg) per coupling is added on the first amino acid dissolved in small amount of DMF and shaken for 15 minutes on ice and then added on Wang resin.",
            "\t3. Calculated amount of the first amino acid along with Hobt, HBTU and DIEA were added in a small amount of DMF and shaken for 5 minutes contained in Merrifield\u2019s vessels and the vessels are then put in a shaker adjusted at 25 \u00b0 C for a minimum of 2 hours.",
            "\t4. Excess and unattached amino acid is drained from the vessel and washed once each with DMF followed by DCM and DMF.",
            "\t5. De-blocking of the side chain is done with 20% Piperidine at 25 ?C for a minimum of 25 minutes and later the excess of Piperidine is drained and washed once with DMF, twice with DCM and DMF respectively.",
            "\t6. All the next incoming amino acids are added sequentially and finally cleavage of the peptide from the resin using cleavage mixture (500 \u00b5l of mixture to 100 mg beads) is done with shaking for 3-5 hours and after centrifugation at high speed 10,000 rpm to collect the supernatant liquid.",
            "\t7. The cleavage step is repeated and the supernatant collected is washed and precipitated with diethyl-ether five times.",
            "\t8. The precipitated peptides are then dried and concentrated in a vacuum drier.",
            "\t9. The purity of the synthesized peptide was checked by employing High Performance Liquid Chromatography (HPLC) and Mass Spectroscopy (MS).",
            "\t10. The isolated sequences of the synthetic LLO peptides are then stored in desiccators at room temperature.",
            "\tFig. 2, Fig. 3, Fig. 4 and Fig. 5 show the results of invitrogen peptide design tool based independent flexibility, hydrophobicity and surface accessibility predictions. The study shows that a peptide from the region between amino acid of (18-36) would have the best chances of binding the host antibodies.",
            "\tAnother embodiment of the present invention relates with the positive and negative control studies based on indirect enzyme-linked immunosorbent assay (ELISA).",
            "\tPositive and negative control",
            "\tThe indirect enzyme-linked immunosorbent assay (ELISA) was standardized using positive serum samples of bovines and caprine confirmed by culture and polymerase chain reaction (PCR) method while the serum samples of bovines and caprine found to be negative by culture and polymerase chain reaction (PCR) method was employed as a negative control. Synthetic peptides of Listeriolysin O (LLO-3 and LLO-4) employed as coating antigens.",
            "\tAnother embodiment of the present invention relates to the standardization of synthetic Listeriolysin O (LLO-3 and LLO-4) peptide based on enzyme-linked immunosorbent assay (i-ELISA) technique.",
            "\tStandardization of synthetic LLO (LLO-3 and LLO-4) peptide based indirect enzyme-linked immunosorbent assay (i-ELISA)",
            "\tThe synthetic Listeriolysin O (LLO-3 and LLO-4) peptide based indirect enzyme-linked immunosorbent assay (ELISA) was standardized by checkerboard analysis as per the method described in Low et al., (1992) literature with certain modifications.",
            "\tIn the process, 96-well flat bottom polyvinyl plates (Greiner, Germany) coated with synthetic Listeriolysin O (LLO-3 and LLO-4) peptides as antigens using coating buffer solutions.  Different concentrations viz., 4.0, 0.4, 0.04 and 0.004 \u00b5g/ml for each of the Listeriolysin O (LLO-3 and LLO-4) peptides were coated on ELISA plate followed by the addition of the antigens to the wells at concentrations of 100 \u00b5l/well and the coated plates kept at 37\u00baC for 2 hours followed by incubation at temperature of 4 \u00baC overnight. The coated plates further  washed thrice with phosphate-buffered saline (PBS) with Tween 20 (PBS-T) of pH 7.2 to remove the unbound antigens. The unsaturated sites of the plates were blocked by adding a buffer of concentration of 200 \u00b5l/well (4.0 % of skimmed milk powder and 2.0 % of bovine serum albumen in phosphate-buffered saline (PBS, pH 7.2). The plates then incubated at a temperature of 37 \u00baC for 2 hours and subsequently washed thrice with phosphate-buffered saline (PBS-T). The known positive and negative sera samples diluted at various ratio concentrations of 1:25, 1:50, 1:100, 1:200, 1:400 and 1:800 in phosphate-buffered saline (PBS) were  then added to the plates at a concentration  rate of 100\u00b5l/well and then incubated at 37 \u00baC for 2 hours. The plates then washed thrice with phosphate buffered saline (PBS-T) to which the mouse anti-goat antibody conjugated to horseradish peroxidase (HRP) enzyme conjugate for goat sera (IgG-HRPO conjugate) and the rabbit anti-bovine antibody conjugated to horseradish peroxidase (HRP) enzyme (IgG-HRPO conjugate) for bovine sera added at concentration of 100\u00b5l/well along with dilutions to concentration ratios of (1:1000), (1:2000), (1:5000) and (1:10000). The plates then incubated at room temperature for 1 hour and washed thrice with phosphate saline buffer (PBS-T). Finally, the substrate solution containing 10 mg of O-phenylene-diamine dihydrochloride (OPD) per 10 mL of citrate buffer containing 30% hydrogen peroxide (6\u00b5l/10 ml of citrate buffer) were added at a concentration of 100\u00b5l/well and then incubated for 15 minutes in the dark. The obtained plates were then  analysed by an indirect enzyme-linked immunosorbent assay (ELISA) reader (Thermo Scientific Multiskan Ex, USA) at 492 nm wavelength.",
            "\tBased on the checkerboard analysis, the serum sample at a dilution of (1:200) with a positive to negative ratio of more than 2.5 is considered positive for Listeriosis in enzyme-linked immunosorbent assay (ELISA) employing either synthetic Listeriolysin O (LLO-3 and LLO-4) peptides (0.4\u00b5g/ml) as an antigen and (1:2000) dilution of mouse anti-goat IgG-HRPO conjugate for goat sera and rabbit anti-bovine IgG-HRPO conjugate for bovine sera. The standardized ELISAs employed for detecting the anti-listeria antibodies in bovine and caprine sera by employing the synthetic Listeriolysin O LLO (LLO-3 and LLO-4) peptides as a Serodiagnostic antigen.",
            "\tFig. 6 shows the standardization of synthetic Listeriolysin O (LLO-3 and LLO-4) peptides and comparison with Listeriolysin O (LLO-2) in indirect enzyme-linked immunosorbent assay (i-ELISA) test format.",
            "\tAdsorption of test sera with Streptolysin O (SLO)",
            "\tTo detect specific anti-Listeriolysin Oantibodies (ALLO) in bovines and caprine as an indicator for Listeria infection, their sera require prior adsorption with Streptolysin O (SLO) to remove cross-reacting anti-streptolysin O (ASLO) antibodies because Streptolysin O (SLO) and Listeriolysin O (LLO) are antigenically related. The adsorption of sera is carried out as per the method described in Berche et al. (1990) with certain modifications.",
            "\tThe purified SLO (obtained from Sigma-Aldrich, USA) was coated onto 96 well flat bottom enzyme-linked immunosorbent assay (ELISA) plates at a concentration of 60 \u00b5g/ml which was further added to the wells at a concentration of 200 \u00b5l/well and incubated for 3 hours at 37 \u00baC. Each serum (of 0.5 mL volume) and further diluted to (1/100) and (1/200) concentration ratios, respectively in  phosphate-buffered saline (PBS) and added to the wells for further incubation at 4 \u00baC overnight on a rocker. Streptolysin O (SLO) adsorbed sera was used in indirect plate ELISA's to screen the sera for ALLO antibodies against synthetic Listeriolysin O (LLO-3 and LLO-4) peptides as per the method described above.",
            "\tInterpretation of indirect enzyme-linked immunosorbent assay (ELISA) results",
            "\tFor results interpretation, a comparison of positive (P) and negative (N) values was done wherein \u2018P\u2019 stands for optical density (OD) of the unknown sample and \u2018N\u2019 stands for optical density (OD) of the negative samples. The value of \u2018N\u2019 was calculated by taking the average of optical density values (ODs) of 2 known Listeriosis negative serum samples. The samples showing a P/N ratio of =2.5 have been considered seropositive tests for Listeriosis.",
            "\tFig. 7 shows the screening of field \u2018sera\u2019 samples (representative figure) using Listeriolysin O (LLO-3 and LLO-4) peptides as antigens for serodiagnosis of Listeriosis.",
            "\tEvaluation of synthetic Listeriolysin O (LLO-3 and LLO-4) peptide-based indirect-ELISA with available synthetic LLO-2 peptide-based i-ELISA using field sera samples of bovines and caprine",
            "\tA total of 1096, serum samples collected from bovine (n=442) and caprine (n=654) were screened with LLO-3 and LLO-4 peptides in enzyme-linked immunosorbent assay (i-ELISA). All serum samples were also screened with available synthetic LLO-2 peptide-based i-ELISA to identify suitable synthetic peptides of Listeriolysin O (LLO) for future sero surveillance of Listeriosis in bovines and caprine.",
            "\tOn testing of 442 bovine serum samples with the three synthetic peptides Listeriolysin O (LLO-2, LLO-3, and LLO-4) based i-ELISA technique, the seropositivity observed against the unabsorbed caprine sera was 24.88%, 26.24%, and 22.39% which after adsorption with Streptolysin O (SLO) marginally reduced by (P>0.05) to 22.85%, 23.52% and 22.39%, respectively as shown in Table 2.",
            "\tSimilarly, testing of 654 caprine serum samples with three synthetic Listeriolysin O peptide (LLO-2, LLO-3 and LLO-4) based i-ELISA, the seropositivity observed against the unabsorbed caprine sera samples found were 9.17%, 8.56% and 8.71% which after adsorption with SLO slightly reduced  (P>0.05) to 7.03%, 7.28% and 6.88%, respectively (Table 2).",
            "\tTable 2. Consolidated results of serum samples tested by using synthetic peptides of Listeriolysin O (LLO-3 and LLO-4) and its comparison with LLO-2 in indirect enzyme-linked immunosorbent assay (ELISAs)",
            "\tSpecies\tNo. of samples screened\tLLO-2\tLLO-3\tLLO-4",
            "\tAdsorption with SLO\tAdsorption with SLO\tAdsorption with SLO",
            "\tBefore",
            "\t(%)\tAfter",
            "\t(%)\tBefore",
            "\t(%)\tAfter",
            "\t(%)\tBefore",
            "\t(%)\tAfter",
            "\t(%)",
            "\tBovines\t442\t110 (24.88)\t101 (22.85)\t116 (26.24)\t104 (23.52)\t112 (25.33)\t99 (22.39)",
            "\tCaprines\t654\t60 (9.17)\t46 (7.03)\t56 (8.56)\t44 (7.28)\t57 (8.71)\t45 (6.88)",
            "\tThe difference in the number of positive and negative samples detected by synthetic Listeriolysin O (LLO) peptides (LLO-3 and LLO-4) before and after Streptolysin O (SLO) adsorption was statistically non-significant (as P>0.05) in both bovines and caprine. No significant difference was observed in the number of samples detected by synthetic peptides of LLO (LLO-3 and LLO-4) when compared with LLO-2 peptide results before and after adsorption with SLO on i-ELISA format (P>0.05) in bovines and caprine. .",
            "\tTable 3 to Table 6 shows the contingency results of the samples screened by the synthetic Listeriolysin O (LLO-3 and LLO-4) peptides in comparison with Listeriolysin O (LLO-2) peptide-based results using indirect enzyme-linked immunosorbent assay (i-ELISA) before and after SLO adsorption.",
            "\tTable 3. Contingency table of bovine sera screened by Listeriolysin O peptides (LLO-2) and (LLO-3) synthetic peptide-based enzyme-linked immunosorbent assay (i-ELISA) format before and after Streptolysin O (SLO) adsorption.",
            "\tLLO-2\tLLO-3 (BSLO)\tTotal\tLLO-3 (ASLO)",
            "\tTotal",
            "\tPositive samples\tNegative samples\t\tPositive samples\tNegative samples",
            "\tPositive samples\t110 (TP)\t9 (FP)\t119\t100 (TP)\t5 (FP)\t105",
            "\tNegative samples\t1 (FN)\t322 (TN)\t323\t2 (FN)\t335 (TN)\t337",
            "\tTotal\t111\t331\t442\t102\t340\t442",
            "\tTable 4. Contingency table of bovine sera screened by Listeriolysin O (LLO-2) and (LLO-4) synthetic peptide-based enzyme-linked immunosorbent assay (i-ELISA) format before and after Streptolysin O (SLO) adsorption.",
            "\tLLO-2\tLLO-4 (BSLO)\tTotal\tLLO-4 (ASLO)",
            "\tTotal",
            "\tPositive samples\tNegative samples\t\tPositive samples\tNegative samples",
            "\tPositive samples\t108 (TP)\t6 (FP)\t114\t97 (TP)\t3 (FP)\t100",
            "\tNegative samples\t3 (FN)\t325 (TN)\t328\t5 (FN)\t337 (TN)\t342",
            "\tTotal\t111\t331\t442\t102\t340\t442",
            "\tTable 5. Contingency table of caprine sera screened by Listeriolysin O (LLO-2) and (LLO-3) synthetic peptide-based indirect enzyme-linked immunosorbent assay (i-ELISA) format before and after Streptolysin O (SLO) adsorption.",
            "\tLLO-2\tLLO-3 (BSLO)\tTotal\tLLO-3 (ASLO)",
            "\tTotal",
            "\tPositive samples\tNegative samples\t\tPositive samples\tNegative samples",
            "\tPositive samples\t54 (TP)\t2 (FP)\t56\t42 (TP)\t2 (FP)\t44",
            "\tNegative samples\t5 (FN)\t593 (TN)\t598\t4 (FN)\t606 (TN)\t610",
            "\tTotal\t59\t595\t654\t46\t608\t654",
            "\tTable 6. Contingency table of caprine sera screened by Listeriolysin O (LLO-2) and (LLO-4) synthetic peptide-based indirect enzyme-linked immunosorbent assay (i-ELISA) format before and after Streptolysin O (SLO) adsorption.",
            "\tLLO-2\tLLO-4 (BSLO)\tTotal\tLLO-4 (ASLO)",
            "\tTotal",
            "\tPositive samples\tNegative samples\t\tPositive samples\tNegative samples",
            "\tPositive samples\t55 (TP)\t2 (FP)\t57\t38 (TP)\t7 (FP)\t45",
            "\tNegative samples\t3 (FN)\t594 (TN)\t597\t8 (FN)\t601 (TN)\t609",
            "\tTotal\t58\t596\t654\t46\t608\t654",
            "\tTable 7 and Table 8 show the data of relative sensitivity and specificity of the Listeriolysin O (LLO-3 and LLO-4) peptides in comparison with the results of already existing LLO-2 peptides for both bovine and caprine samples which clearly signifies the high efficacy of the LLO (LLO-3 and LLO-4) peptides over the existing LLO-2 peptide for the detection of L. monocytogenes infection in ruminants.",
            "\tTable 7. Relative sensitivity and specificity of synthetic peptides of Listeriolysin O (LLO-3 and LLO-4) peptides when compared with LLO-2 peptide for bovine sera samples.",
            "\tLLO-2\tLLO-3\tLLO-4",
            "\tBSLO\tASLO\tBSLO\tASLO",
            "\tRelative sensitivity\t99%\t98.03%\t97.29%\t95.09%",
            "\tRelative specificity\t97.28%\t98.52%\t98.18%\t99.11%",
            "\tTable 8. Relative sensitivity and specificity of synthetic peptides of Listeriolysin O peptide (LLO-3 and LLO-4) when compared with LLO-2 peptide for caprine sera samples",
            "\tLLO-2\tLLO-3\tLLO-4",
            "\tBSLO\tASLO\tBSLO\tASLO",
            "\tRelative sensitivity\t91.5%\t91.3%\t94.82%\t82.6%",
            "\tRelative specificity\t99.6%\t99.67%\t99.66%\t98.84%",
            "\tADVANTAGES OF THE PRESENT INVENTION",
            "\t1. An advantage of the present invention is that the developed Listeriolysin-O peptide-based indirect ELISA for detection of L. monocytogenes infection is a cost-effective technique which is extremely stable, scalable and reproducible with the same purity.",
            "\t2. Another advantage of the present invention is the identified synthetic peptides of Listeriolysin-O (LLO-3 and LLO-4) have excellent sensitivity and specificity.",
            "\t3. Another advantage of the present invention is the good reproducibility of indirect enzyme-linked immunosorbent assay (i-ELISA) by employing the synthetic peptides of Listeriolysin-O (LLO-3 and LLO-4).",
            "\t4. Another advantage of the present invention is that the developed method does not require the prior adsorption of serum samples with Streptolysin O (SLO) and cross-reaction with other closely related toxins (Streptolysin O, Pneumolysin O and Perfringolysin O) is eliminated.",
            "\t5. Another advantage of the present invention is that the Listeriolysin-O (LLO) peptides identified in this innovation (LLO-3 and LLO-4) or their derived antibodies can be used as user-friendly methods in various field applicability test formats for rapid and onsite detection of L. monocytogenes or its infection in ruminants.",
            "\t6. Yet another advantage of the present invention is that there is no requirement for higher infrastructure, sophisticated types of equipment, trained manpower, and most importantly time can be saved for the detection of L. monocytogenes or its infection in ruminants. , Claims:1. A synthetic Listeriolysin O peptide (LLO-3 and LLO-4) as an antigen, comprising Seq. ID 1 and Seq. ID 2 derived from Listeriolysin O protein of L. monocytogenes strain at 18-29 amino acid position for LLO-3 and at 25-36 amino acid position for LLO-4 for detection of L. monocytogenes infection in ruminants,",
            "\twherein,",
            "\tSeq. ID 1 is AQQTEAKDASAF; and",
            "\tSeq. ID 2 is DASAFNKENSIS.",
            "\t2. The synthetic Listeriolysin O peptide (LLO-3 and LLO-4) as claimed in claim 1, wherein the LLO-3 and LLO-4 peptides comprise of 12 amino acids.",
            "\t3.\tA method for preparation of the synthetic Listeriolysin O peptide (LLO-3 and  LLO-4) as claimed in claim 1, comprising the steps of:",
            "\ta)\tloading of the first N-protected amino acid on solid Wang resin which  was first swelled with DMF overnight,",
            "\tb) checking the loading efficiency of the first amino acid and capping of open ends on Wang resin,",
            "\tc) removal of N-terminal protection from amino acid onto resin,",
            "\td) coupling of the next incoming amino acids,",
            "\te) repeating steps b, c, and d till the desired length of the peptide was synthesized,",
            "\tf)\t deprotection and cleavage of the peptide from the resin,",
            "\tg) desalting of the peptide, and",
            "\th) purity check of peptide by employing HPLC and Mass Spectroscopy.",
            "\t4.\tThe synthetic Listeriolysin O peptide (LLO-3 and LLO-4) based indirect ELISA for serodiagnosis of L. monocytogenes infection in ruminants as claimed in claim 1, comprising the steps of:",
            "\ta) coating the ELISA plate with 100 \u00b5l of synthetic LLO-3 and LLO-4 peptides as antigens,",
            "\tb) incubating the plates at 37\u00baC for 2 h thereafter keeping the plate at 4\u00baC overnight,",
            "\tc) washing the plate thrice,",
            "\td) blocking the plate with PBS and incubated at 37\u00baC for 2 h,",
            "\te) washing the plate thrice,",
            "\tf)\t diluting the positive and negative sera in PBS added to the plates and then incubating the plate at 37\u00baC for 2 h,",
            "\tg) washing the plate thrice,",
            "\th) adding anti-goat IgG-HRPO and anti-bovine IgG-HRPO into the plate,",
            "\ti)\tincubated the plate at room temperature for 1 h and washed thrice with  PBS-T,",
            "\tj)\t adding the substrate O-phenylene-diamine dihydrochloride (OPD) and incubating the plates for 15 min. in the dark, and",
            "\tk) stopping the colour reaction by adding 2N sulphuric acid @ 50\u00b5l and reading the plates by an ELISA at 492 nm wavelength."
        ],
        "Inventors": [
            {
                "Name": "Dr. S. B Barbuddhe",
                "Address": "ICAR-National Meat Research Institute, Chengicherla, Boduppal P.O.Hyderabad, Telangana-500092, India",
                "Country": "India",
                "Nationality": "India"
            },
            {
                "Name": "Dr. Deepak B. Rawool",
                "Address": "ICAR-National Meat Research Institute, Chengicherla, Boduppal P.O. Hyderabad, Telangana-500092, India",
                "Country": "India",
                "Nationality": "India"
            },
            {
                "Name": "Dr. S.V.S. Malik",
                "Address": "ICAR-National Meat Research Institute, Chengicherla, Boduppal P.O. Hyderabad, Telangana-500092, India",
                "Country": "India",
                "Nationality": "India"
            },
            {
                "Name": "Dr Sunitha R.",
                "Address": "ICAR-National Meat Research Institute, Chengicherla, Boduppal P.O. Hyderabad, Telangana-500092, India",
                "Country": "India",
                "Nationality": "India"
            },
            {
                "Name": "Dr. Bilal Ahmad Malla",
                "Address": "ICAR-National Meat Research Institute, Chengicherla, Boduppal P.O. Hyderabad, Telangana-500092, India",
                "Country": "India",
                "Nationality": "India"
            }
        ],
        "Applicants": [
            {
                "Name": "Indian Council of Agricultural Research-National Meat Research  Institute",
                "Address": "Chengicherla, PB No 19, Boduppal P.O., Hyderabad 500092,   Telangana State",
                "Country": "India",
                "Nationality": "India"
            }
        ]
    }
}