{
    "202441069199": {
        "Invention Title": "Advanced Numerical Methods for Solving Magnetohydrodynamic (MHD) Equations in Complex Geometries",
        "Publication Number": "38/2024",
        "Publication Date": "20/09/2024",
        "Publication Type": "INA",
        "Application Number": "202441069199",
        "Application Filing Date": "12/09/2024",
        "Priority Number": "",
        "Priority Country": "",
        "Priority Date": "",
        "Field Of Invention": "BIOTECHNOLOGY",
        "Classification (IPC)": "A61K0036710000, A61K0039395000, A61P0043000000, H04L0065750000, G01N0033487000",
        "Abstract": "The invention provides an advanced numerical framework for solving Magnetohydrodynamic (MHD) equations in complex geometries, employing adaptive mesh refinement (AMR), high-order spectral methods, and advanced finite element formulations. The framework incorporates implicit-explicit (IMEX) time-stepping schemes and robust preconditioning techniques to enhance stability and efficiency in handling nonlinear couplings. Designed for high-performance computing environments, the system utilizes parallel algorithms and domain decomposition for scalability, complemented by adaptive error control mechanisms to optimize computational accuracy and cost. With a modular software architecture for flexibility and extensibility, this invention improves the precision and efficiency of MHD simulations across diverse scientific and engineering applications, such as nuclear fusion, space weather forecasting, and geophysical fluid dynamics.",
        "Description": [
            "Description:The proposed system pertains to the field of computational mathematics and physics, specifically focusing on advanced numerical methods for solving Magnetohydrodynamic (MHD) equations in complex geometries. MHD equations describe the behavior of electrically conducting fluids, such as plasmas, liquid metals, and astrophysical fluids, under the influence of magnetic fields. This invention introduces innovative numerical algorithms designed to handle the nonlinear, coupled nature of MHD equations with higher accuracy and stability, particularly in complex, irregular geometrical domains. The system leverages advanced computational techniques, such as adaptive mesh refinement, spectral methods, and high-order finite element methods, to enhance the precision and efficiency of MHD simulations. This is crucial for applications in aerospace engineering, nuclear fusion research, geophysical fluid dynamics, and space weather forecasting, where the accurate modeling of MHD phenomena is essential for understanding and predicting fluid behavior in the presence of magnetic fields.",
            "Background of the invention:",
            "The field of Magnetohydrodynamics (MHD) involves the study of the dynamics of electrically conducting fluids in the presence of magnetic fields. This scientific domain combines principles from both fluid dynamics and electromagnetism, offering crucial insights into various natural and engineered systems, including plasmas, liquid metals, saltwater, and the interior of stars and planets. MHD equations form the foundation of this field, providing a mathematical description of how magnetic fields interact with moving conductive fluids. Solving these equations accurately is vital for a wide range of applications, such as designing nuclear fusion reactors, predicting space weather phenomena, developing advanced aerospace systems, and understanding geophysical flows. However, solving MHD equations presents significant challenges due to their inherent complexity and nonlinearity, especially when the fluids are confined within complex geometries. This complexity has driven the need for advanced numerical methods capable of handling such intricacies with high accuracy and computational efficiency.",
            "\tTraditional methods for solving MHD equations, such as finite difference, finite volume, and finite element methods, have proven useful in many contexts. Still, they often fall short when dealing with complex geometries and highly turbulent flows. These methods may suffer from stability issues, excessive computational cost, and limited resolution of key features like magnetic reconnection sites, shock waves, and boundary layers. Moreover, in many practical applications, the geometries involved are not simple rectangular or spherical domains; they are often highly irregular and may change over time. For instance, in nuclear fusion reactors, the magnetic containment fields and the plasma they confine can evolve in complex, unpredictable ways. Similarly, in astrophysical and geophysical contexts, the shapes of the regions of interest can be highly convoluted, with irregular boundaries and interfaces between different materials. Standard numerical techniques may struggle to capture these complexities accurately, leading to errors in the simulation results that can compromise the reliability of predictions.",
            "\tAddressing these challenges requires developing advanced numerical methods specifically designed to handle the unique aspects of MHD equations in complex geometries. The proposed invention focuses on creating such methods, leveraging recent advances in computational mathematics and high-performance computing to provide a more robust, efficient, and accurate framework for solving MHD problems. The invention integrates several innovative numerical techniques, including adaptive mesh refinement, high-order spectral methods, and advanced finite element formulations. These techniques are designed to address the limitations of traditional methods by providing better resolution of small-scale features, improved stability properties, and greater flexibility in handling complex geometries. Adaptive mesh refinement (AMR) is particularly crucial in this context, as it allows the computational grid to be dynamically adjusted during the simulation, focusing computational resources on regions where they are most needed, such as near shock fronts, current sheets, or other regions of interest. This approach can significantly reduce the computational cost of simulations while maintaining high accuracy in critical areas.",
            "\tThe use of high-order spectral methods is another key innovation of the proposed system. Spectral methods are known for their superior accuracy in representing smooth solutions, as they can achieve exponential convergence rates in many cases. By extending these methods to MHD equations, the invention can capture the intricate interactions between fluid flow and magnetic fields more precisely than traditional low-order methods. This is particularly important in cases where fine details of the solution, such as small-scale magnetic field structures or turbulence features, play a crucial role in the overall dynamics of the system. Moreover, the proposed system incorporates advanced finite element formulations that enable the handling of highly irregular geometries more naturally than traditional grid-based methods. Finite element methods are well-suited to complex domains because they allow for the use of unstructured meshes that can conform to the boundaries and interfaces of the problem domain. This flexibility is essential for accurately capturing the behavior of MHD systems in domains with complex shapes, such as those encountered in nuclear fusion devices, planetary cores, or engineered materials.",
            "\tOne of the major challenges in solving MHD equations is dealing with the nonlinear coupling between the fluid flow and the magnetic field. The fluid velocity affects the magnetic field through the advection term in the induction equation, while the magnetic field influences the fluid flow through the Lorentz force in the momentum equation. This coupling leads to a highly nonlinear system of partial differential equations (PDEs) that can exhibit a wide range of behaviors, from smooth laminar flows to highly turbulent states with sharp gradients and discontinuities. The proposed invention addresses this challenge by developing robust solvers that can handle these nonlinearities effectively. The solvers are based on a combination of implicit and explicit time-stepping schemes, which can provide a good balance between stability and computational efficiency. Implicit schemes are used for the stiff components of the equations, such as the magnetic diffusion term, while explicit schemes are used for the non-stiff components, such as the advection terms. This approach allows the solvers to take larger time steps than fully explicit methods, reducing the overall computational cost while maintaining stability and accuracy.",
            "\tAnother key aspect of the proposed invention is its focus on high-performance computing (HPC) and parallelization. Solving MHD equations in complex geometries is computationally demanding, requiring significant computational resources, especially for three-dimensional problems. The invention leverages state-of-the-art HPC techniques, including parallel algorithms, domain decomposition, and efficient data management strategies, to ensure that the solvers can run efficiently on modern supercomputers and distributed computing platforms. By optimizing the numerical methods for parallel execution, the invention can take full advantage of the computational power available in today's HPC environments, enabling large-scale simulations that were previously infeasible. This capability is crucial for addressing some of the most challenging problems in MHD, such as simulating the behavior of plasmas in fusion reactors over long time scales or modeling the interactions between the solar wind and the Earth's magnetosphere with high resolution.",
            "\tThe proposed invention also incorporates advanced techniques for error estimation and control. Accurate error estimation is essential for adaptive methods, as it guides the refinement and coarsening of the computational grid to ensure that the simulation remains accurate while minimizing computational cost. The invention uses a combination of a posteriori error estimation techniques, which evaluate the error based on the computed solution, and a priori error bounds, which provide theoretical guarantees on the convergence of the numerical method. These error estimation techniques are integrated into the adaptive mesh refinement framework, allowing the grid to be dynamically adjusted during the simulation to maintain a desired level of accuracy. This adaptive approach ensures that the computational resources are focused where they are most needed, enhancing the efficiency and accuracy of the simulations.",
            "\tIn addition to its technical innovations, the proposed invention is designed to be user-friendly and flexible, making it accessible to a wide range of researchers and engineers working in different fields. The system includes a modular software architecture that allows users to customize and extend the numerical methods to suit their specific needs. For example, users can easily implement their own boundary conditions, source terms, or material models, or modify the numerical algorithms to test new ideas or explore different physical scenarios. This flexibility is particularly important in the field of MHD, where the range of applications is broad and diverse, encompassing areas such as astrophysics, geophysics, nuclear fusion, and materials science. By providing a flexible and extensible framework, the proposed invention enables researchers to tackle a wide range of problems and explore new directions in MHD research.",
            "\tThe potential applications of the proposed invention are numerous and varied. In nuclear fusion research, for example, accurate MHD simulations are essential for understanding the behavior of plasmas in magnetic confinement devices, such as tokamaks and stellarators. These simulations can help optimize the design of these devices, improve plasma stability, and predict the occurrence of disruptive events, such as edge localized modes (ELMs) or major disruptions, which can damage the reactor and halt the fusion process. In astrophysics, the invention can be used to model the dynamics of stellar and planetary magnetic fields, investigate the processes that drive magnetic activity in stars, and study the interactions between the solar wind and planetary magnetospheres. In geophysics, the invention can be applied to study the dynamics of the Earth's core, where the motion of liquid iron generates the planet's magnetic field, or to model the behavior of conducting fluids in other planetary bodies, such as the moons of Jupiter or Saturn.",
            "\tFurthermore, the proposed invention has significant potential in the field of space weather forecasting. Space weather refers to the conditions in the space environment around the Earth, which are influenced by the Sun's activity and can affect satellite operations, communications, navigation systems, and power grids on the ground. Accurate MHD simulations are crucial for predicting the impact of solar flares, coronal mass ejections, and other solar events on the Earth's magnetosphere and ionosphere. The advanced numerical methods developed in this invention can improve the accuracy and reliability of these simulations, providing better forecasts of space weather events and helping to mitigate their effects on critical infrastructure.",
            "\tIn addition to its scientific and engineering applications, the proposed invention also offers potential benefits in the field of materials science. MHD simulations can be used to model the behavior of liquid metals and other conductive fluids in various industrial processes, such as metal casting, electromagnetic stirring, or magnetic levitation. By providing more accurate and efficient numerical methods, the invention can help optimize these processes, reduce defects, and improve the quality of the final products. Moreover, the invention can be used to study the behavior of complex fluids in novel materials, such as magnetic fluids or ferrofluids, which have applications in areas ranging from medicine to energy storage.",
            "\tSummary of the proposed invention:",
            "\tThe proposed invention focuses on developing advanced numerical methods for solving Magnetohydrodynamic (MHD) equations, which describe the behavior of electrically conducting fluids in the presence of magnetic fields. These equations are crucial for understanding various phenomena in fields like nuclear fusion, astrophysics, geophysics, and space weather forecasting. Traditional numerical methods often struggle with the complexities of MHD equations, especially in complex geometries and turbulent flows, leading to stability issues, high computational costs, and limited resolution of key features. The invention introduces innovative numerical algorithms, such as adaptive mesh refinement, high-order spectral methods, and advanced finite element formulations, to improve accuracy, efficiency, and stability in solving MHD equations. These methods allow for better resolution of small-scale features, improved handling of irregular geometries, and enhanced computational performance on modern high-performance computing platforms. The system also incorporates techniques for robust error estimation and control, ensuring high accuracy while optimizing computational resources. With its flexible and user-friendly software architecture, the invention provides a valuable tool for researchers and engineers in various fields, enabling them to tackle complex MHD problems and explore new research directions. This invention has broad applications, including optimizing nuclear fusion reactors, predicting space weather events, modeling planetary magnetic fields, and improving industrial processes involving conductive fluids. Overall, it represents a significant advancement in MHD modeling and simulation, offering new opportunities for scientific discovery and technological innovation.",
            "Brief description of the proposed invention:",
            "\tThe proposed invention presents an innovative approach to solving Magnetohydrodynamic (MHD) equations using advanced numerical methods tailored to handle the unique challenges associated with complex geometries and highly nonlinear behaviors. MHD, a field that studies the dynamics of electrically conducting fluids in the presence of magnetic fields, plays a crucial role in many scientific and engineering applications. It is fundamental for understanding various physical phenomena in natural and man-made systems, ranging from the behavior of plasmas in fusion reactors to the movement of liquid metals in industrial processes, the dynamics of planetary and stellar magnetic fields, and the prediction of space weather events that can impact satellites, communication systems, and power grids on Earth.",
            "\tMHD equations form a coupled system of nonlinear partial differential equations (PDEs) that combine the Navier-Stokes equations of fluid dynamics with Maxwell's equations of electromagnetism. This coupling introduces a high degree of complexity, making MHD simulations particularly challenging. The fluid's velocity field influences the magnetic field through advection, while the magnetic field, in turn, affects the fluid's motion through the Lorentz force. Solving these equations accurately is essential for predicting the behavior of conductive fluids and plasmas in various contexts. However, this task becomes particularly daunting in domains with complex geometries or in situations where the fluid flows exhibit turbulence, sharp gradients, or discontinuities. Standard numerical methods, such as finite difference, finite volume, and low-order finite element methods, often struggle to provide accurate and stable solutions under these conditions, especially in three-dimensional (3D) problems that require high computational resources.",
            "\tThe proposed invention aims to overcome these challenges by developing advanced numerical algorithms specifically designed to address the limitations of traditional methods in solving MHD equations. The core idea is to integrate several state-of-the-art computational techniques, including adaptive mesh refinement (AMR), high-order spectral methods, and advanced finite element formulations, into a cohesive framework that enhances the precision, stability, and efficiency of MHD simulations. This integration represents a significant advancement in the field of numerical MHD, providing researchers and engineers with a powerful tool to study the complex interactions between magnetic fields and conductive fluids with unprecedented accuracy and computational efficiency.",
            "\tOne of the key components of the invention is the use of adaptive mesh refinement. AMR is a technique that dynamically adjusts the computational grid during a simulation to concentrate computational resources on regions where higher resolution is needed, such as areas with strong gradients, sharp discontinuities, or regions where magnetic reconnection occurs. This adaptability is particularly valuable in MHD simulations, where the spatial distribution of physical quantities like magnetic field strength and fluid velocity can change dramatically over time. By refining the mesh in areas of interest and coarsening it elsewhere, the AMR approach reduces the overall computational cost while maintaining high accuracy in critical regions. This is essential for capturing fine-scale features that are crucial for understanding the underlying physics of MHD phenomena, such as the formation of current sheets in plasmas, the development of turbulence in magnetic fluids, or the interaction between the solar wind and the Earth's magnetosphere.",
            "\tAnother significant innovation in the proposed invention is the implementation of high-order spectral methods. Spectral methods, unlike traditional low-order methods, use global basis functions to represent the solution, which can provide exponentially fast convergence rates for smooth problems. This makes them particularly well-suited for capturing the smooth parts of MHD solutions, such as laminar flows or magnetic field structures in regions with weak turbulence. By leveraging high-order spectral methods, the proposed system can achieve much greater accuracy than conventional approaches, enabling detailed investigations of complex MHD systems where fine details of the solution are essential. These methods also help mitigate the numerical dissipation and dispersion errors that often plague low-order methods, particularly in the presence of complex geometries and boundary conditions.",
            "\tTo handle the complexities of irregular and evolving geometries, the invention also incorporates advanced finite element formulations. Finite element methods (FEM) are particularly effective in dealing with problems defined on complex domains because they allow for the use of unstructured meshes that can conform to the boundaries and interfaces of the problem domain. This is crucial in MHD applications, where the physical boundaries and interfaces may have complicated shapes, such as the walls of a fusion reactor, the irregular surface of a celestial body, or the complex boundaries of different materials in an engineered device. The invention extends traditional FEM techniques by incorporating high-order basis functions and advanced discretization schemes, providing a flexible framework that can accurately represent the complex geometrical features of MHD systems. This flexibility allows for a more accurate and realistic modeling of the interactions between conductive fluids and magnetic fields, particularly in domains with intricate shapes and boundary conditions.",
            "\tThe invention also addresses one of the most challenging aspects of MHD simulations: the nonlinear coupling between the magnetic field and the fluid flow. This coupling can lead to a wide range of behaviors, from smooth, steady-state solutions to highly dynamic, turbulent flows with sharp gradients and discontinuities. To effectively solve these nonlinear systems, the proposed invention employs a combination of implicit and explicit time-stepping schemes. Implicit schemes are used for the stiff components of the MHD equations, such as magnetic diffusion, while explicit schemes are used for the non-stiff components, such as advection. This hybrid approach allows for larger time steps than fully explicit methods, reducing the computational cost while maintaining stability and accuracy. Moreover, the solvers are equipped with robust preconditioning techniques that accelerate the convergence of iterative methods, further enhancing the efficiency of the solution process.",
            "\tGiven the high computational demands of solving MHD equations, especially in three-dimensional domains, the proposed invention is designed to take full advantage of modern high-performance computing (HPC) platforms. The system includes optimized parallel algorithms and data management strategies that allow the solvers to run efficiently on distributed computing environments, including supercomputers and cloud-based systems. By leveraging domain decomposition techniques and efficient communication protocols, the invention ensures scalability across many processors, enabling large-scale simulations that were previously infeasible. This capability is particularly important for tackling some of the most challenging problems in MHD, such as modeling the long-term behavior of plasmas in fusion reactors or simulating the interactions between the solar wind and planetary magnetospheres with high resolution.",
            "\tTo further enhance the utility of the proposed system, the invention incorporates advanced techniques for error estimation and control. Accurate error estimation is critical in adaptive methods, guiding the refinement and coarsening of the computational grid to ensure that the solution remains accurate while minimizing computational costs. The proposed system employs a combination of a posteriori error estimation techniques, which evaluate the error based on the computed solution, and a priori error bounds, which provide theoretical guarantees on the convergence of the numerical method. These error control techniques are integrated into the AMR framework, allowing the grid to be dynamically adjusted during the simulation to maintain a desired level of accuracy. This adaptive approach ensures that computational resources are focused where they are most needed, optimizing the balance between accuracy and efficiency.",
            "\tThe proposed invention is designed to be highly versatile and user-friendly, catering to a wide range of applications and user requirements. The software architecture is modular, allowing users to customize and extend the numerical methods to suit their specific needs. Users can easily implement their boundary conditions, source terms, material models, or modify the numerical algorithms to test new ideas or explore different physical scenarios. This flexibility is particularly valuable in the field of MHD, where the range of applications is broad and diverse, spanning areas such as astrophysics, geophysics, nuclear fusion, and materials science. By providing a flexible and extensible framework, the proposed invention enables researchers to tackle various problems and explore new directions in MHD research.",
            "\tThe potential applications of the proposed invention are extensive and varied. In nuclear fusion research, accurate MHD simulations are essential for understanding the behavior of plasmas in magnetic confinement devices like tokamaks and stellarators. These simulations help optimize the design of these devices, improve plasma stability, and predict disruptive events that can damage the reactor and halt the fusion process. In astrophysics, the invention can model the dynamics of stellar and planetary magnetic fields, investigate the processes that drive magnetic activity in stars, and study the interactions between the solar wind and planetary magnetospheres. In geophysics, it can be used to study the dynamics of the Earth's core, where the motion of liquid iron generates the planet's magnetic field, or to model the behavior of conducting fluids in other planetary bodies, such as the moons of Jupiter or Saturn.",
            "\tThe invention also holds significant promise in space weather forecasting, where accurate MHD simulations are crucial for predicting the impact of solar flares, coronal mass ejections, and other solar events on the Earth's magnetosphere and ionosphere. The advanced numerical methods developed in this invention can improve the accuracy and reliability of these simulations, providing better forecasts of space weather events and helping to mitigate their effects on critical infrastructure. In materials science, MHD simulations can be used to model the behavior of liquid metals and other conductive fluids in various industrial processes, such as metal casting, electromagnetic stirring, or magnetic levitation. By providing more accurate and efficient numerical methods, the invention can help optimize these processes, reduce defects, and improve the quality of the final products.",
            "\tBuilding upon the innovative framework outlined earlier, the proposed invention further refines the numerical methods to tackle specific challenges inherent in solving Magnetohydrodynamic (MHD) equations, particularly in complex geometries where fluid dynamics and electromagnetic fields are intricately coupled. This refinement is crucial to achieving more precise and reliable simulations that are not only computationally efficient but also capable of capturing the detailed physics of MHD phenomena across various scales. The complex, multi-scale nature of MHD problems, characterized by the coexistence of slow and fast processes, large-scale structures, and fine details, demands advanced numerical algorithms capable of resolving a wide spectrum of spatial and temporal scales.",
            "\tThe MHD equations, which are a set of coupled partial differential equations, govern the behavior of electrically conducting fluids in a magnetic field. These equations include the Navier-Stokes equations for fluid dynamics coupled with Maxwell's equations for electromagnetism. The standard form of the MHD equations includes the continuity equation, the momentum equation, the induction equation, and an equation for energy conservation. The equations can be expressed in a simplified form as follows:",
            "\t1.\tContinuity Equation (Mass Conservation):",
            "\twhere \u03c1 is the fluid density, t represents time, and u is the velocity field of the fluid. This equation ensures that mass is conserved in the flow, a fundamental requirement in fluid dynamics.",
            "\tMomentum Equation (Fluid Motion):",
            "\twhere u is the velocity field, p is the fluid pressure, J is the current density, B is the magnetic field, \u03c4 represents the viscous stress tensor, and g is the gravitational acceleration. The term J\u00d7B represents the Lorentz force, which is the force exerted by the magnetic field on the moving charged particles in the fluid. This term couples the fluid motion with the electromagnetic field, creating the complexity characteristic of MHD systems.",
            "\tThe inherent coupling between these equations and their nonlinear nature make them challenging to solve, especially in complex geometries where the boundary conditions may change over time, and the spatial configuration of the magnetic and velocity fields can be highly irregular. Traditional methods may fail to adequately resolve these complexities, leading to numerical instability, excessive computational cost, and inaccurate predictions of key phenomena such as magnetic reconnection, turbulence, or boundary layer formation.",
            "\tThe proposed invention addresses these challenges by integrating advanced numerical techniques that significantly enhance the ability to solve MHD equations with high fidelity in complex domains. The first major innovation involves the adaptive mesh refinement (AMR) technique, which dynamically adjusts the resolution of the computational grid during the simulation. This allows for a finer resolution in regions where rapid changes occur, such as shock fronts, magnetic reconnection sites, or turbulence zones, while coarser grids are used in less dynamic regions. This strategy optimizes computational resources by focusing them where they are most needed, reducing the overall computational cost while maintaining high accuracy in critical areas. The AMR framework in this invention is built upon sophisticated error estimation algorithms that evaluate the local solution error and guide the adaptive process, ensuring that the grid evolves dynamically to capture the important features of the flow.",
            "\tIn addition to AMR, the invention incorporates high-order spectral methods, which offer superior accuracy for representing smooth solutions compared to traditional low-order methods. These methods use global basis functions to approximate the solution, providing exponential convergence rates for smooth problems. By applying spectral methods to the MHD equations, the invention achieves high accuracy in capturing the complex interactions between fluid flow and magnetic fields, especially in regions where small-scale features are critical to the overall dynamics. For example, in the context of nuclear fusion, where understanding the fine-scale structures of magnetic fields and plasma flows is essential for optimizing reactor performance, the use of high-order spectral methods provides significant advantages over conventional approaches.",
            "\tThe invention also leverages advanced finite element formulations that are particularly suited to handling irregular geometries. Unlike traditional grid-based methods, finite element methods (FEM) allow for unstructured meshes that can conform to the complex boundaries of the domain. This capability is essential in many MHD applications, where the problem domains are often highly irregular, such as the interior of a fusion reactor, the convoluted boundaries of planetary cores, or the surfaces of celestial bodies. The proposed system uses high-order FEM with advanced discretization schemes that ensure accurate representation of the geometry and efficient resolution of the coupled MHD equations. This approach allows for flexible modeling of complex physical domains and provides the necessary tools to accurately capture the behavior of MHD systems in real-world applications.",
            "\tMoreover, the proposed invention addresses the nonlinear coupling between the fluid and magnetic fields by developing robust solvers that combine implicit and explicit time-stepping schemes. The implicit schemes are used for the stiff components of the equations, such as magnetic diffusion, which require careful handling to maintain stability, while explicit schemes are employed for the non-stiff components, like advection. This hybrid approach allows the solvers to take larger time steps than fully explicit methods, reducing the computational cost while preserving accuracy and stability. Additionally, the solvers incorporate advanced preconditioning techniques to accelerate the convergence of iterative methods, further enhancing the efficiency of the solution process.",
            "\tThe computational efficiency of the proposed system is further enhanced by its design for high-performance computing (HPC) environments. The invention utilizes parallel algorithms and domain decomposition techniques that allow the numerical solvers to scale efficiently across multiple processors in distributed computing platforms, such as supercomputers and cloud-based systems. This scalability is crucial for performing large-scale MHD simulations, such as modeling the dynamics of the Earth's magnetosphere or simulating the long-term behavior of plasmas in fusion reactors, where high resolution and long simulation times are required.",
            "\tError control and estimation play a critical role in the proposed system. The invention integrates advanced error estimation techniques, including both a posteriori and a priori methods, to evaluate the solution accuracy and guide the adaptive refinement process. This ensures that the computational grid is dynamically adjusted during the simulation to maintain the desired level of accuracy while minimizing computational costs. The adaptive error control framework is essential for achieving reliable and efficient simulations, particularly in the context of complex MHD phenomena where the accuracy of key features, such as magnetic reconnection or turbulence, is critical to understanding the underlying physics.",
            "\tThe flexibility and extensibility of the proposed system make it an invaluable tool for researchers and engineers working in diverse fields. The modular software architecture allows users to customize the numerical methods, implement new boundary conditions or material models, and explore different physical scenarios. This adaptability is particularly important in the field of MHD, where the range of applications is broad and varied, encompassing areas such as astrophysics, geophysics, nuclear fusion, and materials science.",
            "\tThe potential applications of the proposed invention are vast. In nuclear fusion research, for example, the invention enables more accurate modeling of plasma behavior in magnetic confinement devices, helping to optimize reactor designs and improve plasma stability.",
            "\t, Claims:1.\tA method for solving Magnetohydrodynamic (MHD) equations using advanced numerical techniques, including adaptive mesh refinement (AMR) to dynamically adjust computational grids based on local error estimates.",
            "\t2.\tThe method of claim 1, wherein high-order spectral methods are employed to achieve superior accuracy in representing smooth solutions and capturing complex fluid and magnetic field interactions.",
            "\t3.\tA system for solving MHD equations in complex geometries, comprising advanced finite element formulations that enable accurate modeling of irregular boundaries and domain interfaces.",
            "\t4.\tThe system of claim 3, further incorporating implicit-explicit (IMEX) time-stepping schemes to efficiently handle nonlinear coupling between magnetic and fluid fields while ensuring numerical stability.",
            "\t5.\tA computational framework designed for high-performance computing environments, as described in claims 1-4, utilizing parallel algorithms and domain decomposition techniques for scalability.",
            "\t6.\tThe method of claim 2, further including robust preconditioning techniques to accelerate the convergence of iterative solvers in solving MHD equations.",
            "\t7.\tAn adaptive error control mechanism, as referenced in claim 1, for dynamically refining the computational grid to maintain solution accuracy and minimize computational costs.",
            "\t8.\tThe system of claim 5, wherein advanced data management strategies are employed to optimize performance on distributed computing platforms, including supercomputers and cloud-based systems.",
            "\t9.\tThe invention as defined in claims 1-8, further comprising a modular software architecture that allows customization and extension of numerical methods to suit specific application needs.",
            "\t10.\tA method for improving MHD simulations in scientific and engineering applications, as described in claims 1-9, by integrating multiple advanced computational techniques for increased accuracy and efficiency."
        ],
        "Inventors": [
            {
                "Name": "Dr. D. Rajani",
                "Address": "Assistant Professor, \nDepartment of Mathematics, Velagapudi Ramakrishna Siddhartha Engineering College, Deemed to be University, Kanuru, Vijayawada, Andhra Pradesh, India, Pincode: 520007",
                "Country": "India",
                "Nationality": "India"
            },
            {
                "Name": "Dr. M V D N S Madhavi",
                "Address": "Assistant Professor,\nDepartment of Mathematics, Velagapudi Ramakrishna Siddhartha Engineering College, Deemed to be University, Kanuru, Vijayawada, Andhra Pradesh, India, Pincode: 520007",
                "Country": "India",
                "Nationality": "India"
            },
            {
                "Name": "Dr. M.V.Ratnamani",
                "Address": "Professor,\nB.S&H Department,\nAditya Institute of Technology and Management, \nK.Kotturu, Tekkali, Srikakulam, Andhra Pradesh, India, Pincode: 532001",
                "Country": "India",
                "Nationality": "India"
            },
            {
                "Name": "Dr. Nellore Manoj Kumar",
                "Address": "Independent Researcher, \nFounder & CEO, Infinite-Research Organization, B.O, 15-225, Gollapalem, Venkatagiri, Tirupati District, Andhra Pradesh, India, Pincode: 524132",
                "Country": "India",
                "Nationality": "India"
            },
            {
                "Name": "Dr. K. Abdul Razak",
                "Address": "Professor,\nDepartment of Mathematics,\nK.Ramakrishnan College of Engineering (Autonomous),\nSamayapuram, Tiruchirappalli, Tamilnadu, India, \nPincode: 621112",
                "Country": "India",
                "Nationality": "India"
            },
            {
                "Name": "Dr. M. Elumalai",
                "Address": "Assistant Professor,\nDepartment of Mathematics, St. Joseph\u2019s Institute of Technology, Chennai, Tamilnadu, India, \nPincode: 600119",
                "Country": "India",
                "Nationality": "India"
            },
            {
                "Name": "Dr. R. Sivaiah",
                "Address": "Assistant Professor, \nS&H Mathematics, NBKR Institute of Science & Technology, Vidyanagar, Kota, SPSR Nellore, Andhra Pradesh, India, Pincode: 524413",
                "Country": "India",
                "Nationality": "India"
            },
            {
                "Name": "Dr. Animesh Kumar Sharma",
                "Address": "Assistant Professor,\nDepartment of Mathematics,\nFaculty of Science and Technology,\nThe ICFAI University, Raipur, Chhattisgarh, India,\nPincode: 492001",
                "Country": "India",
                "Nationality": "India"
            },
            {
                "Name": "Dr. Radheshyam R. Sharma",
                "Address": "Assistant Professor,\nDepartment of Mathematics & Statistics,\nPodar World College,\nMumbai, Maharashtra, India, \nPincode: 400049",
                "Country": "India",
                "Nationality": "India"
            }
        ],
        "Applicants": [
            {
                "Name": "Dr. D. Rajani",
                "Address": "Assistant Professor, \nDepartment of Mathematics, Velagapudi Ramakrishna Siddhartha Engineering College, Deemed to be University, Kanuru, Vijayawada, Andhra Pradesh, India, Pincode: 520007",
                "Country": "India",
                "Nationality": "India"
            },
            {
                "Name": "Dr. M V D N S Madhavi",
                "Address": "Assistant Professor,\nDepartment of Mathematics, Velagapudi Ramakrishna Siddhartha Engineering College, Deemed to be University, Kanuru, Vijayawada, Andhra Pradesh, India, Pincode: 520007",
                "Country": "India",
                "Nationality": "India"
            },
            {
                "Name": "Dr. M.V.Ratnamani",
                "Address": "Professor,\nB.S&H Department,\nAditya Institute of Technology and Management, \nK.Kotturu, Tekkali, Srikakulam, Andhra Pradesh, India, Pincode: 532001",
                "Country": "India",
                "Nationality": "India"
            },
            {
                "Name": "Dr. Nellore Manoj Kumar",
                "Address": "Independent Researcher, \nFounder & CEO, Infinite-Research Organization, B.O, 15-225, Gollapalem, Venkatagiri, Tirupati District, Andhra Pradesh, India, Pincode: 524132",
                "Country": "India",
                "Nationality": "India"
            },
            {
                "Name": "Dr. K. Abdul Razak",
                "Address": "Professor,\nDepartment of Mathematics,\nK.Ramakrishnan College of Engineering (Autonomous),\nSamayapuram, Tiruchirappalli, Tamilnadu, India, \nPincode: 621112",
                "Country": "India",
                "Nationality": "India"
            },
            {
                "Name": "Dr. M. Elumalai",
                "Address": "Assistant Professor,\nDepartment of Mathematics, St. Joseph\u2019s Institute of Technology, Chennai, Tamilnadu, India, \nPincode: 600119",
                "Country": "India",
                "Nationality": "India"
            },
            {
                "Name": "Dr. R. Sivaiah",
                "Address": "Assistant Professor, \nS&H Mathematics, NBKR Institute of Science & Technology, Vidyanagar, Kota, SPSR Nellore, Andhra Pradesh, India, Pincode: 524413",
                "Country": "India",
                "Nationality": "India"
            },
            {
                "Name": "Dr. Animesh Kumar Sharma",
                "Address": "Assistant Professor,\nDepartment of Mathematics,\nFaculty of Science and Technology,\nThe ICFAI University, Raipur, Chhattisgarh, India,\nPincode: 492001",
                "Country": "India",
                "Nationality": "India"
            },
            {
                "Name": "Dr. Radheshyam R. Sharma",
                "Address": "Assistant Professor,\nDepartment of Mathematics & Statistics,\nPodar World College,\nMumbai, Maharashtra, India, \nPincode: 400049",
                "Country": "India",
                "Nationality": "India"
            }
        ]
    }
}