{
    "202411067903": {
        "Invention Title": "PEEL TO POWER: ENZYMATIC CONVERSION OF POTATO AND MUSK MELON PEEL TO SUSTAINABLE BIOFUELS",
        "Publication Number": "39/2024",
        "Publication Date": "27/09/2024",
        "Publication Type": "INA",
        "Application Number": "202411067903",
        "Application Filing Date": "09/09/2024",
        "Priority Number": "",
        "Priority Country": "",
        "Priority Date": "",
        "Field Of Invention": "CHEMICAL",
        "Classification (IPC)": "A61K0009000000, A61P0025000000, A61P0025280000, A61P0001160000, A61K0009500000",
        "Abstract": "The present invention relates to method for turning potato and muskmelon peels into sustainable biofuels. Pretreatment of the feedstock, enzymatic hydrolysis, fermentation, separation, and purification are all specifically included in the process. Pretreatment includes washing, drying, grinding, and mild acid treatment to increase the surface area and break down the lignin and hemicellulose apart from some contaminants, followed by enzymatic hydrolysis of such feedstocks using new combinations of cellulases, hemi-cellulases, and amylases manufactured by such genetically engineered/enhanced microorganisms. This engineered yeast and bacteria convert the yielded hydrolysate into bioethanol and biobutanol. These biofuels are separated against impurities and purified by the latest membrane technologies based on pervaporation and nanofiltration combined with distillation techniques. The integration makes effective, sustainable, and applicable into agriculture together with waste conversion to top-grade biofuels\u2014all further rendered into needs of a society which emerges with renewable energy sources.",
        "Description": [
            "Description:The present invention relates to a process and system for converting potato and muskmelon peels into sustainable biofuels, including multi-step process by which various novel technologies and approaches are interlinked. The multi-step process involves: feedstock pretreatment, enzymatic hydrolysis, fermentation, separation, and purification. The step of pretreatment involves washing, drying, grinding, and mild acid treatment to increase the surface area, eliminating lignin and hemicellulose that clog the enzyme's points of attack, and removing the contaminants. These are then enzymatically hydrolyzed using a unique mix of cellulases, hemi-cellulases, and amylases produced by the genetically modified microbes.",
            "\tThe resultant hydrolysate is fermented into bioethanol and biobutanol by bacteria and yeast that are genetically modified. Advanced membrane technologies such as: nanofiltration and pervaporation, separate and purify the biofuels prior to distillation. Thereby, these embodiments have been combined to effectively and sustainably convert agricultural waste into premium biofuels, meeting the rising needs for renewable sources of energy.",
            "\tThe present invention provides a revolutionary procedure that uses fermentation and enzymatic hydrolysis to turn potato and musk melon peels into sustainable biofuels. The following steps are detailed included in the method:",
            "\t1.\tPretreatment of Feedstocks",
            "\tOne of the most critical steps involved in processes transforming potato and muskmelon peels into sustainable biofuels has been their pretreatment (as depicted in Figure 1). On the whole, pretreatment is meant to remove impurities and increase the surface area of feedstocks so that they are accessible to enzymes applied afterward during the hydrolysis step. The present invention first deals with the cleaning and drying stage of feedstock pretreatment. This is supposed to ensure that any form of dirt, soil, and other kinds of contamination are removed from the outer surface of peels. The peels are washed in running water and mild detergent solution depending on the nature and intensity of contamination. The peels are cleaned and then dried, removing additional moisture, which interfere with the next steps of the process. Drying is done based on the size of the operation and resources available such as: sun drying, oven drying, and with the use of a dehydrator.",
            "\tThe cleaned and dried feedstocks undergo a totally novel kind of pretreatment method that has both physical and chemical approaches. This step involves the grinding of peels into fine particles, normally between 0.5 to 2 mm in size. With this reduction in size, the surface area of the feedstocks increases significantly, enhancing proper contact of the feeds with the action of the enzymes in the hydrolysis step. Grinding is carried out in various types of equipment, such as: hammer mill, ball mill, and knife mill, depending on the required size of the particles and the equipment at one's disposal.",
            "\tChemical pretreatment \u2013 A mild acid solution, typically dilute sulfuric acid: is used to break down the feedstock so that cellulose and starch components become accessible. Lignin and hemicellulose are complex polymers which provide structural support for plant cells and act to hinder the access of enzymes to cellulose and starch elements of feedstocks. These polymers that prevent access of the enzymes, are removed by the chemical pretreatment and increase accessibility of cellulose and starch, hence improving the efficiency of hydrolysis.",
            "\tChemical pretreatment is carried out in the reactor vessel by which the grounded feedstocks are mixed with the dilute acid solution. Optimization been made about the acid concentration, temperature, and time of treatment such that, under working conditions, most of the lignin and hemicellulose are removed, and cellulose and starch components are degraded. Common operating conditions for chemical pretreatment involve the use of 0.5 to 2% w/w sulfuric acid, 120 to 180 \u00b0C, and a residence time of 10 to 60 min.",
            "\tAfter the chemical pretreatment, the feedstocks are therefore neutralized and washed off residual acid and the dissolved lignin and hemicellulose. Normally, the neutralization involves the addition of a base solution such as sodium hydroxide and ammonia to bring the pH range of the feedstocks into a neutral pH range of 6-8. Water washing is done to remove these remaining soluble components to make the feedstock material ready for the next steps of enzymatic hydrolysis.",
            "\tAccording to one of the embodiments, Figure 1 (200) detailed about the pretreatment of feedstocks and the process involves collection of potato peel and musk melon peel feedstocks (101), which is further followed by clean and wash feedstocks to remove dirt, soil and other contaminants (102), where feedstocks are dried using different drying techniques such as: sun drying, oven drying, or a dehydrator for the removal of excess moisture (103), further grinding of dried feedstocks into small particles using hammer mill, ball mill, or knife mill to increase he surface area (104). The treatment of ground feedstocks with a mild acid solution at 120-180\u00b0C for 10-60 minutes to remove lignin and hemicellulose (105) and then neutralize and wash acid-treated feedstocks with a base solution (sodium hydroxide or ammonia) to remove residual acid and dissolved lignin and hemicellulose (106) and the pretreated feedstocks are ready fr the enzyme hydrolysis (107).",
            "\t2.\tEnzymatic Hydrolysis",
            "\tThe enzymatic hydrolysis of the pretreated potato peel and musk melon peel is the next crucial step in the process of converting these agricultural waste materials into sustainable biofuels (as depicted in Figure 2). The purpose of the enzymatic hydrolysis is to break down the complex carbohydrates present in the pretreated feedstocks into simple, fermentable sugars that have been used by microorganisms to produce biofuels.",
            "\tThis enzymatic hydrolysis is brought about by a novel mix of enzymes that involve cellulases, hemi-cellulases, and amylases. These selected enzymes break down the different forms of carbohydrates found in the processed feedstock variations. The mentioned enzymes have been selected with a view of breakage, such as: cellulases break down cellulose, a linear polymer of glucose units and the chief constituent of plant cell walls. Hemicellulose is a polymer of branching, different sugars degraded by enzymes called hemi-cellulases in plant cell walls. Starch is the principal storage carbohydrate in plants.",
            "\tBacteria and fungi that have undergone genetic engineering create the enzymes utilized in this technology. These microorganisms undergo genetic modification to further improve their capacity for producing the desired enzymes after being chosen for their capacity to manufacture the desired enzymes at high concentrations. The utilization of genetic engineering techniques that involves the insertion of extra copies of the genes encoding the enzymes, the optimization of regulatory elements governing gene expression, and the removal of genes that hinders the production of enzymes. The resultant genetically modified microbes are then cultivated in extensive fermentation systems to yield the enzymes, that are subsequently prepared and purified in preparation for the enzymatic hydrolysis stage.",
            "\tEnzymatic hydrolysis, then occur in the bioreactor when the ideal pH and temperature are reached, together with the ideal enzyme dosage. For enzymes, the ideal pH range is maintained between 4.5 and 5.5, although the temperature range is always fairly limited. Enzyme loading, and the quantity of enzymes added per unit weight of pretreated feedstock, is another variable, to be improved. It guarantees effective hydrolysis at the lowest feasible cost to the enzyme in this way. Included in these, the combinations of enzymes that work together to hydrolyze these complicated carbohydrates into simpler sugars. Hemicelluloses are broken down to generate other sugars such as mannose, galactose, and xylose, whereas cellulose is broken down by cellulases into glucose. Amylases perform the digestion process that turns starch into glucose.",
            "\tA novel combination of enzymes expressed by transgenic microorganisms has been demonstrated with several advantages regarding the conventional process of enzymatic hydrolysis. Genetic manipulation in producing microorganisms allows for the production of enzymes with improved activity, stability, and specificity that enhance hydrolysis efficiency and increase sugar yields. A well-balanced mix of cellulases, hemi-cellulases, and amylases break down all major carbohydrate types effectively in the pretreated feedstock into fermentable sugars, thus maximizing overall biofuel yields.",
            "\tAccording to one of the embodiments, Figure 2 (200) detailed about the enzymatic hydrolysis of the pretreated feedstock from Figure 1 (201), where a combination of enzymes (cellulases, hemi-cellulases, and amylases) using genetically engineered microorganisms (fungi or bacteria) (202) and then optimize enzyme production by genetic engineering techniques (insertion of additional copies of enzyme-encoding genes, optimization of gene expression regulatory elements, or deletion of interfering genes) (203) and then purify and formulate enzymes for use in the enzymatic hydrolysis step (204), where the pretreated feedstocks are loaded into a bioreactor (205) by optimizing the hydrolysis conditions at temperature (45-55\u00b0C), pH (4.5-5.5), and enzyme loading (206). Monitoring and control hydrolysis process to ensure maximum conversion of complex carbohydrates into fermentable sugars (207) which produced hydrolysate containing high concentrations of fermentable sugars (glucose, xylose, mannose, galactose) (208).",
            "\t3.\tFermentation",
            "\tThe fermentation of the sugars obtained from the enzymatic hydrolysis of the pretreated potato peel and musk melon peel is the next critical step in the production of sustainable biofuels. In this step, genetically engineered microorganisms, such as yeast and bacteria, are used to convert the fermentable sugars into the desired biofuel, such as bioethanol and biobutanol.",
            "\tThese fermentation microorganisms are chosen to convert efficiently the type of sugar which composes the hydrolysate into a specific biofuel. Production of bioethanol (as depicted in Figure 3) is from the yeast Saccharomyces cerevisiae due to the fact that it has a high tolerance to ethanol, efficiently fermenting glucose. However, this has been overcome through genetic manipulation for the expression of heterologous enzymes that enable the fermentation of xylose since it is a major component of hemicellulose-derived sugars in the hydrolysate, which is not fermented by S. cerevisiae. Genetic manipulation is carried out in genes encoding xylose isomerase and xylulokinase.",
            "\tThe wild-type bacteria such as Clostridium acetobutylicum and Clostridium beijerinckii, that produce butanol natively through the acetone-butanol-ethanol (ABE) route of fermentation have been used quite frequently. However, these bacteria have been found to be only moderately tolerant to butanol and get inhibited by chemicals in the hydrolysate originating from pretreatment as by-products, such as 5-hydroxymethylfurfural and furfural. Genetic manipulation of microorganisms for increased butanol tolerance and the overexpression of enzymes responsible for the detoxification of these inhibitors helped alleviate these problems to some extent.",
            "\tGenetic engineering includes the application of different techniques to fermentation microorganisms, such as: genome editing, metabolic engineering, and adaptive laboratory evolution. Metabolic engineering focuses on maximizing flux toward a desired biofuel through the logical design and alteration of metabolic pathways. Adaptive laboratory evolution is a process under which a microorganism continuously undergoes cultivation under selective pressure to increase its fitness and performance. Such desired features and undesirable ones been introduced by using genome editing tools such as CRISPR-Cas9 into the microbial genome.",
            "\tThis fermentation process occurs in a bioreactor under the defined process conditions by setting parameters for temperature, pH, and nutrient supply. Usually, the optimal growth temperature of the microorganism is 37\u00b0C in the case of C. acetobutylicum and 30\u00b0C in the case of S. cerevisiae. Such adjustment in pH reduces formation of unwanted by-products and maintains in the optimum range of pH for the concerned microorganism. All nutrients required for the development and metabolism of microbes are added into the medium, which include vitamins, trace minerals, and nitrogen sources.",
            "\tGenerally, the bacteria consume the fermentable carbohydrates through various metabolic processes during fermentation. As an example, when synthesizing bioethanol, the yeast ferments glucose to ethanol and carbon dioxide by the glycolytic pathway. However, the pentose phosphate route is the process through which xylose is fermented. Conversely, the acetone-butanol-ethanol (ABE) route is used by the bacteria to convert these fermenting sugars into biobutanol (as depicted in Figure 4). Formation of several intermediates, including butyryl- and acetoacetyl-CoA, occur as the process continues.",
            "\tBatch and fed-batch methods are typically used for this fermentation, depending on the procedure size and the necessary concentration for biofuel. In batch fermentation, the bioreactor is filled with all of the hydrolysate at the beginning of the fermentation process, and the process is allowed to continue until all of the sugars are eaten. With fed-batch fermentation, inhibitory chemicals are kept from building up and the sugar content is kept close to its optimal level by feeding the hydrolysate into the bioreactor in segments as the fermentation progresses.",
            "\tThe combination of the genetically modified microbes and precisely adjusted conditions for fermentation confers several advantages to this invention over prior fermentation methods. Genetic modification alone has made all the sugars in the hydrolysate digestible, including from hemicellulose, normally indigestible by wild-type microbes. Optimizing temperature, pH, and supplementation with nutrients ensures maximum activity of the microbes to act on the feedstock, thus yielding high biofuel yields and productivities. Fed-batch fermentation is a sophisticated technique that exerts limited influence by inhibitory chemicals and leads to a large amount of biofuel production.",
            "\tAccording to one of the embodiments, Figure 3 (300) detailed about the hydrolysate from flow chart of Figure 2 (301) which is selected and the genetically engineering of yeast (Saccharomyces cerevisiae) to express the xylose isomerase and xylulokinase for the efficiently production of xylose fermentation (302), optimizing fermentation conditions: temperature (30\u00b0C), pH, and nutrient supplementation (303), and load the hydrolysate and genetically engineered yeast into a bioreactor (304). The monitoring and control fermentation process is there for ensuring the optimal growth and yeast metabolism (305) and ferment the sugar into ethanol through the glycolysis and pentose phosphate pathways (306) and produced the fermentation broth containing the high concentration of bioethanol (307).",
            "\tAccording to one of the embodiments, Figure 4 (400) detailed about the hydrolysate from flow chart of Figure 2 (401) which is selected and the genetically engineering of bacteria ((Clostridium acetobutylicum or Clostridium beijerinckii) to enhance butanol tolerance and overexpress enzymes involved in the detoxification of inhibitory compounds (402), optimizing fermentation conditions: temperature (37\u00b0C), pH, and nutrient supplementation (403), and load the hydrolysate and genetically engineered yeast into a bioreactor (404). The monitoring and control fermentation process is there for ensuring the optimal growth and yeast metabolism (405) and ferment the sugar into acetone, butanol, and ethanol through the ABE fermentation pathway (406) and produced the fermentation broth containing the high concentration of biobutanol (407).",
            "\t4.\tSeparation and Purification",
            "\tThe separation and purification of the produced biofuels from the fermentation broth is the final critical step in the production of sustainable biofuels from potato peel and musk melon peel. The purpose of this step is to recover the biofuels from the complex mixture of the fermentation broth, that contains the biofuels, residual sugars, microbial biomass, and various by-products, and to purify them to meet the required fuel standards.",
            "\tAmong the state-of-the-art membrane technologies used at present for extracting biofuels from fermentation broth are nanofiltration and pervaporation. Pervaporation is a membrane-based separation process in which differential partial pressure between the permeate and feed sides induces differential permeation of the biofuels through a dense polymeric membrane. The membrane has high affinity for the biofuels and low affinity for water and other ingredients in the fermentation broth that allows selective separation.",
            "\tAnother membrane-based separation process is nanofiltration, where the porous membrane has a pore size in the nanometre range. In that respect, such a membrane is designed to have a molecular weight cut-off that allows the passage of biofuels while larger molecules such as microbial biomass and residual sugars are retained. The driving force for such separation, is a pressure difference across the membrane maintained in the range of 10 to 30 bar.",
            "\tTherefore, the type of membrane technology applied by the type of biofuel produced and the nature of the fermentation broth. In the case of bioethanol production, pervaporation is rather more widely applied due to high selectivity toward ethanol compared with water and the possibility of treating fermentation broths having high ethanol concentration (as depicted in Figure 5). Thus, nanofiltration is mainly used for biobutanol production (as depicted in Figure 6) as it is strong enough to deal with bigger butanol molecules, and still be compatible with the normally lower butanol concentrations of the fermentation broth.",
            "\tAccording to one of the embodiments, Figure 5 (500) detailed about the fermentation broth containing bioethanol from flow chart of Figure 3 (501) where separation of bioethanol from the fermentation broth using pervaporation (502). The designing and optimizing the pervaporation membrane to have high affinity for bioethanol and low affinity for water and other components (503) and the purification of separated bioethanol occurs using distillation techniques such as: Beer column for the removal of remove bulk of water and residual sugars, rectification column and molecular sieve column for the removal of remaining water to produce anhydrous ethanol (99.5% v/v or higher) (504) that produce high-purity bioethanol meeting fuel standards (505).",
            "\tAccording to one of the embodiments, Figure 6 (600) detailed about the fermentation broth containing biobutanol from flow chart of Figure 4 (601) where separation of biobutanol from the fermentation broth using nanofiltration (602). The designing and optimizing the nanofiltration membrane to have molecular weight cut-off, allowing the passage of biobutanol while retaining larger molecules (microbial biomass and residual sugars) (603) and the purification of separated biobutanol occurs using distillation techniques such as: Beer column for the removal of remove bulk of water and residual solvents, extractive distillation column by using a high boiling solvent (glycerol or ionic liquids) to break the azeotrope between butanol and water and polishing column for the removal of  remaining impurities to produce high-purity butanol (604) to produce high-purity biobutanol that meet fuel standards (605).",
            "\tThe purification of the separated biofuels is carried out using distillation, which is a thermal separation process that exploits the differences in the boiling points of the components of the mixture. The separated biofuels are heated in a distillation column, causing the lower boiling components, such as water and residual solvents, to vaporize and rise to the top of the column, while the higher boiling components, such as the biofuels, remain in the liquid phase and are collected at the bottom of the column.",
            "\tThe distillation process is carried out in a series of columns, each designed to remove specific impurities from the biofuels. For bioethanol purification, the distillation train consists of a beer column, that removes the bulk of the water and the residual sugars from the separated ethanol; a rectification column, that further concentrates the ethanol to the azeotropic composition of 95% (v/v); and a molecular sieve column, which removes the remaining water to produce anhydrous ethanol with a purity of 99.5% (v/v) and higher (as depicted in Figure 5).",
            "\tFor biobutanol purification, the distillation train consists of a beer column, that removes the bulk of the water and the residual solvents from the separated butanol; an extractive distillation column, that uses a high boiling solvent, such as glycerol and ionic liquids, to break the azeotrope between butanol and water; and a polishing column, that removes the remaining impurities to produce high-purity butanol (as depicted in Figure 6).",
            "\tThe sophisticated membrane technologies and distillation procedures used in the present invention have a number of benefits. The selective extraction of the biofuels from the fermentation broth is made possible by the use of nanofiltration and pervaporation, that lowers the energy consumption and environmental effect of the subsequent purification processes. High-purity biofuels that satisfy the necessary fuel requirements, such as ASTM D4806 for bioethanol and ASTM D7862 for biobutanol (as depicted in Figure 6), is produced by using a distillation train.",
            "\tTherefore, proper integration of separation/purification steps with the upstream steps of pretreatment, hydrolysis, and fermentation is very important for the overall efficiency and economics of the biofuel production process. Operating conditions such as temperature, pressure, flow rates and design of process equipment such as membrane modules and distillation columns are optimized using state-of-the-art process simulation and optimization tools. It further enhances energy efficiency through the application of heat integration and energy recovery techniques such as: vapor recompression and multi-effect distillation.",
            "\tIn conclusion, the novel combination of advanced membrane technologies and distillation processes used in this invention enables the efficient and cost-effective separation and purification of high-quality biofuels from the complex fermentation broths obtained from the conversion of potato peel and musk melon peel. The integration of these technologies with the upstream processing steps and the use of advanced process optimization tools ensures the overall sustainability and economic viability of the biofuel production process.",
            "\tThe process is further optimized using advanced process simulation and optimization tools, that help to identify the optimal operating conditions, equipment design, and process integration strategies. The use of heat integration and energy recovery techniques, such as vapor recompression and multi-effect distillation, further enhances the energy efficiency of the process.",
            "\tThe flow charts as depicted in Figures 1-6 provide a detailed overview of the key steps involved in the production of sustainable biofuels from potato peel and musk melon peel. The process begins with the pretreatment of feedstocks (Figure 1- Flow Chart 1), followed by enzymatic hydrolysis (Figure 2- Flow Chart 2) to produce fermentable sugars. The hydrolysate then undergoes fermentation to produce either bioethanol (Figure 3- Flow Chart 3) and biobutanol (Figure 4- Flow Chart 4), depending on the targeted biofuel. Finally, the produced biofuels are separated and purified using advanced membrane technologies and distillation processes (Figure 5- Flow Charts 5 and Figure 6- Flow Chart 6) to meet the required fuel quality standards. The integration of these flow charts and the optimization of each step are crucial for the overall efficiency and economic viability of the biofuel production process. The use of genetically engineered microorganisms, novel enzyme combinations, and advanced separation and purification technologies sets this invention apart from prior biofuel production methods, resulting in a sustainable and efficient process for converting agricultural waste into high-quality biofuels.",
            "\tIn summary, the best mode of operations of this invention involves the seamless integration and synergistic working of the four key embodiments: pretreatment of feedstocks, enzymatic hydrolysis, fermentation, and separation and purification. Every embodiment is carefully designed and optimized to ensure the production of biofuel is as efficient and as sustainable as possible, with further optimization of the overall process through advanced process simulation and optimization tools. In the long run, this eventually lead to a new, effective, and eco-friendly process for the production of high-quality biofuels from potato peel and musk melon peel\u2014two greatly available feedstocks of lignocellulosic waste biomass contributing towards meeting the ever-increasing demand globally for renewable energy.",
            "\t, Claims:1)\tA method for pre-treating agricultural waste feedstocks for producing biofuel, wherein the method, comprising the steps of;",
            "\ta)\tcleaning and drying peels from potato and musk melon such that peels are contaminant-free;",
            "\tb)\tgrinding the cleaned and dried peels into the size of particles between 0.5 to 2 mm;",
            "\tc)\tthe ground peels are digested with dilute sulfuric acid to rupture lignin and hemi-cellulose, increasing the accessibility of cellulose and starch; and",
            "\td)\tneutralizing the treated peels by a base solution and wash to remove residual acid and the dissolved components.",
            "\t2)\tThe method as claimed in claim 1, wherein the concentration of sulphuric acid used in step (c) is between 0.5% to 2% (w/w), treatment temperature is between 120\u00b0C to 180\u00b0C and the treatment time is between 10 to 60 minutes.",
            "\t3)\tA method for enzymatic hydrolysis process of the pretreated feed-stocks, comprising the steps of:",
            "\ta)\tco-mixing cellulases, hemi-cellulases, and amylases in a bio-reactor containing the pretreated potato peels and musk melon peels; and",
            "\tb)\toptimizing the hydrolyzed environment wherein the desired temperature and pH is maintained; and loading of enzymes is carried out to convert complex carbohydrates into fermentable sugars.",
            "\t4)\tThe method as claimed in claim 3, wherein the enzyme-catalyzed hydrolysis occurs at a temperature ranging between 45-55\u00b0C and pH ranging between 4.5 to 5.5.",
            "\t5)\tThe method as claimed in claim 3, wherein the enzymes produced in genetically modified microorganisms are optimized for enhanced production and stability of enzymes.",
            "\t6)\tA method for fermentation of the enzymatically hydrolyzed sugars comprising the steps of:",
            "\ta)\tgenetic modification of the microorganism for fermentation of the said sugars into bioethanol and biobutanol; and",
            "\tb)\toptimum conditions of temperature and pH and addition of nutrients for maximum production of the biofuel.",
            "\t7)\tThe method as claimed in claim 6, wherein the genetically modified yeast for producing said bioethanol is modified to produce xylose isomerase and xylulokinase to enable xylose fermentation.",
            "\t8)\tThe method as claimed in claim 6, wherein the genetically modified bacteria for producing said biobutanol are designed for improved inhibitory compound tolerance by said overexpression of detoxification enzymes.",
            "\t9)\tA method for separation and purification of biofuels from the fermentation broth, comprising the steps of:",
            "\ta)\tseparation of the biofuel from residual sugars, microbial biomass, and by-products through pervaporation and nanofiltration; and",
            "\tb)\tusing distillation techniques to further refine the biofuels in order to meet fuel requirements.",
            "\t10)\tThe method as claimed in claim 9, wherein the distillation techniques are a beer column, a rectification column and a molecular sieve column for bioethanol refinement; and a beer column, an extractive distillation column and a polishing column for biobutanol refinement."
        ],
        "Inventors": [
            {
                "Name": "Ritik Sharma",
                "Address": "Department of Chemical \r\nEngineering, Chandigarh University, National Highway 05, Chandigarh-Ludhiana Highway, Mohali, Punjab -140413, India",
                "Country": "India",
                "Nationality": "India"
            },
            {
                "Name": "Tripti Sharma",
                "Address": "Department of UIPS, Chandigarh University, National Highway 05, Chandigarh-Ludhiana Highway, Mohali, Punjab -140413, India",
                "Country": "India",
                "Nationality": "India"
            }
        ],
        "Applicants": [
            {
                "Name": "Chandigarh University",
                "Address": "Chandigarh University National Highway 05, Chandigarh-Ludhiana Highway, Mohali, Punjab -140413, India.",
                "Country": "India",
                "Nationality": "India"
            }
        ]
    }
}