{
    "202411068035": {
        "Invention Title": "\u201cSYSTEM FOR EFFICIENT SOFTCORE UNSIGNED MULTIPLIER DESIGN USING OPTIMIZED LUT AND METHOD THEREOF\u201d",
        "Publication Number": "39/2024",
        "Publication Date": "27/09/2024",
        "Publication Type": "INA",
        "Application Number": "202411068035",
        "Application Filing Date": "09/09/2024",
        "Priority Number": "",
        "Priority Country": "",
        "Priority Date": "",
        "Field Of Invention": "COMMUNICATION",
        "Classification (IPC)": "H04L0027260000, G02B0005300000, B32B0015200000, G06Q0030060100, A61B0017160000",
        "Abstract": "ABSTRACT\r\n[026] The present invention discloses a method for efficiently fabricating softcore unsigned multipliers using optimized Look-Up Tables (LUTs). By grouping successive rows and strategically mapping carry chains to Carry4 primitives, the design enhances resource utilization and performance. This approach reduces the number of LUTs required compared to traditional methods, exemplified by the implementation of a 4\u00d74 multiplier that uses only 8 LUTs versus 13 in conventional designs. The proposed methodology scales effectively for larger multipliers and has been validated on a Virtex-7 FPGA device, showing superior performance over existing solutions. The invention addresses inefficiencies in traditional multiplier designs, offering a more optimized and resource-efficient solution for digital multiplication in FPGA systems. \r\nAccompanied Drawing [Figure 1-8]",
        "Description": [
            "Description:FIELD OF THE INVENTION",
            "\t[001] The present invention pertains to the field of digital signal processing (DSP) and, more specifically, to the design of efficient softcore multipliers for use in Field Programmable Gate Arrays (FPGAs). Furthermore, the invention discloses a novel softcore multiplier design with enhanced performance.",
            "BACKGROUND OF THE INVENTION",
            "\t[002] Digital signal processing (DSP) is fundamental in numerous modern applications, employing algorithms such as Convolution, Fast Fourier Transform (FFT), Finite Impulse Response (FIR) filtering, and Discrete Cosine Transform (DCT). Central to these algorithms is the multiplication operation, which significantly influences the overall performance of DSP hardware. To address this need, multipliers are integral components in DSP systems, and their efficiency directly impacts computational speed and accuracy. In particular, bit-parallel multipliers are prevalent in DSP applications due to their speed advantages, as the performance of these multipliers is largely determined by the efficiency of the partial product reduction (PPR) stage.",
            "\t[003] US6490608B1 discloses Parallel multipliers and techniques for reducing Wallace-trees in parallel multipliers to achieve fewer reduction stages. The parallel multipliers of the present invention, in one embodiment, require one fewer stage of reduction than conventional multipliers proposed by Wallace and Dadda. Accordingly, fewer adder components are required. The speed of the parallel multipliers of the present invention is also improved due to the fewer number of reduction stages. In another embodiment, the method of the present invention is applicable to signed multiplication and includes a step of performing trial reduction on an input matrix that has a maximum number of nodes per column K. The trial reduction step is performed with a reduction target of dL-2 nodes where dL-1<K?dL. If maximum number of nodes per column in the resulting matrix does not exceed dL-2, then reduction steps are performed to generate a reduction tree having L-1 reduction stages. Otherwise, reduction steps are performed to generate a reduction tree having L stages. Further, in one embodiment of the present invention, the reduction tree T is then reduced such that as many LSBs (least significant bits) of the tree T at the final stage have at most one node and that the bit adjacent to the LSBs has at most three nodes. In furtherance of the present invention, run-time performance of the present invention is improved when extra nodes at lower and upper edge of the input matrix T may be ignored during reduction.",
            "\t[004] US5265043A discloses a Wallace tree multiplier array performs multiply operations using operands received via a data path having a predetermined height. Rows of carry save adders (CSAs 15'-19\") add sets of partial products to generate sets of intermediate summands, which are recursively added to generate a set of final summands. A first group of CSAs form a column which is placed along an axis parallel to the data path and are used to compute a more significant number of bits of each of the summands. The column height of the first group of CSAs is equal to and aligned with the height of the data path. A second group of CSAs are placed along an axis perpendicular to the column formed by the first group of CSAs, thereby minimizing the dimension of the multiplier along the data path. The second group of CSAs compute a less significant number of bits of the summands.",
            "\t[005] Traditionally, the PPR stage has utilized Wallace and Dadda trees to reduce the partial product matrix (PPM). Innovations in this area have focused on improving the efficiency of these trees through the use of 4:2 compressors, which simplify the reduction process. While such approaches have been effective in application-specific integrated circuit (ASIC) designs, they are less suited to Field Programmable Gate Arrays (FPGAs) due to architectural differences. ASICs allow for fine-grained gate-level optimizations, whereas FPGAs rely on Lookup Tables (LUTs) and built-in primitives like Carry4 for optimization. Therefore, methods optimized for ASICs do not directly translate to FPGA implementations.",
            "\t[006] Recent research has aimed to enhance FPGA multiplier performance by leveraging the architectural features of FPGAs, such as LUTs and Carry4 primitives. Several approaches have been developed to optimize compressor trees and improve the mapping of multiplier circuits onto FPGA fabric. For instance, recent designs have sought to exploit the inherent parallelism and flexibility of FPGAs to achieve better performance. However, these methods, while promising, often fall short compared to the Xilinx (now AMD) softcore IP multipliers. The Xilinx IP Multiplier (12.0) is recognized for its superior performance in unsigned multiplication on Xilinx FPGAs. Despite its advancements, there remains a gap in achieving optimal performance with respect to both LUT count and Critical Path Delay (CPD).",
            "\t[007] Therefore, to overcome the shortcoming of the prior arts, there is a dire need to develop an softcore multiplier design that surpasses the performance of current Xilinx softcore IP multipliers. Unlike conventional methods that may not fully exploit FPGA architecture, the proposed design effectively translates the multiplier Boolean network into a more efficient circuit netlist. By optimizing the mapping of logic nodes onto LUTs and Carry4 primitives, the invention achieves a significant reduction in LUT count and CPD. This novel approach not only improves the efficiency of the multiplier but also offers enhanced performance compared to state-of-the-art solutions, providing a substantial advancement in FPGA-based multiplier technology.",
            "\tSUMMARY OF THE PRESENT INVENTION",
            "\t[008] The present invention relates to a system for the efficient design of softcore unsigned multipliers utilizing optimized Look-Up Tables (LUTs) and an associated method, designed specifically for implementation on Field Programmable Gate Arrays (FPGAs). In digital signal processing applications, which commonly involve operations like convolution, Fast Fourier Transform (FFT), and filtering, the performance of multipliers directly influences the overall efficiency of the hardware. Traditional multiplier architectures, including Wallace and Dadda trees, often encounter limitations due to the partial product reduction (PPR) stage. Although advances have been made with 4:2 compressors to address these complexities, existing methods typically cater to ASICs and do not optimally utilize the FPGA\u2019s architectural fabric, which consists of LUTs and Carry4 primitives. The proposed invention leverages the FPGA\u2019s inherent structure by introducing a novel methodology for mapping logic nodes to LUTs and Carry4 primitives, significantly enhancing the efficiency of unsigned multipliers.",
            "\t[009] This inventive system optimizes the Boolean network for 4\u00d74 and 8\u00d78 multipliers by employing an innovative LUT-Carry4 mapping strategy. The approach involves grouping successive rows and mapping carry chains more efficiently to minimize LUT usage and enhance logic distribution. Specifically, for a 4\u00d74 multiplier, the proposed method reduces the required number of LUTs from 13 to 8, and similarly, for an 8\u00d78 multiplier, it demonstrates a reduction in LUT count compared to traditional implementations. This efficiency gain is achieved by strategically configuring LUTs and Carry4 primitives to handle partial products and carry propagation in a manner that aligns with FPGA constraints and capabilities. The performance of the proposed multiplier has been validated against Xilinx\u2019s IP multiplier and recent state-of-the-art designs, showcasing superior efficiency and optimized resource utilization on the Virtex-7 FPGA platform.",
            "[010] In this respect, before explaining at least one object of the invention in detail, it is to be understood that the invention is not limited in its application to the details of set of rules and to the arrangements of the various models set forth in the following description or illustrated in the drawings. The invention is capable of other objects and of being practiced and carried out in various ways, according to the need of that industry. Also, it is to be understood that the phraseology and terminology employed herein are for the purpose of description and should not be regarded as limiting.",
            "\t[011] These together with other objects of the invention, along with the various features of novelty which characterize the invention, are pointed out with particularity in the disclosure. For a better understanding of the invention, its operating advantages and the specific objects attained by its uses, reference should be made to the accompanying drawings and descriptive matter in which there are illustrated preferred embodiments of the invention.",
            "BRIEF DESCRIPTION OF THE DRAWINGS",
            "[012] When considering the following thorough explanation of the present invention, it will be easier to understand it and other objects than those mentioned above will become evident. Such description refers to the illustrations in the annex, wherein:",
            "\tFigure 1 illustrates LUT and Carry4 structure for Xilinx FPGAs;",
            "\tFigure 2 illustrates 4-bit adder based on LUT and Carry4 primitive;",
            "\tFigure 3 illustrates boolean network for 4\u00d74 RCA Multiplier;",
            "\tFigure 4 illustrates LUT-Carry4 netlist for 4\u00d74 RCA Multiplier;",
            "\tFigure 5 illustrates LUT-Carry4 netlist for the proposed 4-bit multiplier;",
            "\tFigure 6 illustrates different LUT types used in the proposed multiplier;",
            "\tFigure 7 illustrates LUT-Carry4 netlist for the proposed 8-bit multiplier; and",
            "\tFigure 8 illustrates the technology schematic of proposed 4-bit multiplier, in accordance with an embodiment of the present invention.",
            "DETAILED DESCRIPTION OF THE INVENTION",
            "[013] The following sections of this article will provide various embodiments of the current invention with references to the accompanying drawings, whereby the reference numbers utilised in the picture correspond to like elements throughout the description. However, this invention is not limited to the embodiment described here and may be embodied in several other ways. Instead, the embodiment is included to ensure that this disclosure is extensive and complete and that individuals of ordinary skill in the art are properly informed of the extent of the invention.",
            "\t[014] Numerical values and ranges are given for many parts of the implementations discussed in the following thorough discussion. These numbers and ranges are merely to be used as examples and are not meant to restrict the claims' applicability. A variety of materials are also recognised as fitting for certain aspects of the implementations. These materials should only be used as examples and are not meant to restrict the application of the innovation.",
            "\t[015] The present invention discloses a system for efficient softcore unsigned multiplier design using optimized Look-Up Tables (LUTs) and methods thereof. This innovation aims to address the inefficiencies inherent in traditional multiplier designs by leveraging an optimized LUT-based approach to improve performance and resource utilization.",
            "\t[016] In the realm of field-programmable gate arrays (FPGAs), the 6-input LUT has emerged as a fundamental building block. These LUTs offer six independent inputs and two outputs (O6 and O5) and can be configured to implement various Boolean functions. For instance, in dual mode operation, a hexadecimal INIT value such as \"6000000080000000\" enables the LUT to function as a half-adder, where the O6 output provides the carry and the O5 output yields the sum. The Carry4 primitive, which is integral to fast carry propagation, is constrained to be driven only by the O6 output of the LUT. Figures 1 and 2 illustrate the internal structure of the 6-input LUT and Carry4 primitive, as well as a 4-bit adder circuit netlist using these components.",
            "\t[017] A conventional 4-bit Ripple Carry Array (RCA) multiplier, as depicted in Figure 3, is typically implemented by mapping carry chains to Carry4 primitives and using AND gates to generate partial products. This traditional approach results in a netlist that requires 13 LUTs for implementation, as shown in Figure 4.",
            "\t[018] The proposed fabriaction introduces an approach to enhance the efficiency of the Boolean network representation for multipliers. The innovation involves grouping two successive rows for simultaneous mapping, thereby optimizing LUT utilization. Specifically, in a 4\u00d74 multiplier, only the carry chain in the second row of each group is assigned to a Carry4 primitive. Additionally, partial products for every second row are implemented using separate carry chains, reducing input numbers and allowing for a more efficient distribution of logic nodes across LUTs.",
            "\t[019] The LUT assignment process is refined by considering the vertical arrangement of logic nodes within each group of two rows. For the first group (comprising the first two rows), three types of LUTs are utilized: Type-1 (T1) generates product terms and local carry signals; Type-2 (T2) produces direct carry-propagate signals for the Carry4 primitive and local carries; and Type-3 (T3) creates carry-propagate signals for the Carry4 primitive. For the second group (including the third row), LUTs of Type-1 and Type-4 (T4) are employed to generate product terms and local carries. The final product term P7 is derived from the local carry of the last LUT in this group.",
            "\t[020] Referring to Figure 5, the mapped circuit netlist for a 4\u00d74 multiplier with enhanced efficiency. The netlist includes detailed configurations of Carry4 primitives and LUTs. The final design, which requires only 8 LUTs, demonstrates improved resource utilization compared to traditional methods. The INIT values for different LUT types are outlined in Table 1, and Figure 6 provides a visual representation of these LUT types.",
            "\tTable 1. INIT values for different types of LUTs.",
            "\t[021] For an 8-bit multiplier, the proposed methodology scales effectively, as demonstrated in Figure 7. The design requires a total of 32 LUTs, significantly fewer than the {(n-1)n}+1 LUTs required by traditional implementations for an n\u00d7n multiplier.",
            "\tResults",
            "\t[022] The proposed multiplier design has been implemented on the Virtex-7 xc7vx330tffg1157-2 FPGA device using Xilinx Vivado 2020.2. The design has been pipelined, with registers inserted after each computation stage to ensure optimal performance and timing closure. Comparative performance evaluations indicate that the proposed multiplier outperforms traditional Xilinx IP multipliers and several recent state-of-the-art unsigned multipliers, as summarized in Table 2 and illustrated in Figure 8.",
            "\tTable 2. Performance analysis of different Multipliers on Xilinx Virtex-7 FPGA",
            "\t[023] The described system for efficient softcore unsigned multiplier design using optimized LUTs and methods offers significant advancements over traditional approaches. By improving resource utilization and performance, this innovation provides a robust solution for high-performance digital multiplication in FPGA-based systems.",
            "[024] It is to be understood that the above description is intended to be illustrative, and not restrictive. For example, the above-discussed embodiments may be used in combination with each other. Many other embodiments will be apparent to those of skill in the art upon reviewing the above description.",
            "\t[025] The benefits and advantages which may be provided by the present invention have been described above with regard to specific embodiments. These benefits and advantages, and any elements or limitations that may cause them to occur or to become more pronounced are not to be construed as critical, required, or essential features of any or all of the embodiments.",
            "\t, Claims:We Claim:",
            "\t1.\tA system for efficient softcore unsigned multiplier design, comprising:",
            "\ta)\ta Boolean network for a 4-bit Ripple Carry Array (RCA) multiplier that includes three stages with a 4-bit carry chain in each stage;",
            "\tb)\ta plurality of Logic Units (LUTs) and Carry4 primitives used to implement the carry chain and generate carry-propagate signals;",
            "\tc)\ta design optimization protocol that maps logic nodes onto the LUTs and Carry4 primitives to form an efficient circuit netlist;",
            "\td)\ta mapping protocol that groups successive rows of the Boolean network and assigns Carry4 primitives to the carry chains in specific rows to minimize the number of required LUTs;",
            "\te)\tan LUT assignment module that employs different types of LUTs to generate product terms and carry-propagate signals, resulting in a total of eight LUTs for a 4-bit multiplier.",
            "\t2.\tA method for fabricating an efficient softcore unsigned multiplier using optimized LUTs, comprising the steps of:",
            "\ta)\tMapping a Boolean network for a 4-bit Ripple Carry Array (RCA) multiplier onto a set of LUTs and Carry4 primitives;",
            "\tb)\tGrouping two successive rows of the Boolean network for simultaneous mapping, where a Carry4 primitive is assigned to the carry chain in the second row of each group;",
            "\tc)\tImplementing partial products for every second row using separate carry chains to reduce the number of inputs and enable efficient LUT utilization;",
            "\td)\tAssigning different types of LUTs (Type-1, Type-2, Type-3, and Type-4) to perform specific functions such as generating product terms, local carry signals, and carry-propagate signals;",
            "\te)\tGenerating a circuit netlist for the unsigned multiplier that minimizes the total number of LUTs and meets the performance criteria for timing closure, critical path delay, and power delay product on FPGA devices.",
            "\t3.\tThe System as claimed in Claim 1, wherein the mapping protocol includes grouping and assigning Carry4 primitives to specific rows based on the carry chain configuration, ensuring an optimal circuit layout with minimal LUT usage.",
            "\t4.\tThe System as claimed in Claim 1, wherein the LUT assignment module includes Type-1 (T1) LUTs for generating product terms, Type-2 (T2) LUTs for direct carry-propagate signals, Type-3 (T3) LUTs for carry-propagate signals combined with partial product terms, and Type-4 (T4) LUTs for generating additional product terms and local carries.",
            "\t5.\tThe System as claimed in Claim 1, wherein the fabricated multiplier on the FPGA device is pipelined to achieve a minimized critical path delay and optimized power delay product.",
            "\t6.\tThe Method as claimed in Claim 2, wherein the Boolean network is optimized by mapping the logic nodes onto the LUTs and Carry4 primitives in a way that reduces the number of required LUTs compared to traditional implementations.",
            "\t7.\tThe Method as claimed in Claim 2, wherein the different types of LUTs used include Type-1, Type-2, Type-3, and Type-4 LUTs, each configured with specific INIT values and pin configurations to achieve the required functionality in the multiplier circuit.",
            "\t8.\tThe Method as claimed in Claim 2, wherein the performance of the multiplier is evaluated based on minimum LUT usage, critical path delay (CPD), and power delay product (PDP) for 8-bit operand word length on Xilinx FPGAs."
        ],
        "Inventors": [
            {
                "Name": "Dr. Burhan Khurshid",
                "Address": "Assistant Professor Department of ECE, NIT Srinagar, Hazratbal\r\nSrinagar\r\nJammu and Kashmir\r\nIndia\r\n190006",
                "Country": "India",
                "Nationality": "India"
            },
            {
                "Name": "Jaiza Hassan",
                "Address": "Research Scholar, Department of ECE NIT Srinagar, Hazratbal\nSrinagar\nJammu and Kashmir\nIndia\n190006",
                "Country": "India",
                "Nationality": "India"
            }
        ],
        "Applicants": [
            {
                "Name": "Dr. Burhan Khurshid",
                "Address": "Assistant Professor Department of ECE, NIT Srinagar, Hazratbal\r\nSrinagar\r\nJammu and Kashmir\r\nIndia\r\n190006",
                "Country": "India",
                "Nationality": "India"
            },
            {
                "Name": "Jaiza Hassan",
                "Address": "Research Scholar, Department of ECE NIT Srinagar, Hazratbal\nSrinagar\nJammu and Kashmir\nIndia\n190006",
                "Country": "India",
                "Nationality": "India"
            }
        ]
    }
}