{
    "202441068340": {
        "Invention Title": "BLOCKCHAIN TECHNOLOGY ENABLED DECENTRALIZATION AND SECURITY ISSUES IN INTERNET OF THINGS",
        "Publication Number": "38/2024",
        "Publication Date": "20/09/2024",
        "Publication Type": "INA",
        "Application Number": "202441068340",
        "Application Filing Date": "10/09/2024",
        "Priority Number": "",
        "Priority Country": "",
        "Priority Date": "",
        "Field Of Invention": "ELECTRONICS",
        "Classification (IPC)": "G11C0016100000, C07K0014470000, C21D0008040000, H01R0013580000, A61B0005000000",
        "Abstract": "The Internet of Things (IoT) facilitated the establishment of a unified view (known as a Common Operating Picture or COP) across different domains of contemporary life. The COP is attained through the progress observed in wireless sensor network devices that can communicate via the network, enabling the exchange of information and the execution of diverse analyses. In the Internet of Things (IoT), information and data authentication are exclusively conducted through the central server, which gives rise to security and privacy concerns. There is a possibility of device spoofing, false authentication, and decreased reliability in data sharing. In order to tackle these security and privacy concerns, the idea of a central server is discarded and instead, blockchain (BC) technology is incorporated into the Internet of Things (IoT). This paper examines the potential security and privacy concerns related to the interaction between components in the Internet of Things (IoT) and explores the ways in which distributed ledger based blockchain (DL-BC) technology can address these issues. This study thoroughly examined the applications of blockchain technology in specific sectors and categories. The discussion also covered specific challenges related to IoT and IoT with BC in order to gain a better understanding of the contribution of blockchain technology.",
        "Description": [
            "Description:Blockchain and Internet of Things (IoT) are two relatively new but promising technologies being successfully used in multifaceted applications. The way the application of the Blockchain has widened beyond its initial use for Bitcoin generation and dealing has conclusively shown its relevance and versality in general networked secure transactions. IoT also proved itself to be capable of doing far more things than being a simple wireless sensor network. In fact, Blockchain and its variants combined offers many security aspects such as enhanced privacy, stronger security, full traceability, inherent detailed data provenance and accurate time-stamping which other technologies still could not offer as standalone features. Thus BC has seen its adoption beyond its initial application areas and is now used to secure any type of transaction.",
            "\tIt is decentralized in the sense that:",
            "\tThe data, comprising the transactions and associated blocks, are distributed among the participating nodes of the Blockchain network, rather than storing them in a single piece of node or storage device.",
            "\tThe transactions are approved by a set of specific rules or algorithms, thus eliminating the influence of being biased by one single authority involving substantial trust in order to reach a consensus.",
            "\tThe Blockchain systems only allows new verified blocks be appended to the old chain. As the previously added blocks are already public and distributed, they are openly verifiable and hence cannot be altered or revised. Thus, the overall securityof a Blockchain ecosystem is another advantage over other technologies.",
            "\tA Brief   Analysis of Blockchain Algorithms and    Its   Challenges   Architecture.",
            "\tBlockchainA blockchain consist of sequence of blocks. A blockchain database is distributed, shared, fault tolerance and append only database that maintains the record in blocks (Salman et al., 2016). Blocks cannot be deleted or altered though it is accessible by all blockchain users. Blockchain database consist sequence of blocks. Each block has a hash value of its previous block and contains several verified transactions. Also, each block includes a timestamp and a random number(nonce) for cryptographic operations. Timestamp indicates creation of time of block. A block has only one parent block. The first block in the blockchain is knownas genesis block which has no parent block and its hash value is entirely zeros. Figure 2 shows the architecture of blockchain .",
            "\tBlock: A block consists of the block header and block body .The block header includes: -",
            "\t\uf076\tBlockversion: It indicates which set of block validation rules to follow.",
            "\t\uf076\tMerkle Tree Root Hash: The hash value of all the transactions in blockTimestamp: Current time as seconds in universal time.",
            "\tnBits: It is a target threshold of a valid block hash.",
            "\tNonce: It is a 4-byte \ufb01eld, which starts with 0 and increases for every hashcalculation. Parent Block Hash: 256-bit hash value that point to previous.",
            "\t, C , C , Claims:",
            "\t1.\tWe claim Decentralizing IoT networks through blockchain technology reduces the risk of single points of failure, leading to more robust and resilient systems.",
            "\t2.\tWe claim the immutable nature of blockchain ensures that data generated by IoT devices remains tamper-proof and trustworthy, enhancing the reliability of IoT data.",
            "\t3.\tWe claim despite its benefits, the integration of blockchain with IoT may suffer from scalability issues, particularly in terms of transaction speed and network congestion, which can hinder widespread adoption.",
            "\t4.\tWe claim the absence of a central authority in blockchain-enabled IoT networks can make it more challenging to manage and enforce security protocols, potentially leading to vulnerabilities.",
            "\t5.\tWe claim while blockchain can protect user privacy by minimizing centralized data storage, the inherent transparency of blockchain may conflict with the privacy needs of certain IoT applications.",
            "\t6.\tWe Claim the use of smart contracts in IoT introduces new attack vectors, such as vulnerabilities in the contract code, which can be exploited by malicious actors."
        ],
        "Inventors": [
            {
                "Name": "Dr. P. Pedda Sadhu Naik, Professor & Department of CSE",
                "Address": "Dr. Samuel George Institute of Engineering and Technology, Markapur, Prakasam (DT), Andhra Pradesh- 523 316.",
                "Country": "India",
                "Nationality": "India"
            },
            {
                "Name": "Dr.G.L. Anand Babu, Assistant Professor",
                "Address": "Anurag University, Venkatapur, Ghatkesar Rd, Hyderabad, Telangana 500088.",
                "Country": "India",
                "Nationality": "India"
            },
            {
                "Name": "G. Sekhar Reddy, Assistant Professor",
                "Address": "Anurag University, Venkatapur, Ghatkesar Rd, Hyderabad, Telangana 500088.",
                "Country": "India",
                "Nationality": "India"
            },
            {
                "Name": "S. Vijay Kumar, Assistant Professor",
                "Address": "Anurag University, Venkatapur, Ghatkesar Rd, Hyderabad, Telangana 500088.",
                "Country": "India",
                "Nationality": "India"
            },
            {
                "Name": "Dr. Shaik Abid, Assistant professor",
                "Address": "Shetty Institite of Technology, Shetty Education Hub, Shahbad Rd, Kalaburagi, Karnataka 585105",
                "Country": "India",
                "Nationality": "India"
            },
            {
                "Name": "Dr. M. Thiagarajan, Assistant professor & Head",
                "Address": "Alagappa Govt.Arts Colllege, Department of Business Administration,Alagappa Govt.Arts College,Karaikudi-630003, Sivaganga (Dt), Tamilnadu",
                "Country": "India",
                "Nationality": "India"
            },
            {
                "Name": "Laxmi Kumari, Assistant Professor",
                "Address": "Starex university, NH-48, Binola, P.O. Bhorakalan, Gurugram, Haryana-122413.",
                "Country": "India",
                "Nationality": "India"
            },
            {
                "Name": "A Prashanth, Assistant Professor, Dept. of CSD",
                "Address": "St.Martin's Engineering College Sy. No.98 & 100, Dhulapally Road, Dhulapally, Near Kompally, Medchal\u2013Malkajgiri district Secunderabad-500 100. Telangana, India.",
                "Country": "India",
                "Nationality": "India"
            },
            {
                "Name": "K. Rammohan Goud, Assistant Professor, Dept. of CSE",
                "Address": "St.Martin's Engineering College Sy. No.98 & 100, Dhulapally Road, Dhulapally, Near Kompally, Medchal\u2013Malkajgiri district Secunderabad-500 100. Telangana, India.",
                "Country": "India",
                "Nationality": "India"
            }
        ],
        "Applicants": [
            {
                "Name": "Dr. P. Pedda Sadhu Naik, Professor & Department of CSE",
                "Address": "Dr. Samuel George Institute of Engineering and Technology, Markapur, Prakasam (DT), Andhra Pradesh- 523 316.",
                "Country": "India",
                "Nationality": "India"
            },
            {
                "Name": "Dr.G.L. Anand Babu, Assistant Professor",
                "Address": "Anurag University, Venkatapur, Ghatkesar Rd, Hyderabad, Telangana 500088.",
                "Country": "India",
                "Nationality": "India"
            },
            {
                "Name": "G. Sekhar Reddy, Assistant Professor",
                "Address": "Anurag University, Venkatapur, Ghatkesar Rd, Hyderabad, Telangana 500088.",
                "Country": "India",
                "Nationality": "India"
            },
            {
                "Name": "S. Vijay Kumar, Assistant Professor",
                "Address": "Anurag University, Venkatapur, Ghatkesar Rd, Hyderabad, Telangana 500088.",
                "Country": "India",
                "Nationality": "India"
            },
            {
                "Name": "Dr. Shaik Abid, Assistant professor",
                "Address": "Shetty Institite of Technology, Shetty Education Hub, Shahbad Rd, Kalaburagi, Karnataka 585105",
                "Country": "India",
                "Nationality": "India"
            },
            {
                "Name": "Dr. M. Thiagarajan, Assistant professor & Head",
                "Address": "Alagappa Govt.Arts Colllege, Department of Business Administration,Alagappa Govt.Arts College,Karaikudi-630003, Sivaganga (Dt), Tamilnadu",
                "Country": "India",
                "Nationality": "India"
            },
            {
                "Name": "Laxmi Kumari, Assistant Professor",
                "Address": "Starex university, NH-48, Binola, P.O. Bhorakalan, Gurugram, Haryana-122413.",
                "Country": "India",
                "Nationality": "India"
            },
            {
                "Name": "A Prashanth, Assistant Professor, Dept. of CSD",
                "Address": "St.Martin's Engineering College Sy. No.98 & 100, Dhulapally Road, Dhulapally, Near Kompally, Medchal\u2013Malkajgiri district Secunderabad-500 100. Telangana, India.",
                "Country": "India",
                "Nationality": "India"
            },
            {
                "Name": "K. Rammohan Goud, Assistant Professor, Dept. of CSE",
                "Address": "St.Martin's Engineering College Sy. No.98 & 100, Dhulapally Road, Dhulapally, Near Kompally, Medchal\u2013Malkajgiri district Secunderabad-500 100. Telangana, India.",
                "Country": "India",
                "Nationality": "India"
            }
        ]
    }
}