{
    "202441069269": {
        "Invention Title": "PREPARATION OF EMULSION FORMULATION WITH\nANDROGRAPHOLIDAE AND BITTERGOURD SEED OIL FOR AGRICULTURAL\nPEST MANAGEMENT",
        "Publication Number": "38/2024",
        "Publication Date": "20/09/2024",
        "Publication Type": "INA",
        "Application Number": "202441069269",
        "Application Filing Date": "13/09/2024",
        "Priority Number": "",
        "Priority Country": "",
        "Priority Date": "",
        "Field Of Invention": "CHEMICAL",
        "Classification (IPC)": "A61P0035040000, A61P0031000000, A61P0033000000, C07D0413140000, A01N0065000000",
        "Abstract": "Preparation of emulsion formulation with andrographolidae and bittergourd seed oil comprisingan aqueous phase of surfactant mixtures and an oil phase of andrographolidae and bittergourd seed oil dissolved in a solvent. The said emulsion water formulation plays an important role in organic farming its easily biodegradable and also the active ingredients were derived from organic extraction methods. It\u2019s safe to environment and ecofriendly. It is  used for controlling leaf feeders and aphid.",
        "Description": [
            "Description:FIELD OF INVENTION",
            "\tThe present invention relates to pest management. Specifically, the present invention relates to agricultural pest control. More particularly the present invention relates to preparation of emulsion formulation with andrographolidae and bittergourd seed oil for agricultural pest control.",
            "\tBACKGROUND",
            "\tAndrographolide IUPAC name 3-[2-[Decahydro-6-hydroxy-5-(hydroxymethyl)-5,8a-dimethyl-2-methylene-1 napthalenyl]ethylidene]dihydro-4-hydroxy-2(3H)-furanone is a diterpene lactone compound extracted from Andrographis paniculata (Burm. F) Nees. The structure, as depicted in National Library of Medicine, is as follows:",
            "\tAndrographolide showed pronounced mortality on leaf feeding insects by inhibition of enzyme secretion and intake of food. The binding ability of andrographolide with CYTP450 showed high affinity with low binding energy. Andrographolide has the potential to be exploited as a biocontrol agent against Spodoptera exigua as an eco-friendly pesticide.",
            "\tCold pressed bitter gourd seed oil contains high amount of fatty acids. The composition was given as below table",
            "\tFATTY ACID\tSPECIFICATION (%)",
            "\tPalmitic acid\t2-4",
            "\tSteric acid\t20-35",
            "\tOleic acid\t3-9",
            "\tLinoleic acid\t7-30",
            "\tAlpha-Eleostearic acid\t50-65",
            "\tOils have different effect on insect pests mainly works on sucking pests like aphids. It blocks the spiracle and causing insects to die from asphyxiation and suffocation. Smearing of oil on the insect cuticle leads to dehydration and death. Fatty acids of oil interfering with insect metabolism and disturbs the insect feeds.",
            "\tSome non-patent literature works are depicted below:",
            "\tA known scholarly article of Ahmed, Q., Agarwal, M., Al-Obaidi, R., Wang, P., & Ren, Y. (2021) from discloses Evaluation of Aphicidal Effect of Essential Oils and Their Synergistic Effect against Myzus persicae (Sulzer) (Hemiptera: Aphididae).",
            "\tAnother known scholarly article of  Czerniewicz, P., Sytykiewicz, H., & Chrzanowski, G. (2024) from Molecules, 29(7), 1673 relates to The Effect of Essential Oils from Asteraceae Plants on Behavior and Selected Physiological Parameters of the Bird Cherry-Oat Aphid.",
            "\tAnother known scholarly article of  Edwin, E. et al., (2021) from Molecules, 26(19), 5982. dicloses Toxicity of Bioactive Molecule Andrographolide against Spodoptera litura Fab and Its Binding Potential with Detoxifying Enzyme Cytochrome P450.",
            "\tYet another known scholarly article of  Vattikonda, S. R. (2015) from ASIAN JOURNAL OF BIO SCIENCE, 10(1), 65\u201370 discloses Effect of andrographolide on feeding behaviour of Papilio demoleus L., (Lepidoptera: papilionidae) larvae.",
            "\tOne another known scholarly article of Wang, X., Zhang, Y., Yuan, H., & Lu, Y. (2024) from Plants, 13(7), 916 discloses Effects of Seven Plant Essential Oils on the Growth, Development and Feeding Behavior of the Wingless Aphis gossypii Glover.",
            "\tThe present invention provides a combination of andrographolidae and bittergourd seed oil that effectively controls leaf feeding spodoptera exigua in onion and cotton aphids\u2019 aphis gossipi with high antifeedent activity and insecticidal activity.",
            "\tOBJECT OF THE INVENTION",
            "\tThe main object of the present invention is to provide preparation of emulsion formulation with andrographolidae and bittergourd seed oil for agricultural pest management.",
            "\tIt is one object of the present invention, wherein the ingredients used in the formulation are andrographolidae, bittergourd seed oil, solvent (DMF), propylene glycol, silicon defoamer, sodium dodecyl benzene sulfonate, pluronic and gum solution.",
            "\tIt is one object of the present invention, wherein the said emulsion water formulation is easily biodegradable in nature and safe.",
            "\tIt is one object of the present invention, wherein the said formulation plays an important role in organic farming its easily biodegradable and also the active ingredients were derived from organic extraction methods.",
            "\tIt is one object of the present invention, wherein process of production of the phyto-insecticide formulation is used for controlling leaf feeders and aphids.",
            "\tSUMMARY",
            "\tThe main aspect of the present invention is to preparation of emulsion formulation with andrographolidae and bittergourd seed oil comprising preparing an aqueous phase by dissolving surfactant mixtures in water, preparing an oil phase by dissolving andrographolidae and bittergourd seed oil in a solvent, dissolving the oil phase into the aqueous phase using a high shear mixer at 3000 rpm speed for 10 minutes, adding an anti-freeze agent and silicon defoamer to the mixture, allowing the mixture to react for 20-30 mins under mild agitation, bringing the mixture to room temperature, adding water to the mixture to adjust the concentration, adding a thickening solution to the said mixture andobtaining the final emulsion.",
            "\tIt is one aspect of the present invention, wherein the said surfactant is sodium dodecyl benzene sulfonate.",
            "\tIt is one aspect of the present invention, where in the said solvent is dimethylsulfoxide.",
            "\tIt is one aspect of the present invention, wherein the said antifreezing agent is propylene glycol.",
            "\tIt is one aspect of the present invention, wherein the said thickening solution is gum solution.",
            "DETAILED DESCRIPTION OF INVENTION",
            "\tThe present invention relates to preparation of emulsion formulation with andrographolidae and bittergourd seed oil for agricultural pest management. The preparation comprising preparing an aqueous phase by dissolvingsurfactant mixtures in water, preparing oil phase by dissolving andrographolidae and bittergourd seed oil in a solvent Dimethylsulfoxide. Then dispersing the oil phase into the aqueous phase, using a high shear mixer at 3000 rpm speed for 10 mins. Adding an anti-freeze agent and silicon defomer allowing reacting for 20-30mins under mild agitation. Cool it into room temperature and adding water in order to adjust the active ingredient concentration. Finally added a thickening solution.",
            "\tThe combination of Andrographolidae and Bittergourd seed oil was effectively controls leaf feeding spodoptera exigua in onion and cotton aphids\u2019 aphis gossipi with high antifeedent activity and insecticidal activity.",
            "\tThis formulation plays an important role in organic farming its easily biodegradable and also the active ingredients were derived from organic extraction methods. It\u2019s safe to environment and ecofriendly. Used for controlling leaf feeders and aphids.",
            "\tExample of preparing 2000ml of emulsion:",
            "\tPreparing an aqueous phase by dissolving surfactant 40 gm of Sodium dodecyl benzenesulfonatemixtures in water, preparing oil phase by dissolving 100gm of andrographolidae and 500ml of bittergourd seed oil in a 250ml of Dimethylsulfoxide. Then dispersing the oil phase into the aqueous phase, using a high shear mixer at 3000 rpm speed for 10 mins. Adding 60ml of Propylene glycoland 20ml of silicon defoamer allowing reacting for 20-30mins under mild agitation. Bring the mixtureto room temperature and adding water to adjust the mixture concentration. Finally added a 200ml of gumsolution to obtain 2000ml of the emulsion.",
            "\tExperimental analysis:",
            "\tStability tests:",
            "\tAn accelerated storage test, in which a formulation sample is stored in an oven for 2 weeks at 54 +/- 2 \u00b0C, and their physical-chemical and technical properties were tested. This test is intended to represent the behaviour of a formulation after 2 years storage period.After storage at 0 \u00b1 2\u00b0C for 7 days, a turbid milky white emulsion shall be visible after gentle agitation.",
            "\tTable 1 depicts the physical and chemical properties of the Andrographolidae 100g/2L emulsion in water formulation prepared according to composition given in example before and after the accelerated storage test",
            "\tBefore accelerated storage test\tAfter accelerated storage test",
            "\tAndrographolidae g/2l\t102.1\t100.5",
            "\tFatty acid content\tPresent\tPresent",
            "\tpH (1% suspension in water)\t6.2\t6.1",
            "\tEmulsion stability and re-emulsification",
            "\tTime after dilution",
            "\t0 h",
            "\t0.5 h",
            "\t2.0 h",
            "\t24 h",
            "\t24.5 h",
            "\tInitial emulsification done",
            "\tNo Cream formation",
            "\tNo Cream formation",
            "\tRe-emulsification complete",
            "\tNo Cream formation",
            "\tInitial emulsification done",
            "\tNo Cream formation",
            "\tNo Cream formation",
            "\tRe-emulsification complete",
            "\tNo Cream formation",
            "\tPersistent foaming Maximum: 30 ml after 1 min.\tNot present\tNot present",
            "\tPourability (%) Maximum \"residue\": 5%\t3.5\t3.8",
            "\tTable 2 depicts the physical and chemical properties of the above emulsion in water formulation before and after the low temperature stability test.",
            "\tBefore Freeze/Thaw test \tAfter Freeze/Thaw test",
            "\tAndrographolidae g/2l\t101.1\t101.0",
            "\tFatty acid content\tPresent\tPresent",
            "\tpH (1% suspension in water)\t6.2\t6.2",
            "\tBiological Studies",
            "\tTo evaluate the effect of potent antifeedent and insecticidal action of emulsion water formulation against spodoptera exigua in onion and aphis gossipi in bhendi under laboratory bioassay.",
            "\tTable 3 depicts antifeedent and insecticidal effect of emulsion water formulation of andrographolidae and bitter gourd seed oil against spodoptera exigua under laboratory condition",
            "\tEW Formulation (Treatments)",
            "\tml/lit\t*Per cent leaf area protected\t*Per cent larval mortality\t*Per cent Adult emergence",
            "\t6hrs\t12hrs\t24hrs",
            "\t20\t100",
            "\t(90.00)\t100",
            "\t(90.00)\t100",
            "\t(90.00)\t100",
            "\t(90.00)\t0",
            "\t(0.00)",
            "\t18\t100",
            "\t(90.00)\t100",
            "\t(90.00)\t100",
            "\t(90.00)\t100",
            "\t(90.00)\t0",
            "\t(0.00)",
            "\t15\t100",
            "\t(90.00)\t100",
            "\t(90.00)\t100",
            "\t(90.00)\t66.66",
            "\t(59.98)\t33.33",
            "\t(29.98)",
            "\t13\t100",
            "\t(90.00)\t100",
            "\t(90.00)\t90.00",
            "\t(71.59)\t66.66",
            "\t(59.98)\t33.33",
            "\t(29.98)",
            "\t10\t100",
            "\t(90.00)\t100",
            "\t(90.00)\t0",
            "\t(0.00)\t66.66",
            "\t(59.98)\t33.33",
            "\t(29.98)",
            "\tPositive",
            "\tcontrol\t0",
            "\t(0.00)\t0",
            "\t(0.00)\t0",
            "\t(0.00)\t0",
            "\t(0.00)\t100",
            "\t(90.00)",
            "\tControl\t0",
            "\t(0.00)\t0",
            "\t(0.00)\t0",
            "\t(0.00)\t0",
            "\t(0.00)\t100",
            "\t(90.00)",
            "\tSE (d)\t1.142\t1.140\t0.842\t15.101\t15.098",
            "\tCD (p=0.05)\t2.418\t2.414\t1.783\t31.973\t31.966",
            "\tTable 4 depicts insecticidal effect of emulsion water formulation of andrographolidae and bitter gourd seed oil against aphis gossipi under laboratory condition.",
            "\tEmulsion water Formulation (Treatments)",
            "\tml/lit\tPer cent mortality (%)",
            "\t3hrs\t6hrs\t12hrs\tMean",
            "\t20\t100",
            "\t(90.00)\t100",
            "\t(90.00)\t100",
            "\t(90.00)\t100",
            "\t(90.00)",
            "\t18",
            "\t100",
            "\t(90.00)",
            "\t100",
            "\t(90.00)",
            "\t86.66",
            "\t(68.18)\t95.33",
            "\t(77.19)",
            "\t15\t86.66",
            "\t(68.18)\t86.66",
            "\t(68.18)\t86.66",
            "\t(68.18)\t86.66",
            "\t(68.18)",
            "\t13",
            "\t73.33",
            "\t(58.74)",
            "\t60.00",
            "\t(50.74)",
            "\t60.00",
            "\t(50.74)",
            "\t65.33",
            "\t(53.77)",
            "\t10",
            "\t60.00",
            "\t(50.74)",
            "\t46.66",
            "\t(42.94)",
            "\t46.66",
            "\t(42.94)",
            "\t51.20",
            "\t(45.63)",
            "\tPositive",
            "\tcontrol",
            "\t60.00",
            "\t(50.74)",
            "\t46.66",
            "\t(42.94)",
            "\t46.66",
            "\t(42.94)",
            "\t51.22",
            "\t(45.59)",
            "\tControl\t0",
            "\t(1.65)\t0",
            "\t(1.65)\t0",
            "\t(1.65)\t0",
            "\t(1.65)",
            "\tSE (d)\t0.14\t0.15\t0.14\t0.13",
            "\tCD (p=0.05)\t0.22\t0.29\t0.23\t0.29",
            "\t, Claims:WE CLAIM",
            "\t1.\tPreparation of emulsion formulation with andrographolidae and bittergourd seed oil comprising:",
            "\ta.\tPreparing an aqueous phase by dissolving surfactant mixtures in water;",
            "\tb.\tpreparing an oil phase by dissolving andrographolidae and bittergourd seed oil in a solvent;",
            "\tc.\tdissolving the oil phase into the aqueous phase using a high shear mixer at 3000 rpm speed for 10 minutes;",
            "\td.\tAdding an anti-freeze agent and silicon defoamer to the mixture;",
            "\te.\tallowing the mixture to react for 20-30 mins under mild agitation;",
            "\tf.\tbringing the mixture to room temperature;",
            "\tg.\tadding water to the mixture to adjust the concentration;",
            "\th.\tAdding a thickening solution to the said mixture; and",
            "\ti.\tobtaining the final emulsion.",
            "\t2. The formulation as claimed in claim 1, wherein the said surfactant is sodium dodecyl benzene sulfonate.",
            "\t3. The formulation as claimed in claim 1, wherein the said solvent is dimethylsulfoxide.",
            "\t4. The formulation as claimed in claim 1, wherein the said antifreezing agent is propylene glycol.",
            "\t5. The formulation as claimed in claim 1, wherein the said thickening solution is gum solution."
        ],
        "Inventors": [
            {
                "Name": "R. Ramakrishnan",
                "Address": "Department of Entomology, Annamalai University  \nAnnamalai Nagar\nChidambaram\nTamilnadu\n\n608002",
                "Country": "India",
                "Nationality": "India"
            },
            {
                "Name": "T. SELVAMUTHUKUMARAN",
                "Address": "Department of Entomology, Annamalai University  \nAnnamalai Nagar\nChidambaram - 608002\nTamilnadu",
                "Country": "India",
                "Nationality": "India"
            }
        ],
        "Applicants": [
            {
                "Name": "Annamalai University",
                "Address": "Annamalai Nagar\nChidambaram - 608002\nTamilnadu\nIndia",
                "Country": "India",
                "Nationality": "India"
            }
        ]
    }
}