{
    "202441067564": {
        "Invention Title": "RICESIGHT: ENHANCING SUPPLY CHAIN TRANSPARENCY THROUGH VARIED RICE AUTHENTICATION",
        "Publication Number": "37/2024",
        "Publication Date": "13/09/2024",
        "Publication Type": "INA",
        "Application Number": "202441067564",
        "Application Filing Date": "06/09/2024",
        "Priority Number": "",
        "Priority Country": "",
        "Priority Date": "",
        "Field Of Invention": "COMMUNICATION",
        "Classification (IPC)": "H04L0009320000, G06Q0030000000, G06Q0010080000, G06F0021640000, G06F0021600000",
        "Abstract": "RICESIGHT is an innovative system designed to revolutionize the rice supply chain by integrating cutting-edge technologies to ensure transparency, traceability, and authenticity of rice products from farm to consumer. The system combines genetic testing, spectroscopic analysis, and blockchain technology into a unified framework, addressing the complex challenges of rice adulteration, fraud, and mislabelling that are prevalent in global trade. Genetic testing plays a crucial role by analysing the DNA of rice grains to confirm their specific variety, thereby preventing the common practice of mixing premium rice with lower-quality varieties. This ensures that the rice being sold is true to its label, preserving the integrity of the product and safeguarding consumer trust. Spectroscopic analysis complements this by examining the physical and chemical properties of rice, detecting any adulteration or contamination that may not be visible to the naked eye. This technology ensures that the rice remains pure and uncontaminated throughout its journey in the supply chain, enhancing overall product safety. Blockchain technology is then employed to create an immutable, transparent ledger that records every transaction and movement of rice from the point of origin to the consumer. This decentralized digital ledger offers unparalleled security and traceability, making it impossible to alter records without detection. As a result, stakeholders across the supply chain, including farmers, distributors, retailers, and consumers, can verify the authenticity of rice at any point in its lifecycle, ensuring that regulatory standards are met and consumer expectations are exceeded. RICESIGHT\u2019s user-centric design includes a mobile application that empowers consumers to access detailed information about the rice they purchase simply by scanning a QR code on the packaging. This feature provides transparency and builds consumer confidence by offering real-time data on the rice\u2019s origin, quality, and certifications. The system also includes mechanisms for consumers to report any discrepancies, which are flagged for further investigation, creating a feedback loop that continuously enhances supply chain integrity.",
        "Description": [
            "Description:",
            "\tThe RICESIGHT system is designed to provide a robust solution for ensuring the authenticity and traceability of rice throughout its supply chain. At its core, the system integrates several advanced technologies to create a comprehensive framework that verifies the origin, quality, and integrity of rice products. This integration begins with genetic testing, which uses DNA analysis to confirm the specific variety of rice, ensuring that the product matches the label it carries. This step is crucial in preventing the mixing of inferior rice varieties with premium ones, a common issue in the global rice trade.",
            "\tAnother key component of RICESIGHT is spectroscopic analysis. This technology analyses the physical and chemical properties of the rice to detect any adulteration or contamination. By examining the spectral fingerprints of the rice grains, the system can identify the presence of foreign substances, ensuring that the rice is pure and uncontaminated. This analysis is particularly important for detecting issues that are not visible to the naked eye, such as the addition of low-quality rice or non-rice fillers.",
            "\tThe system also incorporates blockchain technology to enhance transparency and traceability. Blockchain serves as a secure, tamper-proof ledger that records every transaction and movement of the rice throughout the supply chain. From the farm where the rice is grown to the point of sale, each step is documented on the blockchain, providing a complete and immutable record of the rice's journey. This ensures that consumers and regulators can trace the rice back to its source, verifying its authenticity and ensuring compliance with industry standards.",
            "\tRICESIGHT is designed to be user-friendly and accessible to all stakeholders in the rice supply chain. Farmers can easily input data about their crops, including the type of rice, growing conditions, and harvest dates, into the system. This information is then linked to the genetic and spectroscopic analyses, creating a detailed profile of each batch of rice. Distributors and retailers can access this information to verify the quality and origin of the rice they are selling, while consumers can use it to make informed purchasing decisions.",
            "\tThe system also includes a mobile application that allows consumers to scan a QR code on the rice packaging to access detailed information about the product. This feature enhances consumer confidence by providing them with real-time data on the rice's origin, quality, and any certifications it may have. The mobile app also allows consumers to report any discrepancies or concerns, which are then flagged in the system for further investigation. This feedback loop helps maintain the integrity of the supply chain by quickly identifying and addressing potential issues.",
            "\tTo support global implementation, RICESIGHT is designed to be compatible with existing supply chain management systems. It can be easily integrated into the digital infrastructure of farms, processing plants, and retail outlets, minimizing disruption and ensuring a smooth transition to a more transparent and traceable supply chain. The system's modular design also allows it to be customized to meet the specific needs of different stakeholders, whether they are small-scale farmers or large multinational corporations.",
            "\tOverall, RICESIGHT represents a significant advancement in the way rice is authenticated and tracked within the supply chain. By combining genetic testing, spectroscopic analysis, and blockchain technology, it provides a comprehensive solution that enhances the integrity and transparency of the rice market. This system not only helps prevent fraud and ensure product quality but also empowers consumers to make informed choices, ultimately leading to a more trustworthy and reliable food supply chain.",
            "\t, C , C , Claims:",
            "\t1.\tThat a system that integrates genetic testing, spectroscopic analysis, and blockchain technology to provide multi-layered authentication of rice, ensuring its origin, quality, and purity at every stage of the supply chain.",
            "\t2.\tThat a  blockchain-based ledger that records and tracks every transaction and movement of rice from farm to consumer, ensuring an immutable, transparent, and tamper-proof traceability system.",
            "\t3.\tThat a mobile application that allows consumers to scan a QR code on rice packaging to access detailed information about the product's origin, quality, and certifications, enhancing trust and informed decision-making.",
            "\t4.\tThat   a system that detects and prevents the adulteration of rice by analyzing its genetic and chemical properties, ensuring that only authentic, uncontaminated rice reaches the market.",
            "\t5.\tThat a modular design that allows the system to be easily integrated into existing supply chain management systems, adaptable to various stakeholders, from small-scale farmers to large multinational corporations."
        ],
        "Inventors": [
            {
                "Name": "Dr. G. Gayatri Tanuja",
                "Address": "Professor Department of AIML BT, Bangalore Technological Institute, VMMX+WP7, Kodathi, Off Bangalore - Sarjapur Road, Bangalore East Taluk, Chikkakannalli, Bengaluru, Karnataka 560035, India.",
                "Country": "India",
                "Nationality": "India"
            },
            {
                "Name": "Mrs. K. Swetha",
                "Address": "Assistant Professor Department of  CSE (AI & ML) SMEC, St. Martin\u2019s Engineering College, Dhulapally, Kompally, Secunderabad, Telangana, 500100, India.",
                "Country": "India",
                "Nationality": "India"
            },
            {
                "Name": "Mr. C. Deena Dayalan",
                "Address": "Assistant Professor Department of  CSE (AI & ML) SMEC, St. Martin\u2019s Engineering College, Dhulapally, Kompally, Secunderabad, Telangana, 500100, India.",
                "Country": "India",
                "Nationality": "India"
            },
            {
                "Name": "Mr. K. Nagaraju",
                "Address": "Assistant Professor Department of  CSE (AI & ML) SMEC, St. Martin\u2019s Engineering College, Dhulapally, Kompally, Secunderabad, Telangana, 500100, India.",
                "Country": "India",
                "Nationality": "India"
            },
            {
                "Name": "Mr. S. Chandra Prakash",
                "Address": "Assistant Professor Department of  CSE (AI & ML) SMEC, St. Martin\u2019s Engineering College, Dhulapally, Kompally, Secunderabad, Telangana, 500100, India.",
                "Country": "India",
                "Nationality": "India"
            },
            {
                "Name": "Mrs. G. Priyanka",
                "Address": "Assistant Professor Department of  CSE (AI & ML) SMEC, St. Martin\u2019s Engineering College, Dhulapally, Kompally, Secunderabad, Telangana, 500100, India.",
                "Country": "India",
                "Nationality": "India"
            },
            {
                "Name": "Mr. D. Venkatesan",
                "Address": "Assistant Professor Department of  CSE (AI & ML) SMEC, St. Martin\u2019s Engineering College, Dhulapally, Kompally, Secunderabad, Telangana, 500100, India.",
                "Country": "India",
                "Nationality": "India"
            },
            {
                "Name": "Mr. J. Raj Karkee",
                "Address": "Assistant Professor Department of  CSE (AI & ML) SMEC, St. Martin\u2019s Engineering College, Dhulapally, Kompally, Secunderabad, Telangana, 500100, India.",
                "Country": "India",
                "Nationality": "India"
            },
            {
                "Name": "Ms. Parankusham Priyanka",
                "Address": "Assistant Professor Department of  CSE (AI & ML) SMEC, St. Martin\u2019s Engineering College, Dhulapally, Kompally, Secunderabad, Telangana, 500100, India.",
                "Country": "India",
                "Nationality": "India"
            }
        ],
        "Applicants": [
            {
                "Name": "Dr. G. Gayatri Tanuja",
                "Address": "Professor Department of AIML BT, Bangalore Technological Institute, VMMX+WP7, Kodathi, Off Bangalore - Sarjapur Road, Bangalore East Taluk, Chikkakannalli, Bengaluru, Karnataka 560035, India.",
                "Country": "India",
                "Nationality": "India"
            },
            {
                "Name": "Mrs. K. Swetha",
                "Address": "Assistant Professor Department of  CSE (AI & ML) SMEC, St. Martin\u2019s Engineering College, Dhulapally, Kompally, Secunderabad, Telangana, 500100, India.",
                "Country": "India",
                "Nationality": "India"
            },
            {
                "Name": "Mr. C. Deena Dayalan",
                "Address": "Assistant Professor Department of  CSE (AI & ML) SMEC, St. Martin\u2019s Engineering College, Dhulapally, Kompally, Secunderabad, Telangana, 500100, India.",
                "Country": "India",
                "Nationality": "India"
            },
            {
                "Name": "Mr. K. Nagaraju",
                "Address": "Assistant Professor Department of  CSE (AI & ML) SMEC, St. Martin\u2019s Engineering College, Dhulapally, Kompally, Secunderabad, Telangana, 500100, India.",
                "Country": "India",
                "Nationality": "India"
            },
            {
                "Name": "Mr. S. Chandra Prakash",
                "Address": "Assistant Professor Department of  CSE (AI & ML) SMEC, St. Martin\u2019s Engineering College, Dhulapally, Kompally, Secunderabad, Telangana, 500100, India.",
                "Country": "India",
                "Nationality": "India"
            },
            {
                "Name": "Mrs. G. Priyanka",
                "Address": "Assistant Professor Department of  CSE (AI & ML) SMEC, St. Martin\u2019s Engineering College, Dhulapally, Kompally, Secunderabad, Telangana, 500100, India.",
                "Country": "India",
                "Nationality": "India"
            },
            {
                "Name": "Mr. D. Venkatesan",
                "Address": "Assistant Professor Department of  CSE (AI & ML) SMEC, St. Martin\u2019s Engineering College, Dhulapally, Kompally, Secunderabad, Telangana, 500100, India.",
                "Country": "India",
                "Nationality": "India"
            },
            {
                "Name": "Mr. J. Raj Karkee",
                "Address": "Assistant Professor Department of  CSE (AI & ML) SMEC, St. Martin\u2019s Engineering College, Dhulapally, Kompally, Secunderabad, Telangana, 500100, India.",
                "Country": "India",
                "Nationality": "India"
            },
            {
                "Name": "Ms. Parankusham Priyanka",
                "Address": "Assistant Professor Department of  CSE (AI & ML) SMEC, St. Martin\u2019s Engineering College, Dhulapally, Kompally, Secunderabad, Telangana, 500100, India.",
                "Country": "India",
                "Nationality": "India"
            }
        ]
    }
}