{
    "202421068479": {
        "Invention Title": "CLOUD AND AUTOMATION APPROACH FOR ENERGY CONSERVATION IN RAILWAY TUNNELS",
        "Publication Number": "39/2024",
        "Publication Date": "27/09/2024",
        "Publication Type": "INA",
        "Application Number": "202421068479",
        "Application Filing Date": "11/09/2024",
        "Priority Number": "",
        "Priority Country": "",
        "Priority Date": "",
        "Field Of Invention": "COMMUNICATION",
        "Classification (IPC)": "H04L0012180000, H04L0067306000, H04L0009400000, B01L0003000000, G02B0006020000",
        "Abstract": "The invention relates to an advanced system for optimizing energy consumption and maintenance in railway tunnels. It introduces an automated system that integrates geofencing and cloud-based automation technology to significantly reduce energy usage and operational costs. The system reduces unnecessary energy expenditure by precisely managing tunnel lighting according to train location and movement, saving approximately 57.55 gigawatts (GW) annually across 51 Indian tunnels. Additionally, this solution significantly cuts down on maintenance expenses, with estimated savings of ?5.18 billion in bulb replacement costs. The invention also provides a comprehensive approach for monitoring and remote controlling tunnel infrastructure. In the event of anomalies or system failures, real-time diagnostics and adjustments are facilitated through the cloud-based platform, ensuring system reliability. Centralized analysis via cloud computing further enhances the system's effectiveness by enabling streamlined management and real-time control of the tunnel environment.",
        "Description": [
            "FIELD OF THE INVENTION",
            "\t[0001] The present invention focuses on the innovative integration of cloud-based and automation technologies. This work aims to provide advanced energy conservation solutions that can revolutionize the railway sector. The project emphasizes creating smart systems that can enhance operational efficiency and safety. With the potential to significantly impact researchers, the Indian railway sector, and government agencies, this work strives to foster technological advancement and drive progress through intelligent automation and cloud.",
            "BACKGROUND OF THE INVENTION",
            "\t[0002] The railway sector is a significant consumer of electricity, and a notable area of inefficiency is tunnel lighting. Currently, railway tunnel lights remain \"ON\" continuously around the clock even when trains are not passing through, leading to unnecessary energy consumption. This constant illumination, particularly in tunnels longer than 1 km, results in considerable energy wastage across multiple routes. Addressing this issue can save electricity a great extent and minimize the bulb replacement cost too.",
            "\t[0003] As per detail analysis of first 51 tunnels ( as per length of tunnel) it is observed that currently utilised is 81.24 gigawatts (GW) and its near about electricity cost is 7.31 billion, which greatly affects both the budget and environmental impact. The electricity consumption is reduced to 23.69 gigawatts (GW) and cost also reduced to 2.13 billion after the solution through emerging technology. This situation highlights the need for more efficient and cost-effective solutions in tunnel systems, driving our efforts to address these issues with technology.",
            "\t[0004] The proposed solution introduces a cloud-based automation system designed to optimize energy efficiency in railway tunnels. Utilizing geofencing technology, the system automates tunnel lighting operations, ensuring that lights activate based on the real-time proximity of trains. This approach minimizes energy waste by turning off lights when not in use. The solution also integrates Al-driven predictive maintenance algorithms, which monitor the infrastructure's health and anticipate potential issues, enabling timely interventions. As a centralized smart assistant, it provides real-time monitoring, control, and",
            "\treporting, streamlining operations and enhancing energy management across railway networks.",
            "\t[0005] However, there have been numerous efforts made to improve energy efficiency, safety, and maintenance processes in railway systems, particularly in tunnel management. Some of the prior art references known to us are as follows:",
            "\tPrior Art:",
            "\t[0006] Existing research has described using motion sensors and load cells in tunnel lighting systems to optimize power consumption. These systems detect the presence of vehicles or trains and activate lights only, when necessary, significantly reducing energy waste. For instance, load cells are strategically placed at a distance, such as 1 km before a tunnel entrance, to ensure lights switch on as a train approaches. Once the train exits, the lights automatically turn off, minimizing unnecessary usage. This approach has been widely applied in road and railway tunnel lighting to improve energy efficiency and reduce operational costs.",
            "\t[0007] Furthermore, these systems not only save power but also extend the life of lamps by limiting their active usage. As a result, maintenance costs are reduced, as the lamps require less frequent replacement. By incorporating load cells into advanced lighting systems, operators can achieve notable decreases in both energy consumption and maintenance expenses. This prior art demonstrates the benefits of automated lighting controls, and your proposed system builds on these concepts by integrating cloud technology and Al-driven predictive maintenance, pushing the boundaries of energy conservation in railway tunnels.",
            "\t[0008] The state of the arts does not consider smart automation for energy conservation in railway tunnels. Our innovation integrates cloud-based technology to automate lighting operations and reduce energy costs. With Al-driven predictive maintenance, it proactively addresses maintenance needs, cutting downtime and expenses. A user-friendly interface, supported by a chat assistant, ensures easy system management and immediate help when needed, providing an efficient and cost-effective solution for tunnel operations.",
            "\tOBJECTIVES OF THE INVENTION :",
            "\t[0009] To reduce energy consumption and maintenance in the government and railway sectors through an automated system consisting of cloud and AI technology, providing efficient and sustainable solutions for their operations. .",
            "\t[0010]  To  implement  real-time  control  and  monitoring for tunnel   lighting,  by integrating cloud-based technology with a geofencing system. The system automatically manages lighting as trains enter and exit specific areas, enhancing both energy efficiency and operational effectiveness.",
            "\t[0011] To enable remote management, allowing locomotive pilots to control tunnel lights from a distance, providing enhanced flexibility and control over the lighting, system. Additionally, incorporating remote monitoring ensures continuous operation and system reliability.",
            "\t[0012] To store arid analyze operational data in the cloud to facilitate predictive maintenance, ensuring timely interventions and minimizing system downtime, through cloud computing is introduced for centralized data analysis and automated actions based on the insights gathered.",
            "\t[0013] To optimize railway operations by implementing an intelligent system that uses real-time data to monitor and control various aspects of tunnel infrastructure.",
            "SUMMARY OF THE INVENTION :",
            "\t[0014] The project focuses on energy conservation in railway tunnels using advanced geofencing technology. By setting geofence borders approximately 5 km before and after each tunnel, the system automatically triggers tunnel lights when a train enters the designated area. This automation reduces energy wastage by activating lights only when needed. Each tunnel is equipped with two controllers at the entry and exit points, continuously monitoring signals and train movements. These controllers communicate with a cloud-based system that stores real-time data, allowing remote control and live monitoring of tunnel operations.",
            "\t[0015] The cloud-based platform offers a user-friendly interface that provides real-time access to tunnel data, including light control, system diagnostics, and tunnel details. This system not only enhances energy efficiency but also streamlines maintenance by predicting when repairs are needed based on data analysis. Overall, the project aims to significantly reduce energy costs and improve operational efficiency in the railway sector, contributing to smarter energy management and maintenance solutions for the government.",
            "BRIEF DESCRIPTION OF THE DRAWINGS :",
            "\t[0016] The following drawings depict different ways of putting this invention into practice. They help to illustrate the core concept of the invention.",
            "\t[0017] Figure 1 illustrates the operational flow of the present invention, demonstrating the integration of geofencing, automated light control, and real-time data monitoring in railway tunnels. The diagram highlights the key components and their interactions within the system.",
            "\t[0018] Figure 2 illustrates the working flow of the train module/system, showcasing how it interacts with geofencing, signal detection, and the cloud-based infrastructure to manage tunnel lighting and monitor train movements efficiently.",
            "\t[0019] Figure 3 illustrates the architecture diagram of the overall system, depicting the integration of geofencing, signal detection, and cloud-based infrastructure for managing tunnel lighting and monitoring train movements.",
            "DETAILED DESCRIPTION OF THE INVENTION :",
            "The detailed description of this invention is explained with the help of the figures shown in the figure section.",
            "\t[0020] Figure 1 shows how the system manages tunnel lights based on where the train is located. The process starts when a train enters a geo-fence area (101), which is a virtual boundary set up 5 kilometers before the tunnel. When the train crosses into this area, signals are instantly sent to a cloud storage system (102). This cloud system keeps all the important data, which can be accessed in real time through the train's interface or a control device. The information stored in the cloud is essential not just for controlling the lights but also for analyzing data and predicting when maintenance might be needed.",
            "\t[0021] At the entrances and exits of the tunnel, there are two controllers (103) that constantly check the signals coming from the cloud. When they detect an \"ON\" signal, the controllers turn on the tunnel lights to make sure the area is well-lit as the train approaches and enters. On the other hand, when they receive an \"OFF\" signal, indicating the train has left the area, they turn the lights off. This system automates the process of managing, tunnel lights based on the train's exact location, making it more energy-efficient and improving safety.",
            "\t[0022] This diagram shows how locomotive pilots (train drivers) use the system to control tunnel operations. Each pilot logs in using their unique credentials, which are verified by an admin, and each login is recorded for security. Once logged in, the pilot sees a homepage with detailed information about tunnels, including how far away they are. The system allows pilots to remotely control tunnel lights through the cloud, and it automatically turns on the lights when the train is within 5 kilometers of a tunnel. The pilot can also see the real-time status of the tunnel lights. Additionally, there's a voice assistant and alert system to help with operations, and all data is stored in the cloud, which is useful for maintenance and generating insights. After finishing their shift, the pilots can simply log out of the system.",
            "\t[0023] This diagram explains how the system automatically controls tunnel lights based on the train's location in real time. It starts with the train operator (201) using a device like a tablet or smartphone (202). This device has features that allow the operator to check the train's location, access a list of tunnels, use a voice assistant, and control the system",
            "\tremotely. The device communicates with a cloud database (203) that stores and updates the train's location and status in real time. The information from the train's location is used to determine whether the train is inside or outside the geofenced tunnel area, and this status is sent to the cloud database, which coordinates the signals to control the tunnel lights.",
            "\t[0024] The signals are then received by an ESP32 microcontroller (204), which regularly checks the cloud database for any updates. This microcontroller is responsible for turning the tunnel lights (205) on or off based on the signals it receives. If the train is detected \"Inside\" the tunnel and the lights are \"OFF,\" the system sends an \"ON\" signal to the microcontroller, which turns on the lights and increases the train count. If the train is detected \"Outside\" the tunnel and the lights are \"ON,\" the system sends an \"OFF\" signal, turns off the lights, and decreases the train count. This automated system ensures that the tunnel lights are only turned on when necessary, improving both safety and energy efficiency, while still giving the train operator the option to control it manually if needed.",
            "\t[0025]This invention optimizes tunnel lighting for Indian railways by automating control based on real-time train location. It enhances safety and energy efficiency by turning lights on only when needed and off after the train passes. The system's cloud-based data storage and real-time updates reduce operational costs and support better maintenance planning, aligning with the government's sustainability and modernization goals.",
            "\tWE CLAIM :",
            "\tA system for energy conservation and maintenance optimization in railway tunnels, utilizing Al-powered automation, geofencing, and cloud technology, that comprises:",
            "\t1.\tEnergy consumption and maintenance reduction in railway tunnels through an automated system incorporating geofencing and cloud-based automation technology.",
            "\t2.\tAn integrated cloud-based technology and geofencing system for tunnel lighting control, enabling precise management of lighting based on train location and movement.",
            "\t3.\tMonitoring and remote controlling of the automated tunnel system in case of anomalies or system failures, utilizing a cloud-based platform for real-time diagnostics and adjustments.",
            "\t4.\tCloud computing facilitates centralized analysis and real-time management of the automated tunnel system, enabling efficient monitoring and remote control."
        ],
        "Inventors": [
            {
                "Name": "PRANAV EKNATH NIKUMBH",
                "Address": "PLOT NO 19, NEAR NEW WATER TANK, MUNDADA NAGAR, AMALNER, DIST. JALGAON-425401",
                "Country": "India",
                "Nationality": "India"
            },
            {
                "Name": "DR. SAGAR BHILAJI SHINDE",
                "Address": "1011, ALLURE - II, G. K. ASSOCIATES, RAVET, PIMPRI CHINCHWAD, PUNE, MAHARASHTRA, INDIA -412101",
                "Country": "India",
                "Nationality": "India"
            },
            {
                "Name": "KARAN VILAS JADHAV",
                "Address": "1121, MURALIDHAR NAGAR, MUDHALWADI, SUB-DISTRICT: PAITHAN , DISTRICT: SAMBHAJINAGAR-431107",
                "Country": "India",
                "Nationality": "India"
            },
            {
                "Name": "ASHWINI GANESH MAHAJAN",
                "Address": "AT SHIRSODE, POST BAHADARPUR, TALUKA PAROLA, DISTRICT- JALGAON - 425113",
                "Country": "India",
                "Nationality": "India"
            },
            {
                "Name": "NIKITA DEEPKA JADHAV",
                "Address": "SR NO.113,H NO. 845, NADHE NAGAR, NEAR VITTHAL MANDIR, OPP. TO SONIGIRA RESIDENCY, SANGRISH COLONY, KALEWADI,PIMPRI PUNE-411017",
                "Country": "India",
                "Nationality": "India"
            },
            {
                "Name": "DR.APARNA PANDE",
                "Address": "PCET'S- NMVPM'S NUTAN COLLEGE OF ENGINEERING AND RESEARCH, TALEGAON,PUNE-410507",
                "Country": "India",
                "Nationality": "India"
            },
            {
                "Name": "DR. LALITKUMAR WADHWA",
                "Address": "D.Y.PATIL INSTITUTE OF TECHNOLOGY, PIMPRI, PUNE",
                "Country": "India",
                "Nationality": "India"
            },
            {
                "Name": "DR.SANDEEP KADAM",
                "Address": "KEYSTONE SCHOOL OF ENGINEERING, PUNE",
                "Country": "India",
                "Nationality": "India"
            },
            {
                "Name": "MR. SHRIDHAR KHANDEKAR",
                "Address": "MIT ACADEMY OF ENGINEERING, ALANDI, PUNE",
                "Country": "India",
                "Nationality": "India"
            },
            {
                "Name": "ER. ABHIJIT SUTAR",
                "Address": "SENIOR TECHNICAL LEAD, MAGNA ELECTRONIC LTD, PUNE",
                "Country": "India",
                "Nationality": "India"
            },
            {
                "Name": "DR.AMOL SONAWANE",
                "Address": "PCET'S- NMVPM'S NUTAN COLLEGE OF ENGINEERING AND RESEARCH, TALEGAON,PUNE-410507",
                "Country": "India",
                "Nationality": "India"
            },
            {
                "Name": "DR. MUKUND KHARDE",
                "Address": "PCET'S- NMVPM'S NUTAN COLLEGE OF ENGINEERING AND RESEARCH, TALEGAON,PUNE-410507",
                "Country": "India",
                "Nationality": "India"
            }
        ],
        "Applicants": [
            {
                "Name": "PRANAV EKNATH NIKUMBH",
                "Address": "PLOT NO 19, NEAR NEW WATER TANK, MUNDADA NAGAR, AMALNER, DIST. JALGAON-425401",
                "Country": "India",
                "Nationality": "India"
            },
            {
                "Name": "DR.SAGAR BHILAJI SHINDE",
                "Address": "1011, ALLURE - II, G. K. ASSOCIATES, RAVET, PIMPRI CHINCHWAD, PUNE, MAHARASHTRA, INDIA -412101",
                "Country": "India",
                "Nationality": "India"
            },
            {
                "Name": "KARAN VILAS JADHAV",
                "Address": "1121, MURALIDHAR NAGAR, MUDHALWADI, SUB-DISTRICT: PAITHAN , DISTRICT: SAMBHAJINAGAR-431107",
                "Country": "India",
                "Nationality": "India"
            },
            {
                "Name": "ASHWINI GANESH MAHAJAN",
                "Address": "AT SHIRSODE, POST BAHADARPUR, TALUKA PAROLA, DISTRICT- JALGAON-425113",
                "Country": "India",
                "Nationality": "India"
            },
            {
                "Name": "NIKITA DEEPKA JADHAV",
                "Address": "SR NO.113,H NO. 845, NADHE NAGAR, NEAR VITTHAL MANDIR, OPP. TO SONIGIRA RESIDENCY, SANGRISH COLONY, KALEWADI,PIMPRI PUNE-411017",
                "Country": "India",
                "Nationality": "India"
            },
            {
                "Name": "DR.APARNA PANDE",
                "Address": "PCET'S- NMVPM'S NUTAN COLLEGE OF ENGINEERING AND RESEARCH, TALEGAON,PUNE-410507",
                "Country": "India",
                "Nationality": "India"
            },
            {
                "Name": "DR.LALITKUMAR WADHWA",
                "Address": "D.Y.PATIL INSTITUTE OF TECHNOLOGY, PIMPRI, PUNE",
                "Country": "India",
                "Nationality": "India"
            },
            {
                "Name": "DR. SANDEEP KADAM",
                "Address": "KEYSTONE SCHOOL OF ENGINEERING, PUNE",
                "Country": "India",
                "Nationality": "India"
            },
            {
                "Name": "MR. SHRIDHAR KHANDEKAR",
                "Address": "MIT ACADEMY OF ENGINEERING, ALANDI, PUNE",
                "Country": "India",
                "Nationality": "India"
            },
            {
                "Name": "ER. ABHIJIT SUTAR",
                "Address": "SENIOR TECHNICAL LEAD, MAGNA ELECTRONIC LTD, PUNE",
                "Country": "India",
                "Nationality": "India"
            },
            {
                "Name": "DR.AMOL SONAWANE",
                "Address": "PCET'S- NMVPM'S NUTAN COLLEGE OF ENGINEERING AND RESEARCH, TALEGAON,PUNE-410507",
                "Country": "India",
                "Nationality": "India"
            },
            {
                "Name": "DR. MUKUND KHARDE",
                "Address": "PCET'S- NMVPM'S NUTAN COLLEGE OF ENGINEERING AND RESEARCH, TALEGAON,PUNE-410507",
                "Country": "India",
                "Nationality": "India"
            }
        ]
    }
}