{
    "202441068798": {
        "Invention Title": "PRODUCTION AND DETECTION OF DEEP FAKES USING DEEP LEARNING",
        "Publication Number": "38/2024",
        "Publication Date": "20/09/2024",
        "Publication Type": "INA",
        "Application Number": "202441068798",
        "Application Filing Date": "11/09/2024",
        "Priority Number": "",
        "Priority Country": "",
        "Priority Date": "",
        "Field Of Invention": "BIO-CHEMISTRY",
        "Classification (IPC)": "A61P0017060000, A61P0025000000, A61P0037020000, B01D0069100000, A61P0017000000",
        "Abstract": "In this patent, Deep learning has been used in a wide range of applications like computer vision, natural language processing and image detection. The advancement in deep learning algorithms in image detection and manipulation has led to the creation of deep fakes; deep fakes use deep learning algorithms to create fake images that are at times very hard to distinguish from real images. With the rising concern around personal privacy and security, Many methods to detect deep fake images have emerged, in this paper the use of deep learning for creating as well as detecting deep fakes is explored, this paper also propose the use of deep learning image enhancement method to improve the quality of deep fakes created.",
        "Description": [
            "Description:The deep learning models, this used to be a hard task but in the time that we live in you could easily find a large dataset of images on social media, this wide availability of data has led to the development of more complicated deep fake techniques, Many of deep fake algorithms are designed using Tensor flow. Tensor Flow is an open source software library for numerical computation using data-flow graphs. It was originally developed by Google to be used internally in it research and development of machine learning and deep neural networks, but the system is general enough to be applicable in a wide variety of other domains as well and it became very popular for machine learning applications after it was made available publicly and free to use. Massenet is a neural network designed specifically to detect deep fakes. Deep fakes videos are usually found all around social media, the nature of videos on social media platform like Instagram is that they are low quality compressed video so microscopic analysis based on image noise is not possible and Massenet takes that into consideration, also detecting deep fake on at a higher semantic level is hard as even humans sometimes struggle with detecting deep fakes [, therefore Massenet relies on an intermediate approach using a deep neural network with small amount of layers. methods of detecting deep fake images using Massenet CNN is explored. Reenactment methods are designed to transfer image facial expression from a source to a target person. Face2Face introduced its most advanced form. It performs a photorealistic and markers facial reenactment in real-time from a simple RGB (Red, green, and blue)-camera, the program first requires few minutes of prerecorded videos of the target person for a training sequence to reconstruct its facial model. Then, at runtime, the pro- gram tracks both the expressions of the source and target actors video. The final image synthesis is rendered by overlaying the target face with a morphed facial blend shape to fit the source facial expression. Specifically, the decoder uses pooling indices computed in the max-pooling step of the corresponding encoder to perform non-linear up sampling. This eliminates the need for learning to up sample. The up sampled maps are sparse and are then convolved with trainable filters to produce dense feature maps. We compare our proposed architecture with the widely adopted FCN and also with the well known Deep Lab-Large FOV, Deconv Net architectures. This comparison reveals the memory versus accuracy trade-off involved in achieving good segmentation performance. Seg Net was primarily motivated by scene understanding applications. Hence, it is designed to be efficient both in terms of memory and computational time during inference. It is also significantly smaller in the number of trainable parameters than other competing architectures and can be trained end-to-end using stochastic gradient descent. We also performed a controlled benchmark of Seg Net and other architectures on both road scenes and SUN RGB-D indoor scene segmentation tasks. These quantitative assessments show that Seg Net provides good performance with competitive inference time and most efficient inference memory-wise as compared to other architectures. , C , C , Claims:",
            "\ti.\tWe claim, the Deep learning models require large amounts of high- quality training data to learn effectively.",
            "\tii.\tWe claim as deep fakes are constantly evolving and may not be caught by models that are too specific.",
            "\tiii.\tWe claim, for deep fake production and detection can be computationally expensive and require large amounts of computational resources.",
            "\tiv.\tWe claim, the deep fakes can be used to harm individuals or manipulate public opinion, and detecting deep fakes on individual privacy."
        ],
        "Inventors": [
            {
                "Name": "Dr. V. Srilakshmi",
                "Address": "Sr Assistant Professor, SCOPE, VIT-AP, SCOPE, VIT-AP University, Amaravati, Andhra Pradesh, 522237",
                "Country": "India",
                "Nationality": "India"
            },
            {
                "Name": "Dr. V Lakshmi Chetana",
                "Address": "Assistant Professor, Dept. of CSE, AVV, Amrita Vishwa Vidyapeetham, Amaravati Campus, Kuragallu Village, Mangalagiri, Guntur, Andhra Pradesh , 522503",
                "Country": "India",
                "Nationality": "India"
            },
            {
                "Name": "Thoutireddy Shilpa",
                "Address": "Assistant Professor, BVRIT, B V Raju Institute of Technology, Narsapur, Medak, Telangana, 502313",
                "Country": "India",
                "Nationality": "India"
            },
            {
                "Name": "S Karthik Raj",
                "Address": "Assistant Professor, SMEC, St. Martin\u2019s Engineering College, Dulapally, Secunderabad, Telangana, 500100",
                "Country": "India",
                "Nationality": "India"
            },
            {
                "Name": "A Bheem Raj",
                "Address": "Assistant Professor, SMEC, St. Martin\u2019s Engineering College, Dulapally, Secunderabad, Telangana, 500100",
                "Country": "India",
                "Nationality": "India"
            },
            {
                "Name": "Dr Nagesh Mantravadi",
                "Address": "Associate Professor,  Dept. of ECE, KLEF, Koneru Lakshmaiah Education Foundation, Vaddeswaram, Andhra Pradesh, 522502",
                "Country": "India",
                "Nationality": "India"
            },
            {
                "Name": "Sarihaddu Kavitha",
                "Address": "Assistant Professor, KLEF, Koneru Lakshmaiah Education Foundation, Vaddeswaram, Andhra Pradesh, 522502",
                "Country": "India",
                "Nationality": "India"
            },
            {
                "Name": "Mr. Vinayak Vijay Palmur",
                "Address": "Assistant Professor, NBNSCE, N. B. Navale Sinhgad College of Engineering, Kegaon, Solapur, Maharashtra, 413255",
                "Country": "India",
                "Nationality": "India"
            },
            {
                "Name": "Dr. B. Laxmi Kantha",
                "Address": "Associate Professor, SMECSt. Martin\u2019s Engineering College, Dulapally, Secunderabad, Telangana, 500100",
                "Country": "India",
                "Nationality": "India"
            }
        ],
        "Applicants": [
            {
                "Name": "Dr. V. Srilakshmi Sr. Assistant Professor, SCOPE, VIT-AP",
                "Address": "SCOPE, VIT-AP University, Amaravati, Andhra Pradesh, 522237",
                "Country": "India",
                "Nationality": "India"
            },
            {
                "Name": "Dr. V Lakshmi Chetana Assistant Professor, Dept. of CSE, AVV",
                "Address": "Amrita Vishwa Vidyapeetham, Amaravati Campus, Kuragallu Village, Mangalagiri, Guntur, Andhra Pradesh , 522503",
                "Country": "India",
                "Nationality": "India"
            },
            {
                "Name": "Thoutireddy Shilpa Assistant Professor, BVRIT",
                "Address": "B V Raju Institute of Technology, Narsapur, Medak, Telangana, 502313",
                "Country": "India",
                "Nationality": "India"
            },
            {
                "Name": "S Karthik Raj Assistant Professor, SMEC",
                "Address": "St. Martin\u2019s Engineering College, Dulapally, Secunderabad, Telangana, 500100",
                "Country": "India",
                "Nationality": "India"
            },
            {
                "Name": "A Bheem Raj Assistant Professor, SMEC",
                "Address": "St. Martin\u2019s Engineering College, Dulapally, Secunderabad, Telangana, 500100",
                "Country": "India",
                "Nationality": "India"
            },
            {
                "Name": "Dr Nagesh Mantravadi Associate Professor,  Dept. of ECE, KLEF",
                "Address": "Koneru Lakshmaiah Education Foundation, Vaddeswaram, Andhra Pradesh, 522502",
                "Country": "India",
                "Nationality": "India"
            },
            {
                "Name": "Sarihaddu Kavitha Assistant Professor, KLEF",
                "Address": "Koneru Lakshmaiah Education Foundation, Vaddeswaram, Andhra Pradesh, 522502",
                "Country": "India",
                "Nationality": "India"
            },
            {
                "Name": "Mr. Vinayak Vijay Palmur Assistant Professor, NBNSCE",
                "Address": "N. B. Navale Sinhgad College of Engineering, Kegaon, Solapur, Maharashtra, 413255",
                "Country": "India",
                "Nationality": "India"
            },
            {
                "Name": "Dr. B. Laxmi Kantha Associate Professor, SMEC",
                "Address": "St. Martin\u2019s Engineering College, Dulapally, Secunderabad, Telangana, 500100",
                "Country": "India",
                "Nationality": "India"
            }
        ]
    }
}