{
    "202441067797": {
        "Invention Title": "IMPLEMENTATION AND PERFORMANCE ANALYSIS OF 1KB MEMRISTOR BASED MEMORY ARRAY",
        "Publication Number": "37/2024",
        "Publication Date": "13/09/2024",
        "Publication Type": "INA",
        "Application Number": "202441067797",
        "Application Filing Date": "08/09/2024",
        "Priority Number": "",
        "Priority Country": "",
        "Priority Date": "",
        "Field Of Invention": "ELECTRONICS",
        "Classification (IPC)": "H01L0027110000, G11C0007100000, G11C0013000000, G11C0011412000, G11C0011560000",
        "Abstract": "Abstract \r\nMemory is a fundamental cognitive process that allows us to encode, store, and \r\nretrieve information. This paper explores memory design, focusing on a new memory \r\nmodule called 4T2M SRAM. Current SRAMs use six transistors per memory cell. \r\nThis design proposes a more efficient 4T2M SRAM that uses four transistors and two \r\nmemristors. This design aims to improve performance, reduce power consumption, \r\nand be more space-efficient. The paper also dives into various components crucial for \r\nmemory systems, such as control blocks, decoders, drivers, and sense amplifiers. \r\nMemristors are a promising new memory technology with advantages like high \r\ndensity, low power use, and the ability to retain data even without power \r\n(nonvolatile). The paper explores how memristors can be incorporated into memory \r\ndesign. Overall, this paper discusses memory architecture and proposes a 4T2M \r\nSRAM design that leverages memristors for improved performance, power \r\nefficiency, and area usage. It also details essential components used in memory \r\nsystems.",
        "Description": [
            "Description:TITLE OF INVENTION:",
            "\tImplementation And Performance Analysis of",
            "\t1kb Memristor Based Memory Array",
            "\tFIELD OF INVENTION: Electronics and communication(VLSI)",
            "\tAbstract",
            "\tMemory is a fundamental cognitive process that allows us to encode, store, and",
            "\tretrieve information. This paper explores memory design, focusing on a new memory",
            "\tmodule called 4T2M SRAM. Current SRAMs use six transistors per memory cell.",
            "\tThis design proposes a more efficient 4T2M SRAM that uses four transistors and two",
            "\tmemristors. This design aims to improve performance, reduce power consumption,",
            "\tand be more space-efficient. The paper also dives into various components crucial for",
            "\tmemory systems, such as control blocks, decoders, drivers, and sense amplifiers.",
            "\tMemristors are a promising new memory technology with advantages like high",
            "\tdensity, low power use, and the ability to retain data even without power",
            "\t(nonvolatile). The paper explores how memristors can be incorporated into memory",
            "\tdesign. Overall, this paper discusses memory architecture and proposes a 4T2M",
            "\tSRAM design that leverages memristors for improved performance, power",
            "\tefficiency, and area usage. It also details essential components used in memory",
            "\tsystems.",
            "\tBACKGROUND OF THE STUDY",
            "\tPRIOR ART OF WORK",
            "\tMemristors, a novel class of electronic devices, have attracted significant attention as promising candidates for",
            "\tnext-generation memory technologies. Their unique properties, such as non-volatility, high density, low power",
            "\tconsumption, and fast switching speed, offer potential advantages over conventional memory technologies.The",
            "\trapid growth of data generation and storage requirements in various fields, including artificial intelligence,",
            "\tmachine learning, and big data analytics, has created an urgent need for high-capacity, high-performance",
            "\tmemory solutions. Memristor-based memory arrays have the potential to address this demand by providing",
            "\tsignificantly higher density and faster access speeds compared to traditional memory technologies. Memristors",
            "\tare inherently energy-efficient devices due to their low operating power. Implementing memristor-based memory",
            "\tarrays can lead to substantial energy savings, particularly in portable and battery-powered devices where power",
            "\tconsumption is a critical concern. Memristors can be fabricated at nanoscale dimensions, enabling the",
            "\tdevelopment of high-density memory arrays. Additionally, memristor-based memory arrays can be integrated",
            "\twith existing complementary metal-oxide-semiconductor (CMOS) technology, facilitating seamless integration",
            "\tinto electronic systems. Analyzing the performance of a memristor-based memory array can provide valuable",
            "\tinsights into the factors affecting its operation. By",
            "\tevaluating metrics such as access time, write/erase endurance, retention time, and power consumption,",
            "\tresearchers and engineers can identify areas for improvement and optimize the array\u2019s design and performance.",
            "\tImplementing and analyzing a memristor-based memory array allows for direct comparison with other emerging",
            "\tmemory technologies, such as phase-change memory (PCM) and resistive random-access memory (RRAM).",
            "\tThis comparative analysis can help assess the strengths and weaknesses of memristor-based memory and guide",
            "\tfuture research and development efforts.Evaluating the performance of a memristor-based memory array can",
            "\tinform potential applications where this technology can provide significant benefits. By understanding the",
            "\tarray\u2019s capabilities and limitations, researchers and engineers can explore its suitability for various applications,",
            "\tsuch as main memory, storage devices, and neuromorphic computing.",
            "\tOBJECTS OF THE INVENTION",
            "\tSCOPE: Can design the memory array with low power, high speed and lesser area",
            "\tOBJECTIVE: To design a memory architecture and proposes a 4T2M SRAM design that",
            "\tleverages memristors for improved performance, power efficiency, and area usage. It",
            "\talso details essential components used in memory systems.",
            "\t\u2022 To implement and characterize Memristor.",
            "\t\u2022 To design, implement and characterize memristor based 1-bit SRAM cell.",
            "\t\u2022 To build 1K-bit array memory with required peripheral",
            "\t\u2022 To compare following parameters of memristor based SRAM with CMOS based SRAM.",
            "\t1. Power dissipation",
            "\t2. Read/write access time.",
            "\t3. Delay",
            "\t4. Leakage current",
            "\t5. Flip time,",
            "SUMMARY OF THE INVENTION",
            "\tStatic Random-Access Memories (SRAMs) are widely used in memory systems due to",
            "\ttheir speed, low power consumption, and compatibility with standard CMOS process",
            "\ttechnology. However, conventional SRAMs suffer from volatility, meaning they lose",
            "\ttheir stored data when power is turned off. Here even When power is turned off, the",
            "\tdata stored in the 4T2M remains intact, providing non-volatility shown in. 4T2M",
            "\tSRAMs offer benefits such as energy efficiency, fast switching speed, and the ability",
            "\tto be integrated into existing CMOS processes.",
            "\tIread represents the current that flows during the read operation of an RAM cell. A",
            "\thigher Iread value is desirable for reliable data sensing. Ileak represents the leakage",
            "\tcurrent of the RAM cell. This is the current that flows even when the cell is not being",
            "\tread or written to. Ideally, Ileak should be minimal to reduce static power",
            "\tconsumption. The ratio between Iread and Ileak is crucial for ensuring a good sense",
            "\tmargin in the RAM cell. Sense margin is the minimum voltage difference between the",
            "\tstored data value (0 or 1) and the reference voltage during a read operation. A higher",
            "\tIread to Ileak ratio leads to a larger sense margin, making it easier to distinguish between",
            "\tstored data values. Strong Iread allows for clear reading of data. Low Ileak reduces",
            "\tpower consumption when the cell is idle. The term flip time refers to the duration",
            "\trequired by an RAM cell to perform a read or write operation. The flip time of an",
            "\tRAM cell depends on several factors, such as the design of the cell, the performance",
            "\tof the transistor, the resistance and capacitance of the interconnect, and the circuit",
            "\ttopology.RAM write margin is the capability of a memory cell to securely store data",
            "\tduring a write process. This parameter is of utmost importance for RAM designers",
            "\tsince it directly influences the reliability of the memory device. The Static Noise",
            "\tMargin (SNM) in RAM determines how resilient the memory cell is to noise and",
            "\tvoltage changes. It is the minimum voltage difference between the read and write",
            "\tbitlines which is necessary to ensure that the RAM cell\u2019s data remains accurate. RAM",
            "\tdesigners use various techniques to minimize power consumption, such as reducing",
            "\tvoltage, optimizing transistor sizes, and using power gating, voltage scaling, and",
            "\tadaptive body biasing techniques. Table 1 shows the comparision of characterization",
            "\tbetween Standard SRAM and 4T2M RAM, where we see 4T2M RAM provides better",
            "\tperformance",
            "\tDesign and implementing high performance memristor based memories.",
            "\tClaims",
            "\tWe claim,",
            "\t1. We have designed, implemented and characterized memristor based 1-bit SRAM",
            "\tcell.",
            "\t2.This type of new memory can replace all other memories which are widely",
            "\tused currently. , C , Claims:1. We have designed, implemented and characterized memristor based 1-bit SRAM",
            "\tcell.",
            "\t2.This type of new memory can replace all other memories which are widely",
            "\tused currently."
        ],
        "Inventors": [
            {
                "Name": "Amruth K S",
                "Address": "Student,\r\nDepartment of ECE,\r\nR N S Institute of Technology ,\r\nRajarajeshwari Nagar, \r\nBengaluru, \r\nKarnataka-560098",
                "Country": "India",
                "Nationality": "India"
            },
            {
                "Name": "Achutha G Prasad",
                "Address": "Student,\r\nDepartment of ECE,\r\nR N S Institute of Technology ,\r\nRajarajeshwari Nagar, \r\nBengaluru, \r\nKarnataka-560098",
                "Country": "India",
                "Nationality": "India"
            },
            {
                "Name": "Bhavani",
                "Address": "Student,\r\nDepartment of ECE,\r\nR N S Institute of Technology ,\r\nRajarajeshwari Nagar, \r\nBengaluru, \r\nKarnataka-560098",
                "Country": "India",
                "Nationality": "India"
            },
            {
                "Name": "Abhshek N Urankar",
                "Address": "Student,\r\nDepartment of ECE,\r\nR N S Institute of Technology ,\r\nRajarajeshwari Nagar, \r\nBengaluru, \r\nKarnataka-560098",
                "Country": "India",
                "Nationality": "India"
            },
            {
                "Name": "Dr Ohileshwari M S",
                "Address": "Associate Professor,\r\nDepartment of ECE,\r\nR N S Institute of Technology ,\r\nRajarajeshwari Nagar, \r\nBengaluru, \r\nKarnataka-560098",
                "Country": "India",
                "Nationality": "India"
            }
        ],
        "Applicants": [
            {
                "Name": "R N S Institute of Technology",
                "Address": "R N S Institute of Technology ,\r\nDr. Vishnuvardhana Road Post, \r\nRajarajeshwari Nagar, \r\nBengaluru, \r\nKarnataka-560098",
                "Country": "India",
                "Nationality": "India"
            },
            {
                "Name": "Department of ECE",
                "Address": "R N S Institute of Technology ,\nDr. Vishnuvardhana Road Post, \nRajarajeshwari Nagar, \nBengaluru, \nKarnataka-560098",
                "Country": "India",
                "Nationality": "India"
            },
            {
                "Name": "Prasanna Kumar M",
                "Address": "R N S Institute of Technology ,\nRajarajeshwari Nagar, \nBengaluru, \nKarnataka-560098",
                "Country": "India",
                "Nationality": "India"
            }
        ]
    }
}