{
    "202441066112": {
        "Invention Title": "A Customized 3D Printed Coconut-Instant Coffee Forms for Keto Diet and its process thereof",
        "Publication Number": "37/2024",
        "Publication Date": "13/09/2024",
        "Publication Type": "INA",
        "Application Number": "202441066112",
        "Application Filing Date": "01/09/2024",
        "Priority Number": "",
        "Priority Country": "",
        "Priority Date": "",
        "Field Of Invention": "FOOD",
        "Classification (IPC)": "A23F5/12, A23F5/14, A23F5/24, A23F5/40, A23L33/115",
        "Abstract": "A Customized 3D Printed Coconut-Instant Coffee Forms for Keto Diet and its process thereof\r\n\r\nABSTRACT OF THE INVENTION\r\n\r\nThe present invention relates to a customized 3D printed coconut-instant coffee forms for keto diet, an innovative non-dairy, gluten-free instant coffee product optimized for ketogenic dietary requirements. Utilizing 3D food printing technology, this invention combines coconut milk powder, MCT oil powder, monk fruit extract or stevia, and ground Arabica coffee extract. The printed coffee forms are post-processed through freeze drying, ensuring high solubility in hot and cold water and stable foam for over an hour. The resulting product is low in carbohydrates, high in healthy fats, and enriched with medium-chain triglycerides (MCTs), providing a quick energy source and promoting ketosis. The invention allows for customized shapes and sizes, catering to individual preferences, and offers consistent taste and quality. This keto-friendly coffee serves as a sustainable, cost-effective alternative to traditional coffee, with extended shelf life and enhanced nutritional benefits.",
        "Description": [
            "Description:DESCRIPTION",
            "\tField of Invention:",
            "\tThe present invention relates to the field of food technology and nutrition, specifically focusing on the development of customized 3D printed instant coffee forms. Particularly, it focuses on coffee forms specifically designed for ketogenic diets.",
            "\tBackground of Invention and Prior Art:",
            "\tThe invention discussed here in pertains to a customized 3d printed coconut-instant coffee forms for Keto Diet. This invention's primary objective is to make this instant coffee product closely resemble the appearance of traditional roast and ground coffee. Over the past decade there is significant rise in consumer demand and acceptance of the vegan milk based products. In addition to taste, innovations in the field explore other physical characteristics such as texture, consistency, and frothing ability, all aimed at making vegan milk more appealing to consumers and enhancing the overall sensory experience when it is added to coffee or used in various culinary applications. Recently coconut and coconut based products has gained lot of attention due to the presence of medium chain triglycerides (MCT) with immense health benefits (Nimbkar et al., 2021). Coconut milk powder is an extremely popular natural food amongst health-conscious consumers. As according to literature coconut milk powder is an excellent source of MCTs, natural source of lauric acid, rich in antioxidants, and high in essential vitamins and minerals. As the coconut milk contains lot of fat and minimal carbohydrates it is the promising for the keto diet plan and non-dairy vegan source.",
            "\tThe ketogenic diet is a low-carbohydrate diet that triggers a metabolic state known as ketosis, where the body primarily relies on ketone bodies in the blood for energy, as opposed to glucose. Ketosis leads to the utilization of stored body fat for fuel, resulting in weight loss. The human brain, typically fueled by glucose, can also use ketone bodies when glucose is insufficient. Recent studies indicate that optimizing cellular metabolism through ketone supplementation may offer various health benefits, including improvements in physical and cognitive health and a reduced risk of common preventable diseases like obesity, neurodegenerative conditions, and diabetes.",
            "\tOne challenge in the market is that existing ketogenic diet supplements and nutritional products such as coffee often suffer from issues related to physical stability, solubility, homogeneity, and their ability to disperse in water. These products frequently contain significant amounts of carbohydrate-based carriers, such as corn starch and maltodextrin, which are not compatible with a ketogenic diet's requirement for minimal plasma glucose. Consequently, there is a need for a nutritional product that can effectively induce nutritional ketosis while exhibiting improved attributes, such as physical stability, solubility, homogeneity, aqueous dispersibility, and zero carbohydrate content. The present invention addresses these limitations in existing products and processes. A U.S Patent # 10842178 granted in the 2017 made with U.S patented KETOFUEL MCTs exclusive to Neulife, which are clinically proven to induce deep ketosis while oxidizing body fats for energy. While MCTs help in fat metabolism and mental clarity, Coconut oil helps reduce cellular inflammation and stimulates fat burning. The developed product contains MCT and coconut oil as an ingredient along with the Arabica coffee beans available in grounded form. The patent claims that developed coffee clinically proven to induce deep ketosis while oxidizing body fats for energy. While MCTs help in fat metabolism and mental clarity, Coconut oil helps reduce cellular inflammation and stimulates fat burning.",
            "\tThe present innovation addresses the drawback of keto diet supplement and involves the development of 3D printed coconut based coffee with low-carb, high-fat diet that can be used as a keto diet drink. The developed instant coffee is based on non-dairy, gluten free product suitable for the persons with allergies, intolerances, health reasons or veganism. In the present invention developed coffee is readily soluble in the hot water and shows foam stability for longer time 1 hour. The developed product was involving the use of 3D food printing technology that allows for the customization of food products enabling tailored shapes and sizes to meet specific consumer preferences and dietary needs (Nachal, Moses, Karthik, & Anandharamakrishnan, 2019). The development of high value premium quality products such as vegan source based keto coffee demonstrates a sustainable approach to reducing food waste and maximizing resource utilization. The ability to fortify 3D printed food items with nutrients and bioactive compounds without compromising printability opens new avenues in personalized nutrition. This technology could be used to develop foods with tailor-made nutritional properties to address individual health requirements. In the broader context, 3D food printing complements existing food manufacturing methods, offering additional flexibility and customization options, though it does come with challenges related to regulation, taste, texture, and scalability. As it continues to evolve, 3D food printing has the potential to transform the food industry, making it more sustainable, personalized, and nutritionally diverse.",
            "\tObjectives of the invention:",
            "\tThe main objective of this invention is to develop an instant coffee product tailored for ketogenic diets using 3D printing technology. The invention aims to provide customizable non-dairy, gluten-free coffee forms made from coconut milk powder and MCT oil, ensuring a low-carb, high-fat profile suitable for keto dieters. Another objective is to provide a process with optimized post-processing conditions for printed coffee form, such as solubility in both hot and cold water, enhanced foam stability. Another objective is to determine physicochemical properties, energy values and sensory evaluation of printed coffee.",
            "\tSummary of Invention:",
            "\tThe invention provides a process for creating customized 3D printed coconut-instant coffee forms designed for ketogenic diets. This process involves preparing a coffee extract from Arabica coffee powder at concentrations between 10% and 60%, filtering it through a fine mesh, and blending it with specific quantities of coconut milk powder (preferably 15%), MCT oil powder (preferably 5%), and keto-friendly sweeteners like stevia (10 grams preferred). The prepared mixture is used to 3D print coffee forms using optimized parameters including a nozzle diameter of 0.84 mm, a motor speed of 40 rpm, and a printing speed of 800 mm/min. Post-processing involves freeze-drying the printed forms at -80\u00b0C to achieve a low glycemic index product, with a vacuum pressure of 100 Pa for 18 hours. The resultant product is a non-dairy, gluten-free instant coffee with a low glycemic index of 52.19 \u00b1 2.07, high in MCTs and coconut milk protein, dissolving readily in both hot and cold water, and maintaining foam stability for up to one hour.",
            "Brief description of drawings:",
            "\tFigure 1. Schematic representation of Customized 3D Printed Coconut-Instant Coffee Forms for Keto Diet",
            "\tFigure 2. Product picture of 3 D printed coffee construct - Effect of printing conditions on the printability of 3D Printed Keto Coconut Instant Coffee at 800 mm/min printing speed and 3 bar air pressure",
            "\tPrinting condition:",
            "\tPrint speed 800 mm/min,",
            "\t0.8 mm nozzle, flow rate 40%, Pressure: 3 bar",
            "\tPrinted construct dimension: 10, 15, 15 mm",
            "\tFigure 3. Sensory analysis of the 3D Printed Keto Coconut Instant Coffee",
            "\tFigure 4. Comparison of developed coffee form reconstituted with water and market available coffee product (the available known product is one without any milk)",
            "Detailed description of the invention:",
            "\tThe invention provides a process for developing customized 3D printed coconut-instant coffee forms designed for individuals adhering to ketogenic diets. The process integrates coffee extraction, ingredient mixing, 3D printing, and post-processing techniques to produce a final product with desired dietary attributes and functional properties.",
            "\tThe process for customized 3D printed coconut-instant coffee forms for keto diet is described as follows (Figure 1)",
            "\t1.\tPreparation of the material supply containing coconut milk powder, MCT oil powder, ground Arabica coffee extract and monk fruit and stevia as a sugar replacement",
            "\t2.\tDeveloping the 3D model of a coffee form in AutoCAD and saving in.STL format and slicing",
            "\t3.\tPrinting of the coffee form was performed using the optimized conditions",
            "\t4.\tThe printed coffee form was subjected to post-processing and quality evaluation, sensory evaluation",
            "\tThe 3D model is designed using CAD or any other designing software such as Blender, Maya, 3D max, Houdini, and similar ones. The 3D printing operation is performed using a Cartesian type printer or any other type of printer such as delta 3D printer. It can be performed using extrusion type 3D printing or any other type of 3D printing such as fused deposition modeling, laser sintering, inkjet printing, etc.",
            "\tThe post processing treatment involves drying of the coffee form using freeze drying.",
            "\tIn an embodiment of the invention provides a process wherein in step 1 the ratio of coconut milk powder, MCT oil powder, monk fruit or stevia sugar and coffee extract and sugar is 4:2:3:1 for material supply preparation. Herein, this ratio can vary according to the flavor, taste etc.",
            "\tIn another embodiment, in step 2 the dimensions of the coffee form for model development were taken 10 mm x 15 mm x 15 mm to give form can be used for serving of one cup of instant coffee.",
            "\tIn another embodiment in step 2 the slicing was performed using the software Simplify 3D (Ver 4.1.0).",
            "\tIn another embodiment, in step 3, the optimized printing conditions are of nozzle diameter 0.84 mm, motor speed of 40 rpm and printing speed 800 mm/min.",
            "\tIn another embodiment, in step 4, the printed coffee form was freeze dried at trap temperature of 80 \u00b0C, vacuum pressure of 100 Pa, and a drying time of 18 h.",
            "\tIn another embodiment, the printed coffee forms were subjected for proximate composition, energy calculation and sensory evaluation.",
            "\tThe printing of the coffee form is optimized by conducting multiple trials with different nozzle diameters (1.28 mm, 0.84 mm and 0.6 mm), motor speeds (20 rpm, 40 rpm and 60 rpm) and printing speeds (600, 800, 1000, and 1200 mm/min). The optimized conditions were obtained based on the observations of coffee form obtained after different trials as mentioned in figure 2. It is essential to note that these parameters are unique to the present 3D printer used and strongly depend on the type and configuration of 3D printer. Therefore, optimization of the 3D printing process is of paramount importance here. The main component of the coffee form is coconut milk powder which is a natively printable material, therefore addition of coffee extract and keto sugar in small quantities will not affect the printability of the material supply. Thus, this technology has a potential of developing a wide range of tailored nutraceutical and functional foods according to taste and preferences of an individual.",
            "\tThe developed coffee form post-processed by freeze drying at trap temperature of -80 \u00b0C, vacuum pressure of 100 Pa, and a drying time of 18 hours. The developed 3D printed coffee form is easily soluble in the hot water and shows foam stability for longer time 1 hour.  The proximate analysis and energy calculations shows that developed coffee form can be used as keto diet and customized based on taste preference of an individual.",
            "\tProduct specification",
            "\tThe present invention deals with method for development of customized 3D Printed coconut-instant coffee forms which can act as a replacer for dairy and animal-based coffee products and as keto diet. The coconut milk powder, MCT oil powder, stevia or monk fruit sugar and coffee Arabica extract was mixed in 4:2:3:1 ratio and subjected for 3D printing. The obtained coffee form is with low glycemic index 52.19 \u00b1 2.07, low in calories, high in protein and fat as compared to market available coffee. The coffee forms are readily dissolved in hot and cold water with good foam stability.",
            "\tThe product nutritional information is reported in table 1 for serving size of 10 g.",
            "\tProperties/",
            "\tComposition\tCompliance/",
            "\tComposition per 10 g",
            "\tEnergy\t166 Kcal",
            "\tTotal protein \t9.275",
            "\tTotal carbohydrate\t4.739",
            "\tTotal fat\t8.695",
            "\tTotal Sugar \t0.6",
            "\tDietary fiber\t2.54",
            "\tCaffeine content\t58 mg",
            "\tAcid Insoluble ash\t0.09",
            "\tTotal ash \t1.85",
            "\tChicory content\tAbsent",
            "\tSolubility in boiling water\tComplies*",
            "\tSolubility in cold water\tComplies**",
            "\t*Dissolves Readily in 30 seconds with moderate stirring",
            "\t**Dissolves with moderate stirring in 3 Minutes",
            "\tThe developed  3D printed coffee utilizing coconut as its primary ingredient, designed to be compatible with a low-carb, high-fat ketogenic diet. This instant coffee formulation caters to individuals with specific dietary requirements, including allergies, intolerances, and those adhering to veganism, as it is completely devoid of dairy and gluten.",
            "\tThe coffee possesses an extended shelf life, retaining its freshness over time. Additionally, it represents a cost-effective substitute when compared to the consumption of freshly ground coffee beans or cafe-bought beverages.",
            "\tThe coffee's ability to maintain a stable foam for a duration exceeding one hour, enhancing the overall coffee-drinking experience. Moreover, this instant coffee delivers consistency in both flavor and strength, as it is pre-measured and uniformly processed. This feature not only ensures a consistent taste profile but also contributes to waste reduction by eliminating the necessity for coffee grounds and filters.",
            "\tThe following examples are given by way of illustration of present invention",
            "\tExample 1: Coffee Arabica powder 10, 20, 30, 40, 50, 60 % (w/v) was dissolved hot water and cold water the extract was used and filtered through the nylon cheese mesh 0.125mm. The different levels of coffee extract were added to coconut milk powder to prepare the material supply for the 3D printing. Among all the cold water extracted coffee shown better aroma, appearance as compared to the hot water extracted coffee.",
            "\tExample 2: In this different level of coconut milk powder 5,10, 15,20 % (w/v) was used to prepare the material supply for 3D printing. Among the sample with 15% of coconut milk powder was liked by the different panelist.",
            "\tExample 3: MCT oil powder used was prepared by In-house developed MCT oil powder. Different amount of MCT oil powder from 2.5,5,7.5 and 10 % (w/v) was used to prepare the material for 3D printing. Among the sample 5% sample was liked by the different panelist.",
            "\tExample 4: In other preparation of sample, the two different sugar monk fruit extract and stevia sugar was used as keto sugar for complete sugar replacement. We have used both the keto sugar at 5 and 10 gm for preparation of the sample. Among all the 10 gm of stevia containing coffee scored high for the sensory analysis.",
            "\tExample 5: After sensory analysis the material supply for the 3D printing was prepared using the two most accepted sample with coconut milk powder with monk fruit extract and stevia sugar containing 30% of coffee extract. The 3D printing was optimized using different nozzle, different printing speed, different motor speed. The optimized conditions were obtained with 0.84 mm nozzle, 40 rpm motor speed and at printing speed 800 mm/min.",
            "\tExample 6",
            "\tThe developed 3D printed coffee forms are post processed by The developed coffee form post-processed by freeze drying at trap temperature of -80 \u00b0C, vacuum pressure of 100 Pa, and a drying time of 18 hours.",
            "\tAdvantages of the Invention:",
            "\t1.\tProvides a convenient, non-dairy, gluten-free instant coffee option that supports ketogenic diets.",
            "\t2.\tOffers improved solubility and foam stability, with foam lasting up to one hour.",
            "\t3.\tEnhances the nutritional profile by being rich in MCTs and coconut milk protein, supporting ketosis and overall health.",
            "\t4.\tEnsures a long shelf life and consistency in taste and strength, contributing to reduced waste.",
            "\t5.\tAllows for customization of coffee forms to meet specific consumer preferences and dietary needs.",
            "\tWhile the invention has been described in detail with specific examples and embodiments, it should be understood that various modifications and adaptations may be made by those skilled in the art without departing from the scope of the invention. The embodiments described herein are illustrative and not limiting. The scope of the invention is defined by the appended claims and their equivalents, and the invention encompasses all such modifications and variations within the broadest reasonable interpretation of the claims.",
            "\t, Claims:CLAIMS",
            "\tWe claim",
            "\t1.\tA process for developing customized 3D printed coconut-instant coffee forms for a keto diet, comprising:",
            "\to\tPreparing coffee extract by dissolving Arabica coffee powder at concentrations ranging from 10% to 60% in hot and cold water;",
            "\to\tFiltering the coffee extract through a two-layer 0.125 mm cheese mesh;",
            "\to\tMixing coconut milk powder in an amount ranging from 5% to 2to 0% (w/v), with 15% being preferred;",
            "\to\tIncorporating MCT oil powder in an amount ranging from 2.5% to 10% (w/v), with 5% being preferred;",
            "\to\tAdding keto sugar replacements, namely monk fruit extract and stevia sugar, with 10 gm of stevia sugar being preferred;",
            "\to\tdeveloping a 3D model of a coffee form using CAD software and saving it in .STL format for slicing; and",
            "\to\tPerforming 3D printing of coconut-instant coffee forms.",
            "\t2.\tThe process as claimed in claim 2, wherein the 3D printing is performed using a nozzle diameter of 0.84 mm.",
            "\t3.\tThe process as claimed in claim 2, wherein the 3D printer motor operates at a speed of 40 rpm.",
            "\t4.\tThe process as claimed in claim 2, wherein the 3D printing speed is set to 800 mm/min.",
            "\t5.\tThe process as claimed in claim 1, wherein the post-processing treatment involves freeze drying the printed coffee form at a trap temperature of -80\u00b0C, vacuum pressure of 100 Pa, and a drying time of 18 hours.",
            "\t6.\tA 3D printed coconut-instant coffee form for a keto diet prepared according to the process of any of the preceding claims, comprising of:",
            "\to\tcoffee extract prepared by dissolving Arabica coffee powder at concentrations ranging from 10% to 60% in hot and cold water;",
            "\to\tcoconut milk powder in an amount ranging from 5% to 2to 0% (w/v), with 15% being preferred;",
            "\to\tMCT oil powder in an amount ranging from 2.5% to 10% (w/v), with 5% being preferred; and",
            "\to\tketo sugar replacements, namely monk fruit extract and stevia sugar.",
            "\twherein the glycemic index of the developed coffee product is 52.19 \u00b1 2.07, classifying it as a low glycemic index product.",
            "\t7.\tThe 3D printed coconut-instant coffee form as claimed in claim 6, wherein the product is rich in medium-chain triglycerides (MCTs) and coconut milk protein.",
            "\t8.\tThe 3D printed coconut-instant coffee form as claimed in claim 6, wherein the product is non-dairy and gluten-free, making it suitable for individuals adhering to a ketogenic diet.",
            "\t9.\tThe 3D printed coconut-instant coffee form as claimed in claim 6, wherein the coffee form readily dissolves in hot water within 30 seconds and in cold water within 3 minutes with moderate stirring.",
            "\t10.\tThe 3D printed coconut-instant coffee form as claimed in claim 6, wherein the coffee foam stability up to 1 hour; and showing excellent reconstitution behavior with hot and cold water."
        ],
        "Inventors": [
            {
                "Name": "Moses J. A.",
                "Address": "National Institute of Food Technology, Entrepreneurship and Management \u2013 Thanjavur, Ministry of Food Processing Industries, Government of India, Pudukkottai Road, Thanjavur - 613005, Tamil Nadu, India",
                "Country": "India",
                "Nationality": "India"
            },
            {
                "Name": "Aditi Negi",
                "Address": "National Institute of Food Technology, Entrepreneurship and Management \u2013 Thanjavur, Ministry of Food Processing Industries, Government of India, Pudukkottai Road, Thanjavur - 613005, Tamil Nadu, India",
                "Country": "India",
                "Nationality": "India"
            }
        ],
        "Applicants": [
            {
                "Name": "National Institute of Food Technology, Entrepreneurship and Management \u2013 Thanjavur",
                "Address": "National Institute of Food Technology, Entrepreneurship and Management \u2013 Thanjavur, Ministry of Food Processing Industries, Government of India, Pudukkottai Road, Thanjavur - 613005, Tamil Nadu, India",
                "Country": "India",
                "Nationality": "India"
            },
            {
                "Name": "Coconut Development Board",
                "Address": "Coconut Development Board,\r\nGovernment of India, Ministry of Agriculture,\r\nP.B. No.1021, Kera Bhavan, SRVHS Road\r\nKochi Kerala India 682011",
                "Country": "India",
                "Nationality": "India"
            }
        ]
    }
}