{
    "202441067552": {
        "Invention Title": "AUTOMATED INDOOR NAVIGATION SYSTEM AND METHOD THEREOF OF",
        "Publication Number": "37/2024",
        "Publication Date": "13/09/2024",
        "Publication Type": "INA",
        "Application Number": "202441067552",
        "Application Filing Date": "06/09/2024",
        "Priority Number": "",
        "Priority Country": "",
        "Priority Date": "",
        "Field Of Invention": "PHYSICS",
        "Classification (IPC)": "G01C0021200000, G01C0021340000, G01C0021000000, G06Q0030020000, G01S0005160000",
        "Abstract": "Disclosed herein is an automated indoor navigation system and method thereof (100) that comprises a mobile device (102), visual sensor (104), positioning sensor (108), processing unit (106), mapping module (110), programming languages (112), version controller module (114), operating modules (116), development module (118), communication network (120), user interface (122), and storage unit (124). The system captures images (104), determines location (108), creates 3D models (110), calculates navigation paths, generates AR content, and displays a visual navigation path overlay (122) on the captured image, enabling efficient indoor navigation.",
        "Description": [
            "Description:FIELD OF DISCLOSURE",
            "\t[0001]\tThe present disclosure generally relates to the field of computer vision, augmented reality, and human-computer interaction, more specifically, relates to an automated indoor navigation system and method thereof based on.",
            "\tBACKGROUND OF THE DISCLOSURE",
            "\t[0002]\t   The automated indoor navigation system is enhancing user navigation by providing real-time, interactive guidance through dynamic visual cues. This system is reducing the time spent navigating complex indoor environments by overlaying clear, step-by-step directions directly onto the user's field of view.",
            "\t[0003]\t The system is making indoor navigation more intuitive and engaging by integrating augmented reality technology. This approach is minimizing user frustration and confusion, ensuring a more enjoyable and seamless navigation experience.",
            "\t[0004]\t By offering accurate and immersive guidance in sprawling indoor spaces, the system is improving accessibility for users of all abilities. This continuous support in navigating complex layouts is making indoor environments more accessible and easier to navigate.",
            "\t[0005]\tExisting indoor navigation systems are relying on static 2D maps and fixed instructions, which are often causing users to struggle with finding precise locations and understanding complex indoor layouts. This method is leading to increased time spent navigating and higher levels of user frustration.",
            "\t[0006]\tTraditional systems are providing minimal interactive feedback, leaving users with generic, non-adaptive guidance. This lack of dynamic interaction is failing to address real-time changes in the environment, reducing overall navigation effectiveness and user engagement.",
            "\t[0007]\tMany current solutions are not adapting well to varying indoor conditions such as lighting and furniture arrangements. These systems are often providing inconsistent or inaccurate directions due to their limited ability to adjust to the physical changes in the navigation environment.",
            "\t[0008]\t Thus, in light of the above-stated discussion, there exists a need for an automated indoor navigation system and method thereof.",
            "\tSUMMARY OF THE DISCLOSURE",
            "[0009]\t The following is a summary description of illustrative embodiments of the invention. It is provided as a preface to assist those skilled in the art to more rapidly assimilate the detailed design discussion which ensues and is not intended in any way to limit the scope of the claims which are appended hereto in order to particularly point out the invention.",
            "\t[0010]\t According to illustrative embodiments, the present disclosure focuses on an automated indoor navigation system and method thereof which overcomes the above-mentioned disadvantages or provide the users with a useful or commercial choice.",
            "\t[0011]\t An objective of the present disclosure is to enhance indoor navigation efficiency by providing real-time, interactive guidance through augmented reality, thus minimizing the time spent finding and reaching specific locations within complex indoor environments.",
            "\t[0012]\t Another objective of the present disclosure is to improve user satisfaction by offering a dynamic, intuitive navigation experience that integrates digital information seamlessly with the physical environment, making navigation more engaging and less frustrating.",
            "\t[0013]\t Another objective of the present disclosure is to increase accessibility for all users by providing accurate and immersive navigation assistance, catering to diverse needs and abilities in large and intricate indoor spaces.",
            "\t[0014]\t Another objective of the present disclosure is to deliver high accuracy in navigation by utilizing advanced mapping and positioning technologies, ensuring that users receive precise directions and avoid errors in their route.",
            "\t[0015]\tAnother objective of the present disclosure is to facilitate easy integration with existing indoor mapping systems by allowing the automated navigation solution to work with various mapping data and infrastructure setups, ensuring broad applicability and adaptability.",
            "\t[0016]\tAnother objective of the present disclosure is to offer real-time adaptability to environmental changes by continuously updating navigation guidance based on dynamic conditions such as changes in lighting or obstacles, thus maintaining navigation accuracy.",
            "\t[0017]\tAnother objective of the present disclosure is to optimize user interface design by creating a user-friendly automated indoor navigation experience that simplifies interaction and minimizes the learning curve, making the system accessible to a wide range of users.",
            "\t[0018]\t Another objective of the present disclosure is to ensure scalability of the navigation system by developing a solution that easily adapted to different indoor environments and expanded to include new features or functionalities as needed.",
            "\t[0019]\t Yet another objective of the present disclosure is to enhance resource utilization by integrating the automated indoor navigation system with existing infrastructure and technologies, maximizing the efficiency of both the system and the environment it operates in.",
            "\t[0020]\t Yet another objective of the present disclosure is to set a new standard in indoor navigation technology by demonstrating the effectiveness of augmented reality in transforming user experiences and solving common problems associated with traditional navigation methods.",
            "\t[0021]\t In light of the above, in one aspect of the present disclosure, an automated indoor navigation system is disclosed herein. The system comprises a mobile device. The system includes a visual sensor connected to a processing unit and configured to capture images of the surrounding environment. The system also includes a positioning sensor connected to the processing unit and configured to determine the location of the mobile device within the indoor space. The system also includes the processing unit associated within the mobile device and configured to process navigation data and rendering augmented reality (AR) content. The processing unit comprises a mapping module configured to create and managing three dimensional (3D) models of the indoor environment. The processing unit includes a plurality of programming languages configured to develop navigation algorithms and user interfaces. The processing unit also includes a version controller module configured to manage code and module versions. The processing unit also includes a plurality of operating modules configured for compatibility with mobile devices. The processing unit also includes a development module configured to module development and testing. The system also includes a communication network associated within the mobile device and configure to transfer data between the system components. The system also includes a user interface associated within the mobile device and connected to the communication network and configured to user interaction with the navigation system and display the captured image of the surrounding environment with the visual navigation path overlay superimposed thereon. The system also includes a storage unit associated within the mobile device and connected to the communication network and configured to storing application data and maps specific to the indoor environment.",
            "\t[0022]\t In one embodiment, the visual sensor connected to the processing unit comprises a high-resolution camera configured to capture detailed images of the indoor environment with enhanced clarity and precision.",
            "\t[0023]\t In one embodiment, the visual sensor connected to the processing unit captures images at a specified interval, and the processing unit associated within the mobile device uses these images to continuously update the three-dimensional (3D) models of the indoor environment in real-time.",
            "\t[0024]\t In one embodiment, the positioning sensor connected to the processing unit includes an array of rigid body constraints and mobile sensors, providing accurate spatial orientation and movement tracking within the indoor space.",
            "\t[0025]\t In one embodiment, the processing unit associated within the mobile device further includes a dedicated graphics processing unit (GPU) configured to efficiently render augmented reality (AR) content and handle complex three-dimensional (3D) model computations.",
            "\t[0026]\t In one embodiment, the processing unit associated within the mobile device further comprises a natural language processing (NLP) module for processing user input and generating corresponding navigation instructions.",
            "\t[0027]\t In one embodiment, the mapping module within the processing unit utilizes advanced algorithms to create and manage detailed three-dimensional (3D) models of the indoor environment with high precision.",
            "\t[0028]\t In one embodiment, the development module within the processing unit supports a suite of module development tools and testing frameworks for creating and validating navigation algorithms and user interfaces.",
            "\t[0029]\t In one embodiment, the communication network comprises both wired and wireless interfaces for seamless data transfer between the mobile device\u2019s components.",
            "\t[0030]\t In light of the above, in one aspect of the present disclosure, an indoor navigation method is disclosed herein. The method comprising utilizing a visual sensor integrated with a processing unit to capture real-time images of an indoor environment. The method includes employing a positioning sensor connected to the processing unit to determine the location of a mobile device within the indoor space. The method also includes processing navigation data and rendering augmented reality (AR) content using the processing unit. The method also includes creating and managing three-dimensional (3D) models of the indoor environment via a mapping module associated within the processing unit. The method also includes developing navigation algorithms and user interfaces via a plurality of programming languages associated within the processing unit. The method also includes managing code and module versions via a version controller module associated within the processing unit. The method also includes ensuring compatibility with various mobile devices via a plurality of operating modules associated within the processing unit. The method also includes developing and testing modules via a development module associated within the processing unit. The method also includes connecting system components via a communication network to facilitate data transfer. The method also includes displaying a captured image of the surrounding environment with a visual navigation path overlay superimposed via a user interface. The method also includes storing application data and maps specific to the indoor environment in a storage unit associated with the mobile device.",
            "\t[0031]\t These and other advantages will be apparent from the present application of the embodiments described herein.",
            "[0032]\t The preceding is a simplified summary to provide an understanding of some embodiments of the present invention.  This summary is neither an extensive nor exhaustive overview of the present invention and its various embodiments.  The summary presents selected concepts of the embodiments of the present invention in a simplified form as an introduction to the more detailed description presented below.  As will be appreciated, other embodiments of the present invention are possible utilizing, alone or in combination, one or more of the features set forth above or described in detail below.",
            "\t[0033]\t  These elements, together with the other aspects of the present disclosure and various features are pointed out with particularity in the claims annexed hereto and form a part of the present disclosure. For a better understanding of the present disclosure, its operating advantages, and the specified object attained by its uses, reference should be made to the accompanying drawings and descriptive matter in which there are illustrated exemplary embodiments of the present disclosure.",
            "BRIEF DESCRIPTION OF THE DRAWINGS",
            "[0034]\t To describe the technical solutions in the embodiments of the present disclosure or in the prior art more clearly, the following briefly describes the accompanying drawings required for describing the embodiments or the prior art. Apparently, the accompanying drawings in the following description merely show some embodiments of the present disclosure, and a person of ordinary skill in the art can derive other implementations from these accompanying drawings without creative efforts. All of the embodiments or the implementations shall fall within the protection scope of the present disclosure.",
            "[0035]\t The advantages and features of the present disclosure will become better understood with reference to the following detailed description taken in conjunction with the accompanying drawing, in which:",
            "\t[0036]\t FIG. 1 illustrates a block diagram of an automated indoor navigation system and method thereof, in accordance with an exemplary embodiment of the present disclosure;",
            "\t[0037]\t FIG. 2 illustrates a flowchart of an automated indoor navigation system, in accordance with an exemplary embodiment of the present disclosure;",
            "\t[0038]\t FIG. 3 illustrates a flowchart of an indoor navigation method, in accordance with an exemplary embodiment of the present disclosure;",
            "\t[0039]\t FIG. 4 illustrates a perspective view of the floorplan of testing area, in accordance with an exemplary embodiment of the present disclosure; and",
            "\t[0040]\t FIG. 5 illustrates a perspective view of the three-dimensional (3D) model of testing area, in accordance with an exemplary embodiment of the present disclosure.",
            "\t[0041]\tFIG. 6 illustrates a perspective view of the baked NavMesh, in accordance with an exemplary embodiment of the present disclosure.",
            "\t[0042]\tFIG. 7 illustrates a perspective view of the navigable areas, in accordance with an exemplary embodiment of the present disclosure.",
            "\t[0043]\tFIG. 8 illustrates a perspective view of the model architecture design, in accordance with an exemplary embodiment of the present disclosure.",
            "\t[0044]\tFIG. 9 illustrates a perspective view of the system flow diagram, in accordance with an exemplary embodiment of the present disclosure.",
            "\t[0045]\tFIG. 10A illustrates a perspective view of the application, in accordance with an exemplary embodiment of the present disclosure.",
            "\t[0046]\tFIG. 10B illustrates a perspective view of the start navigation, in accordance with an exemplary embodiment of the present disclosure.",
            "\t[0047]\tFIG. 11A illustrates a perspective view of the line rendering, in accordance with an exemplary embodiment of the present disclosure.",
            "\t[0048]\tFIG. 11B illustrates a perspective view of the path finder, in accordance with an exemplary embodiment of the present disclosure.",
            "\t[0049]\tFIG. 12A illustrates a perspective view of the long path finder, in accordance with an exemplary embodiment of the present disclosure.",
            "\t[0050]\tFIG. 12B illustrates a perspective view of the destination, in accordance with an exemplary embodiment of the present disclosure.",
            "[0051]\tLike reference, numerals refer to like parts throughout the description of several views of the drawing.",
            "\t[0052]\t The automated indoor navigation system and method thereof is illustrated in the accompanying drawings, which like reference letters indicate corresponding parts in the various figures. It should be noted that the accompanying figure is intended to present illustrations of exemplary embodiments of the present disclosure. This figure is not intended to limit the scope of the present disclosure. It should also be noted that the accompanying figure is not necessarily drawn to scale.",
            "DETAILED DESCRIPTION OF THE DISCLOSURE",
            "[0053]\t The following is a detailed description of embodiments of the disclosure depicted in the accompanying drawings. The embodiments are in such detail as to communicate the disclosure. However, the amount of detail offered is not intended to limit the anticipated variations of embodiments; on the contrary, the intention is to cover all modifications, equivalents, and alternatives falling within the spirit and scope of the present disclosure.",
            "[0054]\t In the following description, numerous specific details are set forth in order to provide a thorough understanding of the embodiments of the present disclosure. It may be apparent to one skilled in the art that embodiments of the present disclosure may be practiced without some of these specific details.",
            "\t[0055]\t Various terms as used herein are shown below. To the extent a term is used, it should be given the broadest definition persons in the pertinent art have given that term as reflected in printed publications and issued patents at the time of filing.",
            "\t[0056]\t The terms \u201ca\u201d and \u201can\u201d herein do not denote a limitation of quantity, but rather denote the presence of at least one of the referenced items.",
            "\t[0057]\t The terms \u201chaving\u201d, \u201ccomprising\u201d, \u201cincluding\u201d, and variations thereof signify the presence of a component.",
            "\t[0058]\t Referring now to FIG. 1 to FIG. 12 to describe various exemplary embodiments of the present disclosure. FIG. 1 illustrates a perspective view of an automated indoor navigation system and method thereof 100, in accordance with an exemplary embodiment of the present disclosure.",
            "\t[0059]\t The system 100 includes a mobile device 102, a visual sensor 104 connected to a processing unit 106 and configured to capture images of the surrounding environment, a positioning sensor 108 connected to the processing unit 106 and configured to determine the location of the mobile device 102 within the indoor space, the processing unit 106 associated within the mobile device 102 and configured to process navigation data and rendering augmented reality (AR) content wherein the processing unit 106 comprises, a mapping module 110 configured to create and managing three dimensional (3D) models of the indoor environment, a plurality of programming languages 112 configured to develop navigation algorithms and user interfaces, a version controller module 114 configured to manage code and module versions, a plurality of operating modules 116 configured for compatibility with mobile devices 102, a development module 118 configured to module development and testing, a communication network 120 associated within the mobile device 102 and configure to transfer data between the system 100 components, a user interface 122 associated within the mobile device 102 and connected to the communication network 120 and configured to user interaction with the navigation system 100 and display the captured image of the surrounding environment with the visual navigation path overlay superimposed thereon, a storage unit 124 associated within the mobile device 102 and connected to the communication network 120 and configured to storing application data and maps specific to the indoor environment.",
            "\t[0060]\t The visual sensor 104 connected to the processing unit 106 comprises a high-resolution camera configured to capture detailed images of the indoor environment with enhanced clarity and precision.",
            "\t[0061]\tThe visual sensor 104 connected to the processing unit 106 captures images at a specified interval, and the processing unit 106 associated within the mobile device 102 uses these images to continuously update the three-dimensional (3D) models of the indoor environment in real-time.",
            "\t[0062]\tThe positioning sensor 108 connected to the processing unit 106 includes an array of rigid body constraints and mobile sensors, providing accurate spatial orientation and movement tracking within the indoor space.",
            "\t[0063]\tThe processing unit 106 associated within the mobile device 102 further includes a dedicated graphics processing unit (GPU) configured to efficiently render augmented reality (AR) content and handle complex three-dimensional (3D) model computations.",
            "\t[0064]\tThe processing unit 106 associated within the mobile device 102 further comprises a natural language processing (NLP) module for processing user input and generating corresponding navigation instructions.",
            "\t[0065]\tThe mapping module 110 within the processing unit 106 utilizes advanced algorithms to create and manage detailed three-dimensional (3D) models of the indoor environment with high precision.",
            "\t[0066]\tThe development module 118 within the processing unit 106 supports a suite of module development tools and testing frameworks for creating and validating navigation algorithms and user interfaces 122.",
            "\t[0067]\tThe communication network 120 comprises both wired and wireless interfaces for seamless data transfer between the mobile device\u2019s 102 components.",
            "\t[0068]\tThe method 100 includes utilizing a visual sensor 104 integrated with a processing unit 106 to capture real-time images of an indoor environment, employing a positioning sensor 108 connected to the processing unit 106 to determine the location of a mobile device 102 within the indoor space, processing navigation data and rendering augmented reality (AR) content using the processing unit 106, creating and managing three-dimensional (3D) models of the indoor environment via a mapping module 110 associated within the processing unit 106, developing navigation algorithms and user interfaces 122 via a plurality of programming languages 112 associated within the processing unit 106, managing code and module versions via a version controller module 114 associated within the processing unit 106, ensuring compatibility with various mobile devices 102 via a plurality of operating modules 116 associated within the processing unit 106, developing and testing modules via a development module 118 associated within the processing unit 106, connecting system 100 components via a communication network 120 to facilitate data transfer, displaying a captured image of the surrounding environment with a visual navigation path overlay superimposed via a user interface 122, storing application data and maps specific to the indoor environment in a storage unit 124 associated with the mobile device 102.",
            "\t[0069]\tThe mobile device 102 is a portable computing device designed for easy handling and operation while on the move. The mobile device 102 typically features a compact form factor, a touchscreen interface, and wireless connectivity. Smartphones and tablets are common examples of the mobile device 102. The mobile device 102 have become ubiquitous, serving as tools for communication, entertainment, productivity, and information access.",
            "\t[0070]\tThe visual sensor 104, often synonymous with a camera, is a device capable of capturing and converting visual information into a digital format. The visual sensor 104 functions as the eyes of a machine, enabling the visual sensor 104 to perceive and interpret the surrounding environment. Equipped with an image capturing mechanism, the visual sensor 104 transforms light into electrical signals, which are then processed to generate digital images. This technology has revolutionized various fields, from photography and videography to computer vision and robotics.",
            "\t[0071]\tThe core components of the visual sensor 104 typically include an image sensor, lens, and image processing circuitry. The image sensor, akin to the retina in the human eye, converts light into electrical signals. The lens focuses light onto the image sensor, controlling the image's sharpness and clarity. The image processing circuitry further enhances the captured image by adjusting parameters such as exposure, white balance, and color balance.",
            "\t[0072]\tThe visual sensor 104 come in diverse forms, each tailored to specific applications. For instance, charge-coupled devices (CCDs) and complementary metal-oxide-semiconductor (CMOS) image sensors are widely used in digital cameras and smartphones. Time-of-flight (TOF) sensors measure distance by calculating the time it takes for light to travel to a subject and return, enabling depth perception. Event-based cameras capture changes in pixel intensity over time, offering advantages in low-light conditions and high-speed imaging.",
            "\t[0073]\tThe versatility and continuous advancements in the visual sensor 104 technology have expanded their applications across various domains. In addition to traditional photography and videography, the visual sensor 104s are integral components in autonomous vehicles, surveillance system 100, medical imaging, industrial automation, and augmented reality.",
            "\t[0074]\tThe processing unit 106, often referred to as the brain of a computer system 100, is responsible for executing instructions and performing calculations. The processing unit 106 is the core component that drives the functionality of electronic devices. At its heart lies the central processing unit (CPU), which handles the majority of computations and data manipulation.",
            "\t[0075]\tModern processors are intricate systems 100 comprising multiple cores, each capable of executing instructions independently, enhancing overall processing speed and efficiency. These cores work in tandem with other components like cache memory, which stores frequently accessed data for rapid retrieval, and control units that orchestrate the flow of instructions and data within the processing unit 106.",
            "\t[0076]\tBeyond the central processing unit (CPU), specialized processing unit 106 like graphics processing units (GPUs) have emerged to accelerate tasks demanding high computational power, such as image and video processing, machine learning, and scientific simulations. These dedicated processors offer significant performance gains in specific domains.",
            "\t[0077]\tAs technology advances, processing units 106 continue to evolve, incorporating innovative architectures and technologies to meet the increasing demands of complex applications. From mobile devices 102 to high-performance computing systems 100, processing units 106 are the driving force behind the digital revolution.",
            "\t[0078]\tThe positioning sensor 108 is a device that determines the location, orientation, or movement of an object in space. The positioning sensor 108 is a critical component in numerous applications, including robotics, navigation, augmented reality, and human-computer interaction. By accurately measuring position and motion, these sensors enable systems 100 to perceive and interact with the physical world.",
            "\t[0079]\tVarious types of positioning sensors 108 exist, each with its own strengths and limitations. Global Navigation Satellite System (GNSS), such as global positioning system (GPS), utilize satellite signals to provide precise geolocation data. Inertial Measurement Units (IMUs) combine accelerometers and gyroscopes to measure acceleration and angular velocity, respectively, allowing for dead reckoning calculations. Other sensors like magnetometers, pressure sensors, and ultrasonic sensors contribute to position estimation by providing additional data points.",
            "\t[0080]\tPositioning sensors 108 operate by detecting changes in physical properties related to location or movement. For example, accelerometers measure changes in acceleration, while gyroscopes detect rotational motion. By combining data from multiple sensors and employing advanced algorithms, systems 100 achieve high accuracy and reliability in determining position and orientation.",
            "\t[0081]\tThe integration of positioning sensors 108 with other technologies, such as computer vision and mapping, has led to the development of sophisticated navigation and tracking systems 100. These systems 100 find applications in autonomous vehicles, drones, virtual reality, and augmented reality experiences.",
            "\t[0082]\tThe mapping module 110 is a software component responsible for creating, managing, and utilizing spatial representations of environments. The mapping module 110 involves processes like data acquisition, processing, and storage to generate accurate and detailed maps. The mapping module 110 is two-dimensional or three-dimensional, depending on the application requirements. Mapping modules 110 are essential for various applications, including navigation, robotics, augmented reality, and geographic information systems 100.",
            "\t[0083]\tThe programming languages 112 are formal systems 100 used to communicate instructions to a computer. The programming languages 112 serve as the intermediary between human logic and machine execution. With a rich syntax and grammar, programming languages 112 enable developers to create software, applications, and systems 100. The programming languages 112 range from low-level languages that closely resemble machine code to high-level languages that offer more abstraction and readability.",
            "\t[0084]\tThe version control module 114, often referred to as a version control system 100 (VCS), is a tool designed to manage changes to source code over time. The version control module 114 provides a centralized repository for storing different versions of files and code, enabling developers to track modifications, collaborate effectively, and revert to previous states if needed.",
            "\t[0085]\tThe version control module 114 maintains a history of changes made to files, allowing users to review and compare different versions. The version control module 114 also facilitates branching, where developers create separate lines of development to work on different features or bug fixes simultaneously. Merging these branches back into the main codebase is another critical function of version control.",
            "\t[0086]\tPopular version control module 114include Git, SVN, and Mercurial. The version control module 114 offer features like branching, merging, conflict resolution, and code review, enhancing the efficiency and reliability of software development processes. By using a version control system 100, teams collaborate seamlessly, reduce errors, and improve overall project management.",
            "\t[0087]\tThe operating module 116, often synonymous with an operating system 100, is the fundamental module that manages computer hardware and software resources. The operating module 116 serves as the intermediary between the user and the computer system 100, providing a user interface 122, managing file systems, handling input and output operations, and allocating system 100 resources. Operating system 100s create a conducive environment for running applications, ensuring efficient utilization of hardware capabilities. The operating modules 116 also provide essential services like memory management, process scheduling, and network communication.",
            "\t[0088]\tThe development module 118 encompasses the tools, processes, and environments used to create, test, and refine software applications or systems 100. The development module 118 encompasses a range of activities, including coding, debugging, testing, and deployment. The development module 118 typically includes software development kits (SDKs), integrated development environments (IDEs), compilers, debuggers, and version control module 114. The development module 118 provides the necessary infrastructure for developers to transform ideas into functional module products.",
            "\t[0089]\tThe communication network 120 is a system 100 that enables the exchange of information between various devices or entities. The communication network 120 comprises interconnected devices and transmission media that facilitate the transfer of data. The communication network 120 range from small, local networks within a building to vast, global networks spanning the entire planet. The underlying infrastructure includes hardware components like routers, switches, and modems, as well as software protocols that govern data transmission and reception. The communication network 120 are essential for modern society, enabling everything from internet browsing to online communication, business operations, and critical infrastructure.",
            "\t[0090]\tThe user interface 122 is the point of interaction between a human and a computer or machine. The user interface 122 comprises the visual elements, interactive components, and the overall structure through which users control and interact with a system 100. A well-designed user interface 122 enhances user experience by making interactions intuitive, efficient, and enjoyable. The user interface 122 involves careful consideration of factors such as layout, typography, colour schemes, and responsiveness. The user interface 122 should effectively convey information, facilitate user tasks, and provide visual feedback.",
            "\t[0091]\tThe user interface 122 have evolved significantly with technological advancements. Graphical user interfaces (GUIs) replaced command-line interfaces, offering a more intuitive and user-friendly experience. Today, touchscreens, voice recognition, and gesture-based interactions have further expanded the possibilities for user interaction. The goal of user interface 122 design is to create interfaces that are not only aesthetically pleasing but also functional and accessible to users of varying abilities.",
            "\t[0092]\tThe storage unit 124 is a designated space used for keeping and preserving items. The storage unit 124 provides a secure and organized environment to accommodate various objects, from personal belongings to business inventory. Storage units 124 are physical structures like warehouses, lockers, or cabinets, or they can refer to digital storage spaces on computers and networks.",
            "\t[0093]\tFIG. 2 illustrates a flowchart of an automated indoor navigation system, in accordance with an exemplary embodiment of the present disclosure.",
            "\t[0094]\tAt 202, the visual sensor captures images of the surrounding environment.",
            "\t[0095]\tAt 204, the positioning sensor determines the device's location within the indoor space.",
            "\t[0096]\tAt 206, the captured images and location data are transmitted to the processing unit.",
            "\t[0097]\tAt 208, the mapping module in the processing unit creates or updates a three-dimensional (3D) model of the indoor environment based on captured images.",
            "\t[0098]\tAt 210, the processing unit uses the pathfinding algorithm to calculate the optimal route from the current location to the destination.",
            "\t[0099]\tAt 212, the processing unit generates augmented reality content, such as arrows or virtual markers, to indicate the navigation path.",
            "\t[0100]\tAt 214, the user interface displays the captured image with the superimposed augmented reality content.",
            "\t[0101]\tAt 216, the user interacts with the system by following the displayed navigation path.",
            "\t[0102]\tFIG. 3 illustrates a flowchart of an indoor navigation method, in accordance with an exemplary embodiment of the present disclosure.",
            "\t[0103]\tAt 302, utilize a visual sensor integrated with a processing unit to capture real-time images of an indoor environment.",
            "\t[0104]\tAt 304, employ a positioning sensor connected to the processing unit to determine the location of a mobile device within the indoor space.",
            "\t[0105]\tAt 306, process navigation data and rendering augmented reality (AR) content using the processing unit.",
            "\t[0106]\tAt 308, create and managing three-dimensional (3D) models of the indoor environment via a mapping module associated within the processing unit.",
            "\t[0107]\tAt 310, develop navigation algorithms and user interfaces via a plurality of programming languages associated within the processing unit.",
            "\t[0108]\tAt 312, manage code and module versions via a version controller module associated within the processing unit.",
            "\t[0109]\tAt 314, ensure compatibility with various mobile devices via a plurality of operating modules associated within the processing unit.",
            "\t[0110]\tAt 316, develop and testing modules via a development module associated within the processing unit.",
            "\t[0111]\tAt 318, connect system components via a communication network to facilitate data transfer.",
            "\t[0112]\tAt 320, display a captured image of the surrounding environment with a visual navigation path overlay superimposed via a user interface.",
            "\t[0113]\tAt 322, store application data and maps specific to the indoor environment in a storage unit associated with the mobile device.",
            "\t[0114]\tFIG. 4 illustrates a perspective view of the floorplan of testing area, in accordance with an exemplary embodiment of the present disclosure.",
            "\t[0115]\tFIG. 5 illustrates a perspective view of the three-dimensional (3D) model of testing area, in accordance with an exemplary embodiment of the present disclosure.",
            "\t[0116]\tFIG. 6 illustrates a perspective view of the baked NavMesh, in accordance with an exemplary embodiment of the present disclosure.",
            "\t[0117]\tFIG. 7 illustrates a perspective view of the navigable areas, in accordance with an exemplary embodiment of the present disclosure.",
            "\t[0118]\tFIG. 8 illustrates a perspective view of the model architecture design, in accordance with an exemplary embodiment of the present disclosure.",
            "\t[0119]\tAt 802, the term \"source\" generally refers to the origin or point of initiation. In the context of information or data, it denotes the location or entity from which data is obtained. It can be a person, document, database, or any other resource that provides the necessary information for a specific purpose.",
            "\t[0120]\tAt 804, a destination signifies the endpoint or goal of a journey or process. It represents the desired outcome or final position. In the realm of navigation or movement, the destination is the target location that an individual or object aims to reach. It serves as the focal point and objective, guiding the direction and actions taken to achieve the desired end state.",
            "\t[0121]\tAt 806, mapping values represent a correspondence between elements from two different sets. It establishes a relationship where each element in one set is associated with a corresponding element in another set. This concept is fundamental in various fields, including mathematics, computer science, and data analysis. By defining mappings, it becomes possible to transform data, create associations, and derive insights.",
            "\t[0122]\tAt 808, this process involves determining the optimal route between a starting point (user's current location) and a designated destination within a given environment. It requires analysing spatial data, considering factors like distance, obstacles, and preferences, to generate a sequence of waypoints or directions that guide the user efficiently. Pathfinding algorithms play a crucial role in calculating the most suitable route based on available information and constraints.",
            "\t[0123]\tAt 810, path fetched signifies the successful retrieval of a computed or predetermined route. It indicates that the system has located and accessed the data representing the path between a starting point and a destination. This retrieved path information is then typically used for navigation, visualization, or further analysis. The successful fetching of the path is a crucial step in facilitating movement or decision-making processes.",
            "\t[0124]\tAt 812, rendered on the screen refers to the visual representation of digital content displayed on a computer monitor, smartphone screen, or any other electronic display device. It encompasses the process of converting digital data into a visual format that is perceptible to the human eye. This involves transforming information into graphical elements, images, text, or other visual components, which are then presented on the screen for user interaction or consumption.",
            "\t[0125]\tFIG. 9 illustrates a perspective view of the system flow diagram, in accordance with an exemplary embodiment of the present disclosure.",
            "\t[0126]\tAt 902, the start signifies the beginning of a process, action, or sequence. It marks the initial point from which something originates or commences. In a broader context, it can represent the inception of an idea, project, or journey.",
            "\t[0127]\tAt 904, launching an application refers to the initiation or activation of a software program. It involves starting the application's processes, loading necessary components, and establishing an interface for user interaction. This action typically occurs when a user selects an icon, command, or shortcut, signalling the system to begin executing the application's code.",
            "\t[0128]\tAt 906, this phrase implies activating or initiating the camera function at the point of origin or data collection. It suggests starting the camera's operation to capture images or videos at the source of information, where the data is initially generated or located. This action is often the first step in a process that involves visual data acquisition and analysis.",
            "\t[0129]\tAt 908, a dataset is a collection of data points or observations organized for analysis. It serves as the raw material for various applications, including machine learning, data mining, and statistical analysis. Datasets can be structured, semi-structured, or unstructured, depending on the organization of the data within them. They are essential for training models, testing hypotheses, and deriving insights.",
            "\t[0130]\tAt 910, scanning the environment refers to the process of examining and analysing the surroundings to gather information. It involves capturing data about the physical space, objects within it, and their relationships. This data is essential for various applications, such as creating digital representations, object recognition, and navigation.",
            "\t[0131]\tAt 912, detecting the ground plane involves identifying the flat surface of the ground within a scene or image. It is a crucial step in many computer vision and robotics applications, providing essential information about the environment. Algorithms and techniques are employed to differentiate the ground plane from other objects or surfaces, enabling tasks like object localization, navigation, and augmented reality.",
            "\t[0132]\tAt 914, navigation refers to the process of guiding or directing something, typically a person or vehicle, from one location to another. It involves determining the current position, identifying the desired destination, and planning and executing a route. Navigation systems and technologies assist in this process by providing information, guidance, and direction.",
            "\t[0133]\tAt 916, reached desired location indicates the successful arrival at the intended destination. It signifies the completion of a journey or process, where the goal or objective has been achieved. This phrase implies the successful execution of navigation, guidance, or movement towards a specific point.",
            "\t[0134]\tAt 918, to stop means to cease movement, action, or progress. It signifies the end of an activity or process. It also refer to a physical halt or pause, where something comes to a standstill.",
            "\t[0135]\tFIG. 10A illustrates a perspective view of the application, in accordance with an exemplary embodiment of the present disclosure.",
            "\t[0136]\tFIG. 10B illustrates a perspective view of the start navigation, in accordance with an exemplary embodiment of the present disclosure.",
            "\t[0137]\tFIG. 11A illustrates a perspective view of the line rendering, in accordance with an exemplary embodiment of the present disclosure.",
            "\t[0138]\tFIG. 11B illustrates a perspective view of the path finder, in accordance with an exemplary embodiment of the present disclosure.",
            "\t[0139]\tFIG. 12A illustrates a perspective view of the long path finder, in accordance with an exemplary embodiment of the present disclosure.",
            "\t[0140]\t FIG. 12B illustrates a perspective view of the destination, in accordance with an exemplary embodiment of the present disclosure.",
            "\t[0141]\t While the invention has been described in connection with what is presently considered to be the most practical and various embodiments, it will be understood that the invention is not to be limited to the disclosed embodiments, but on the contrary, is intended to cover various modifications and equivalent arrangements included within the scope of the appended claims.",
            "\t[0142]\t A person of ordinary skill in the art may be aware that, in combination with the examples described in the embodiments disclosed in this specification, units and algorithm steps may be implemented by electronic hardware, computer software, or a combination thereof.",
            "[0143]\t The foregoing descriptions of specific embodiments of the present disclosure have been presented for purposes of illustration and description. They are not intended to be exhaustive or to limit the present disclosure to the precise forms disclosed, and many modifications and variations are possible in light of the above teaching. The embodiments were chosen and described to best explain the principles of the present disclosure and its practical application, and to thereby enable others skilled in the art to best utilize the present disclosure and various embodiments with various modifications as are suited to the particular use contemplated. It is understood that various omissions and substitutions of equivalents are contemplated as circumstances may suggest or render expedient, but such omissions and substitutions are intended to cover the application or implementation without departing from the scope of the present disclosure.",
            "\t[0144]\t Disjunctive language such as the phrase \u201cat least one of X, Y, Z,\u201d unless specifically stated otherwise, is otherwise understood with the context as used in general to present that an item, term, etc., may be either X, Y, or Z, or any combination thereof (e.g., X, Y, and/or Z). Thus, such disjunctive language is not generally intended to, and should not, imply that certain embodiments require at least one of X, at least one of Y, or at least one of Z to each be present.",
            "\t[0145]\t In a case that no conflict occurs, the embodiments in the present disclosure and the features in the embodiments may be mutually combined. The foregoing descriptions are merely specific implementations of the present disclosure, but are not intended to limit the protection scope of the present disclosure. Any variation or replacement readily figured out by a person skilled in the art within the technical scope disclosed in the present disclosure shall fall within the protection scope of the present disclosure. Therefore, the protection scope of the present disclosure shall be subject to the protection scope of the claims.",
            "\t, Claims:I/We Claim:",
            "\t1.\tAn automated indoor navigation system, the system (100) comprising:",
            "\ta mobile device (102);",
            "\ta visual sensor (104) connected to a processing unit (106) and configured to capture images of the surrounding environment;",
            "\ta positioning sensor (108) connected to the processing unit (106) and configured to determine the location of the mobile device (102) within the indoor space;",
            "\tthe processing unit (106) associated within the mobile device (102) and configured to process navigation data and rendering augmented reality (AR) content wherein the processing unit (106) comprises:",
            "\ta mapping module (110) configured to create and managing three dimensional (3D) models of the indoor environment;",
            "\ta plurality of programming languages (112) configured to develop navigation algorithms and user interfaces;",
            "\ta version controller module (114) configured to manage code and module versions;",
            "\ta plurality of operating modules (116) configured for compatibility with mobile devices (102);",
            "\ta development module (118) configured to module development and testing;",
            "\ta communication network (120) associated within the mobile device (102) and configure to transfer data between the system (100) components;",
            "\ta user interface (122) associated within the mobile device (102) and connected to the communication network (120) and configured to user interaction with the navigation system (100) and display the captured image of the surrounding environment with the visual navigation path overlay superimposed thereon;",
            "\ta storage unit (124) associated within the mobile device (102) and connected to the communication network (120) and configured to storing application data and maps specific to the indoor environment.",
            "\t2.\tThe system (100) as claimed in claim 1, wherein the visual sensor (104) connected to the processing unit (106) comprises a high-resolution camera configured to capture detailed images of the indoor environment with enhanced clarity and precision.",
            "\t3.\tThe system (100) as claimed in claim 1, wherein the visual sensor (104) connected to the processing unit (106) captures images at a specified interval, and the processing unit (106) associated within the mobile device (102) uses these images to continuously update the three-dimensional (3D) models of the indoor environment in real-time.",
            "\t4.\tThe system (100) as claimed in claim 1, wherein the positioning sensor (108) connected to the processing unit (106) includes an array of rigid body constraints and mobile sensors, providing accurate spatial orientation and movement tracking within the indoor space.",
            "\t5.\tThe system (100) as claimed in claim 1, wherein the processing unit (106) associated within the mobile device (102) further includes a dedicated graphics processing unit (GPU) configured to efficiently render augmented reality (AR) content and handle complex three-dimensional (3D) model computations.",
            "\t6.\tThe system (100) as claimed in claim 1, wherein the processing unit (106) associated within the mobile device (102) further comprises a natural language processing (NLP) module for processing user input and generating corresponding navigation instructions.",
            "\t7.\tThe system (100) as claimed in claim 1, wherein the mapping module (110) within the processing unit (106) utilizes advanced algorithms to create and manage detailed three-dimensional (3D) models of the indoor environment with high precision.",
            "\t8.\tThe system (100) as claimed in claim 1, wherein the development module (118) within the processing unit (106) supports a suite of module development tools and testing frameworks for creating and validating navigation algorithms and user interfaces (122).",
            "\t9.\tThe system (100) as claimed in claim 1, wherein the communication network (120) comprises both wired and wireless interfaces for seamless data transfer between the mobile device\u2019s (102) components.",
            "\t10.\tAn indoor navigation method (100), the method (100) comprising:",
            "\tutilizing a visual sensor (104) integrated with a processing unit (106) to capture real-time images of an indoor environment;",
            "\temploying a positioning sensor (108) connected to the processing unit (106) to determine the location of a mobile device (102) within the indoor space;",
            "\tprocessing navigation data and rendering augmented reality (AR) content using the processing unit (106);",
            "\tcreating and managing three-dimensional (3D) models of the indoor environment via a mapping module (110) associated within the processing unit (106);",
            "\tdeveloping navigation algorithms and user interfaces (122) via a plurality of programming languages (112) associated within the processing unit (106);",
            "\tmanaging code and module versions via a version controller module (114) associated within the processing unit (106);",
            "\tensuring compatibility with various mobile devices (102) via a plurality of operating modules (116) associated within the processing unit (106);",
            "\tdeveloping and testing modules via a development module (118) associated within the processing unit (106);",
            "\tconnecting system (100) components via a communication network (120) to facilitate data transfer;",
            "\tdisplaying a captured image of the surrounding environment with a visual navigation path overlay superimposed via a user interface (122);",
            "\tstoring application data and maps specific to the indoor environment in a storage unit (124) associated with the mobile device (102)."
        ],
        "Inventors": [
            {
                "Name": "PREETHI SALIAN K",
                "Address": "DEPARTMENT OF INFORMATION SCIENCE AND ENGINEERING, NMAM INSTITUTE OF TECHNOLOGY, NITTE (DEEMED TO BE UNIVERSITY), NITTE \u2013 574110, KARNATAKA, INDIA",
                "Country": "India",
                "Nationality": "India"
            },
            {
                "Name": "SUPRIYA SALIAN",
                "Address": "DEPARTMENT OF COMPUTER SCIENCE & ENGINEERING, ST. JOSEPH ENGINEERING COLLEGE, VAMANJOOR-575028, MANGALURU, KARNATAKA, INDIA",
                "Country": "India",
                "Nationality": "India"
            },
            {
                "Name": "ABHISHEK S. RAO",
                "Address": "DEPARTMENT OF INFORMATION SCIENCE AND ENGINEERING, NMAM INSTITUTE OF TECHNOLOGY, NITTE (DEEMED TO BE UNIVERSITY), NITTE \u2013 574110, KARNATAKA, INDIA",
                "Country": "India",
                "Nationality": "India"
            },
            {
                "Name": "DR. MANJUNATHA",
                "Address": "COMPUTER SCIENCE AND ENGINEERING MANIPAL INSTITUTE OF TECHNOLOGY, MANIPAL ACADEMY OF HIGHER EDUCATION (MAHE) MANIPAL, UDUPI, KARNATAKA 576104 - INDIA",
                "Country": "India",
                "Nationality": "India"
            }
        ],
        "Applicants": [
            {
                "Name": "NITTE (DEEMED TO BE UNIVERSITY)",
                "Address": "6TH FLOOR, UNIVERSITY ENCLAVE, MEDICAL SCIENCES COMPLEX, DERALAKATTE, MANGALURU, KARNATAKA 575018",
                "Country": "India",
                "Nationality": "India"
            }
        ]
    }
}