{
    "202411066369": {
        "Invention Title": "AI-POWERED X-RAY DETECTOR SYSTEM",
        "Publication Number": "38/2024",
        "Publication Date": "20/09/2024",
        "Publication Type": "INA",
        "Application Number": "202411066369",
        "Application Filing Date": "02/09/2024",
        "Priority Number": "",
        "Priority Country": "",
        "Priority Date": "",
        "Field Of Invention": "BIO-MEDICAL ENGINEERING",
        "Classification (IPC)": "A61B0006000000, G16H0010600000, A63B0024000000, A61N0001390000, H04N0005235000",
        "Abstract": "Abstract\r\nDisclosed is a Smart X-Ray Detector system comprising an X-ray detector; an AI processing unit operatively connected to said X-ray detector, wherein said AI processing unit is configured to analyze patient data and adjust exposure settings; data input modules configured to collect patient size, anatomy, and medical history information; a control module operatively connected to said AI processing unit, wherein said control module is configured to adjust X-ray machine settings based on AI analysis; a feedback loop facilitating continuous monitoring and adjustment of exposure parameters.\r\nFig. 1",
        "Description": [
            "Description:AI-POWERED X-RAY DETECTOR SYSTEM",
            "Field of the Invention",
            "\t[0001]\tThe present disclosure generally relates to medical imaging systems. Further, the present disclosure particularly relates to an X-ray detector system that utilizes artificial intelligence to optimize exposure settings for improved diagnostic accuracy and patient safety.",
            "\tBackground",
            "[0002]\tThe background description includes information that may be useful in understanding the present invention. It is not an admission that any of the information provided herein is prior art or relevant to the presently claimed invention, or that any publication specifically or implicitly referenced is prior art.",
            "\t[0003]\tMedical imaging, specifically X-ray imaging, plays a pivotal role in diagnosing and treating various medical conditions. Conventional X-ray systems depend on manual adjustments of exposure settings to capture images. Such manual adjustments are susceptible to human error, leading to suboptimal image quality and unnecessary radiation exposure. Suboptimal image quality can obscure critical diagnostic details, potentially resulting in misdiagnoses or delayed treatment. Unnecessary radiation exposure poses significant health risks, especially for patients requiring frequent imaging. Additionally, variations in patient size, anatomy, and medical history further complicate the process of setting optimal exposure levels, requiring radiologists to account for numerous factors manually, which may lead to inconsistencies and inaccuracies.",
            "\t[0004]\tOne well-known system in the medical imaging field involves the use of fixed exposure settings adjusted manually by the technician based on visual assessment and standard protocols. This approach, however, often fails to account accurately for individual patient differences, such as variations in body composition and specific anatomical features. Consequently, this method may result in either overexposure or underexposure of certain areas, compromising image quality and increasing radiation risks. The reliance on fixed settings necessitates repeated imaging sessions to obtain adequate diagnostic images, further exposing patients to radiation and increasing healthcare costs.",
            "\t[0005]\tAnother state-of-the-art method employs semi-automated exposure control systems, which use basic sensors to adjust exposure settings based on limited patient parameters like weight and height. While this method offers some improvement over purely manual adjustments, it still lacks the comprehensive analysis required for optimal exposure settings. The semi-automated systems do not adequately address the complex interplay of factors such as tissue density, bone structure, and medical history, leading to variations in image quality and inconsistent radiation doses. Moreover, the sensors used in these systems may not provide real-time adjustments, resulting in suboptimal image capture.",
            "\t[0006]\tAdditional techniques include the use of basic artificial intelligence (AI) systems to assist in exposure settings. These AI systems typically rely on pre-programmed algorithms that adjust settings based on a narrow set of criteria. While offering a degree of automation, such systems are limited by the initial programming and lack the capability to learn and adapt from new data continuously. The pre-programmed nature of these AI systems means they cannot accommodate the wide variability in patient characteristics and clinical scenarios effectively. This limitation restricts the potential for achieving optimal image quality and radiation safety across diverse patient populations and imaging conditions.",
            "\t[0007]\tIn light of the above discussion, there exists an urgent need for solutions that overcome the problems associated with conventional systems and/or techniques for adjusting X-ray exposure settings. Such solutions should provide a comprehensive analysis of patient-specific parameters, enable real-time adjustments, and utilize advanced technologies to ensure optimal image quality and minimize radiation exposure.",
            "\tSummary",
            "[0008]\tThe following presents a simplified summary of various aspects of this disclosure in order to provide a basic understanding of such aspects. This summary is not an extensive overview of all contemplated aspects, and is intended to neither identify key or critical elements nor delineate the scope of such aspects. Its purpose is to present some concepts of this disclosure in a simplified form as a prelude to the more detailed description that is presented later.",
            "\t[0009]\tThe following paragraphs provide additional support for the claims of the subject application.",
            "\t[00010]\tThe disclosure pertains to a system for",
            "\t[00011]\t.",
            "Brief Description of the Drawings",
            "[00012]\tThe features and advantages of the present disclosure would be more clearly understood from the following description taken in conjunction with the accompanying drawings in which:",
            "\t[00013]\tFIG. 1 illustrates a Smart X-Ray Detector system, in accordance with the embodiments of the present disclosure.",
            "\t[00014]\tFIG. 2 illustrates a process flow diagram of the Smart X-Ray Detector system, in accordance with the embodiments of the present disclosure.",
            "\t[00015]\tFIG. 3 illustrates a user interface of the Smart X-Ray Detector system, in accordance with the embodiments of the present disclosure.",
            "Detailed Description",
            "[00016]\tIn the following detailed description of the invention, reference is made to the accompanying drawings that form a part hereof, and in which is shown, by way of illustration, specific embodiments in which the invention may be practiced. In the drawings, like numerals describe substantially similar components throughout the several views. These embodiments are described in sufficient detail to claim those skilled in the art to practice the invention. Other embodiments may be utilized and structural, logical, and electrical changes may be made without departing from the scope of the present invention. The following detailed description is, therefore, not to be taken in a limiting sense, and the scope of the present invention is defined only by the appended claims and equivalents thereof.",
            "\t[00017]\tThe use of the terms \u201ca\u201d and \u201can\u201d and \u201cthe\u201d and \u201cat least one\u201d and similar referents in the context of describing the invention (especially in the context of the following claims) are to be construed to cover both the singular and the plural, unless otherwise indicated herein or clearly contradicted by context. The use of the term \u201cat least one\u201d followed by a list of one or more items (for example, \u201cat least one of A and B\u201d) is to be construed to mean one item selected from the listed items (A or B) or any combination of two or more of the listed items (A and B), unless otherwise indicated herein or clearly contradicted by context. The terms \u201ccomprising,\u201d \u201chaving,\u201d \u201cincluding,\u201d and \u201ccontaining\u201d are to be construed as open-ended terms (i.e., meaning \u201cincluding, but not limited to,\u201d) unless otherwise noted. Recitation of ranges of values herein are merely intended to serve as a shorthand method of referring individually to each separate value falling within the range, unless otherwise indicated herein, and each separate value is incorporated into the specification as if it were individually recited herein. All methods described herein can be performed in any suitable order unless otherwise indicated herein or otherwise clearly contradicted by context. The use of any and all examples, or exemplary language (e.g., \u201csuch as\u201d) provided herein, is intended merely to better illuminate the invention and does not pose a limitation on the scope of the invention unless otherwise claimed. No language in the specification should be construed as indicating any non-claimed element as essential to the practice of the invention.",
            "[00018]\tPursuant to the \"Detailed Description\" section herein, whenever an element is explicitly associated with a specific numeral for the first time, such association shall be deemed consistent and applicable throughout the entirety of the \"Detailed Description\" section, unless otherwise expressly stated or contradicted by the context.",
            "\t[00019]\tAs used herein, the term \u201cX-ray detector\u201d refers to a high-resolution device capable of capturing detailed images during an X-ray examination. Such an X-ray detector is designed to accurately detect and convert X-ray photons into electrical signals, which are then processed to produce clear and precise digital images. The X-ray detector may include various technologies such as flat-panel detectors, charge-coupled devices (CCDs), or photostimulable phosphor plates, each capable of providing high image quality and resolution. Additionally, the X-ray detector is configured to interface seamlessly with other components of the system, enabling real-time image acquisition and immediate feedback for exposure adjustments. The detector\u2019s high sensitivity and resolution facilitate accurate diagnostics by providing detailed visualization of anatomical structures, thus playing a critical role in medical imaging applications.",
            "\t[00020]\tAs used herein, the term \u201cAI processing unit\u201d refers to a dedicated artificial intelligence component operatively connected to the X-ray detector, configured to analyze patient data and adjust exposure settings. Such an AI processing unit employs advanced machine learning algorithms to interpret data from various sources, including patient size, anatomy, and medical history. The AI processing unit processes this information in real-time to determine optimal exposure parameters, ensuring high-quality imaging while minimizing radiation exposure. Additionally, the AI processing unit continuously learns from accumulated data, enhancing its capability to make accurate adjustments over time. This integration allows the AI processing unit to dynamically control the X-ray machine settings, adapting to individual patient needs and varying clinical scenarios, thereby improving diagnostic accuracy and patient safety.",
            "\t[00021]\tAs used herein, the term \u201cdata input modules\u201d refers to components configured to collect comprehensive patient-specific information including size, anatomy, and medical history. Such data input modules may include sensors for measuring physical dimensions, interfaces for accessing electronic health records, and devices for capturing anatomical details. These modules gather relevant data that the AI processing unit uses to tailor the X-ray exposure settings. By providing accurate and detailed patient information, the data input modules enable the system to optimize imaging parameters specific to each patient. This comprehensive data collection process ensures that variations in patient characteristics are accounted for, thereby enhancing the overall effectiveness and safety of the imaging procedure.",
            "\t[00022]\tAs used herein, the term \u201ccontrol module\u201d refers to a component operatively connected to the AI processing unit, configured to adjust X-ray machine settings based on AI analysis. Such a control module receives real-time instructions from the AI processing unit regarding optimal exposure settings and implements these adjustments in the X-ray machine. The control module plays a vital role in ensuring that the system responds swiftly and accurately to changes in patient data and imaging requirements. By dynamically adjusting the exposure parameters, the control module helps achieve high-quality imaging while minimizing radiation exposure. This integration allows the control module to facilitate seamless and precise control over the X-ray machine, ensuring that each imaging session is tailored to the patient's specific needs.",
            "\t[00023]\tAs used herein, the term \u201cfeedback loop\u201d refers to a continuous communication mechanism facilitating real-time monitoring and adjustment of exposure parameters. Such a feedback loop involves the exchange of data between the X-ray detector, AI processing unit, control module, and other relevant components. The feedback loop monitors image quality and exposure levels throughout the imaging process, providing continuous updates to the AI processing unit. This dynamic feedback enables the system to make immediate adjustments to maintain optimal imaging conditions. By ensuring real-time responsiveness, the feedback loop enhances the system's ability to produce high-quality images while minimizing radiation exposure, thereby improving the overall safety and effectiveness of the imaging procedure.",
            "\t[00024]\tFIG. 1 illustrates a Smart X-Ray Detector system, in accordance with the embodiments of the present disclosure. The Smart X-Ray Detector system comprises an X-ray detector that serves as the primary component for capturing high-resolution images during X-ray examinations. The X-ray detector is designed to detect X-ray photons and convert them into electrical signals, which are then processed to generate digital images. This component is essential for producing clear and detailed images necessary for accurate diagnosis. The X-ray detector's sensitivity and resolution play a critical role in ensuring that the images captured are of high quality, facilitating the visualization of various anatomical structures. The detector operates in conjunction with other system components to provide real-time feedback and adjustment capabilities, enhancing the overall effectiveness of the imaging process. By capturing detailed images efficiently, the X-ray detector contributes to reducing the need for repeated exposures, thereby minimizing patient radiation exposure.",
            "\t[00025]\tThe AI processing unit is operatively connected to the X-ray detector and is configured to analyze patient data and adjust exposure settings accordingly. This AI processing unit employs advanced machine learning techniques to interpret data collected from various sources, including patient size, anatomy, and medical history. By analyzing this information in real-time, the AI processing unit determines the optimal exposure settings needed to produce high-quality images while minimizing radiation exposure. The AI processing unit continuously learns from new data, refining its ability to make accurate adjustments. This component's integration with the X-ray detector allows for dynamic control over the imaging process, ensuring that each scan is tailored to the individual patient's characteristics. The AI processing unit's capability to process and analyze data in real-time enhances the system's adaptability and responsiveness, providing significant improvements in diagnostic accuracy and patient safety.",
            "\t[00026]\tThe data input modules are configured to collect comprehensive patient-specific information, including size, anatomy, and medical history. These modules consist of various sensors and interfaces designed to gather relevant data accurately and efficiently. Sensors measure the patient's physical dimensions and anatomical details, while interfaces access electronic health records to obtain medical history information. The data input modules provide the AI processing unit with the necessary data to tailor the X-ray exposure settings to the patient's specific needs. By incorporating a wide range of patient data, the system can account for individual variations in anatomy and medical history, optimizing the imaging parameters accordingly. The data input modules ensure that the system has a detailed understanding of each patient's characteristics, which is critical for producing high-quality images and minimizing unnecessary radiation exposure. This comprehensive data collection process enhances the system's overall performance and effectiveness.",
            "\t[00027]\tThe control module is operatively connected to the AI processing unit and is configured to adjust X-ray machine settings based on the AI analysis. This component receives real-time instructions from the AI processing unit regarding the optimal exposure settings and implements these adjustments in the X-ray machine. The control module plays a vital role in ensuring that the system responds accurately and swiftly to changes in patient data and imaging requirements. By dynamically adjusting the exposure parameters, the control module helps achieve high-quality imaging while minimizing radiation exposure. This integration allows the control module to facilitate precise control over the X-ray machine, ensuring that each imaging session is tailored to the patient's specific needs. The control module's ability to make real-time adjustments based on AI analysis enhances the system's responsiveness and adaptability, contributing significantly to improved diagnostic accuracy and patient safety.",
            "\t[00028]\tThe feedback loop facilitates continuous monitoring and adjustment of exposure parameters, ensuring that the system maintains optimal imaging conditions throughout the scanning process. This feedback loop involves the exchange of data between the X-ray detector, AI processing unit, control module, and other relevant components. The feedback loop continuously monitors image quality and exposure levels, providing real-time updates to the AI processing unit. This dynamic feedback enables the system to make immediate adjustments to maintain optimal imaging conditions. By ensuring real-time responsiveness, the feedback loop enhances the system's ability to produce high-quality images while minimizing radiation exposure. The continuous operation of the feedback loop ensures that the system can adapt to changes in patient positioning, anatomy, or other variables during the scan, maintaining consistent image quality and safety standards. This ongoing communication between system components is essential for achieving the best possible outcomes in medical imaging.",
            "\t[00029]\tIn an embodiment, the system further comprises a remote server operatively connected to said AI processing unit, wherein said remote server is configured to store and process large datasets for enhanced machine learning algorithm training. The remote server facilitates the collection and management of extensive patient data, allowing for continuous improvement of the AI processing unit's capabilities. By leveraging cloud-based infrastructure, the remote server can handle large volumes of data efficiently, ensuring that the AI processing unit has access to comprehensive datasets for analysis. This setup enables the system to learn from a broader range of cases, refining its ability to adjust exposure settings accurately. The remote server also provides a platform for running complex machine learning models that require significant computational resources, enhancing the AI processing unit's performance. This connectivity allows for the seamless integration of real-time data processing and storage, ensuring that the system remains up-to-date with the latest advancements in AI and medical imaging technology.",
            "\t[00030]\tIn an embodiment, the system further comprises a dose tracking system configured to record and monitor cumulative radiation exposure for each patient over multiple imaging sessions. The dose tracking system collects data on the amount of radiation each patient receives during every X-ray procedure, creating a comprehensive record of cumulative exposure. This information is critical for ensuring patient safety, as it allows medical personnel to monitor and manage radiation doses over time. By providing detailed exposure histories, the dose tracking system helps in making informed decisions about future imaging procedures, reducing the risk of excessive radiation. The system alerts medical staff when cumulative exposure approaches predefined safety limits, enabling proactive measures to protect patients. Integrating this system within the Smart X-Ray Detector enhances the overall safety and effectiveness of the imaging process, ensuring that patients receive the minimum necessary radiation dose for accurate diagnosis.",
            "\t[00031]\tIn an embodiment, the system further comprises an alert system configured to notify medical personnel when exposure settings deviate from predefined safety thresholds. The alert system continuously monitors the X-ray machine's exposure parameters, ensuring that they remain within safe and effective ranges. When the system detects deviations that could compromise patient safety or image quality, it immediately notifies medical personnel through visual and auditory alerts. This real-time notification enables prompt corrective actions, preventing potential overexposure or underexposure. The alert system is an essential component for maintaining rigorous safety standards, providing an additional layer of oversight to the automated adjustments made by the AI processing unit. By ensuring that exposure settings adhere to established safety protocols, the alert system enhances the reliability and safety of the Smart X-Ray Detector, contributing to better patient outcomes and consistent image quality.",
            "\t[00032]\tIn an embodiment, the system further comprises a real-time image enhancement module configured to process and enhance image quality based on AI analysis during image acquisition. The image enhancement module operates concurrently with the X-ray detector, applying advanced processing techniques to improve image clarity and detail. Utilizing AI-driven algorithms, the module identifies areas of the image that require enhancement and adjusts contrast, brightness, and noise reduction parameters in real-time. This capability ensures that the images produced are of the highest quality, facilitating accurate diagnosis and treatment planning. By integrating this enhancement process directly into the imaging workflow, the system provides immediate improvements to image quality, reducing the need for post-processing and repeated exposures. This real-time enhancement contributes to more efficient imaging sessions and better diagnostic accuracy, making the Smart X-Ray Detector a valuable tool in medical imaging.",
            "\t[00033]\tIn an embodiment, the system further comprises a patient positioning system configured to automatically adjust the patient's position to optimize image capture based on anatomical data. The patient positioning system uses sensors and AI analysis to determine the optimal positioning for each imaging session, ensuring that the target area is accurately aligned with the X-ray detector. This system reduces the need for manual adjustments by medical personnel, streamlining the imaging process and minimizing the risk of positioning errors. By ensuring precise alignment, the patient positioning system enhances image quality and reduces the likelihood of repeated exposures. The automatic adjustments also improve patient comfort by reducing the time and effort required to achieve the correct positioning. Integrating this system within the Smart X-Ray Detector optimizes the imaging workflow, ensuring consistent and high-quality results across different patients and procedures.",
            "\t[00034]\tIn an embodiment, the system further comprises a mobile application operatively connected to said AI processing unit, wherein said mobile application allows medical personnel to remotely monitor and adjust exposure settings and image quality. The mobile application provides a user-friendly interface for accessing the Smart X-Ray Detector's controls and monitoring systems. Medical personnel can view real-time data on exposure settings, image quality metrics, and patient positioning, making adjustments as needed from any location. This remote access capability enhances the flexibility and efficiency of the imaging process, allowing for timely interventions and adjustments. The mobile application also supports the integration of patient records and imaging data, providing a comprehensive view of the patient's medical history and current imaging parameters. By enabling remote control and monitoring, the mobile application enhances the accessibility and convenience of the Smart X-Ray Detector, supporting better coordination and communication among medical teams.",
            "\t[00035]\tIn an embodiment, the system further comprises a thermal management system configured to regulate the temperature of said X-ray detector and AI processing unit to ensure optimal operating conditions. The thermal management system includes sensors and cooling mechanisms designed to monitor and maintain the temperature within safe operating ranges. By preventing overheating, the system protects sensitive electronic components, ensuring consistent performance and longevity. The thermal management system dynamically adjusts cooling levels based on real-time temperature readings, providing efficient and responsive temperature control. This capability is essential for maintaining the reliability and accuracy of the Smart X-Ray Detector, particularly during extended imaging sessions or high-demand operations. By ensuring that the system operates within optimal temperature ranges, the thermal management system enhances the overall stability and performance of the Smart X-Ray Detector, contributing to better imaging outcomes and equipment durability.",
            "\t[00036]\tIn an embodiment, the system further comprises an AI-based diagnostic assistant configured to analyze captured images and provide preliminary diagnostic suggestions to medical personnel. The diagnostic assistant utilizes advanced machine learning techniques to evaluate the X-ray images, identifying patterns and anomalies that may indicate specific medical conditions. By providing preliminary diagnostic insights, the system supports medical personnel in making accurate and timely decisions. The diagnostic assistant is designed to work in conjunction with the AI processing unit, using the same data inputs to refine its analysis and improve its diagnostic accuracy over time. This integration allows the system to offer valuable diagnostic support, enhancing the overall effectiveness of the imaging process. By providing real-time diagnostic assistance, the AI-based diagnostic assistant helps medical personnel quickly identify potential issues, facilitating early intervention and improving patient outcomes.",
            "\t[00037]\tIn an embodiment, the system further comprises a cloud-based collaboration platform enabling multiple medical professionals to review and annotate X-ray images in real-time. The collaboration platform provides a secure and accessible environment for sharing and discussing imaging data, supporting collaborative diagnosis and treatment planning. Medical professionals can access the platform from various locations, viewing images and adding annotations that are immediately visible to other users. This real-time collaboration capability enhances the coordination and efficiency of medical teams, allowing for more informed and timely decision-making. The platform also supports the integration of patient records and historical imaging data, providing a comprehensive view of the patient's medical history. By enabling seamless collaboration among medical professionals, the cloud-based platform enhances the quality and speed of patient care, making the Smart X-Ray Detector a powerful tool for modern medical imaging.",
            "\t[00038]\tThe Smart X-Ray Detector system comprises an X-ray detector, an AI processing unit operatively connected to said X-ray detector, data input modules configured to collect patient size, anatomy, and medical history information, a control module operatively connected to said AI processing unit, and a feedback loop facilitating continuous monitoring and adjustment of exposure parameters. The integration of these components significantly enhances the imaging process by allowing for real-time adjustments based on patient-specific data. The AI processing unit analyzes patient information and dynamically adjusts exposure settings, ensuring optimal image quality while minimizing radiation exposure. The feedback loop ensures continuous monitoring, enabling immediate adjustments to maintain consistent image quality and safety throughout the imaging session.",
            "\t[00039]\tThe system further comprises a remote server operatively connected to said AI processing unit, wherein said remote server is configured to store and process large datasets for enhanced machine learning algorithm training. This allows the AI processing unit to continuously improve its performance by learning from a vast amount of historical data. The remote server's capability to handle extensive datasets enables more accurate and refined AI analysis, leading to better exposure adjustments and enhanced diagnostic accuracy. This continuous learning process ensures that the system remains up-to-date with the latest advancements in AI and medical imaging technology.",
            "\t[00040]\tThe system further comprises a dose tracking system configured to record and monitor cumulative radiation exposure for each patient over multiple imaging sessions. This component is essential for maintaining patient safety by providing detailed records of radiation doses received over time. Medical personnel can monitor cumulative exposure and make informed decisions about future imaging needs, reducing the risk of radiation-related complications. The dose tracking system ensures that patients receive the minimum necessary radiation dose for effective diagnosis, contributing to long-term health and safety.",
            "\t[00041]\tThe system further comprises an alert system configured to notify medical personnel when exposure settings deviate from predefined safety thresholds. This alert system acts as a safeguard, continuously monitoring exposure settings and ensuring they remain within safe limits. When deviations are detected, immediate notifications are sent to medical personnel, allowing for prompt corrective action. This feature enhances the overall safety of the imaging process by preventing overexposure and underexposure, ensuring that all imaging sessions adhere to established safety standards.",
            "\t[00042]\tThe system further comprises a real-time image enhancement module configured to process and enhance image quality based on AI analysis during image acquisition. This module applies advanced processing techniques to improve image clarity and detail in real-time, reducing the need for post-processing and repeated exposures. The enhanced image quality facilitates more accurate diagnoses and efficient treatment planning, improving patient outcomes. By integrating real-time image enhancement, the system ensures that high-quality images are produced during each session, contributing to better diagnostic accuracy and patient care.",
            "\t[00043]\tThe system further comprises a patient positioning system configured to automatically adjust the patient's position to optimize image capture based on anatomical data. This system enhances the imaging process by ensuring precise alignment of the patient with the X-ray detector, reducing positioning errors and the need for manual adjustments. Accurate positioning improves image quality and minimizes the likelihood of repeated exposures, enhancing both patient comfort and safety. The automated adjustments provided by the patient positioning system streamline the imaging workflow, ensuring consistent and high-quality results across different patients and procedures.",
            "\t[00044]\tThe system further comprises a mobile application operatively connected to said AI processing unit, wherein said mobile application allows medical personnel to remotely monitor and adjust exposure settings and image quality. This application provides flexibility and convenience by enabling remote access to the system\u2019s controls and monitoring capabilities. Medical personnel can make real-time adjustments and monitor imaging parameters from any location, improving efficiency and coordination. The mobile application supports better communication and decision-making among medical teams, enhancing the overall effectiveness of the imaging process.",
            "\t[00045]\tThe system further comprises a thermal management system configured to regulate the temperature of said X-ray detector and AI processing unit to ensure optimal operating conditions. By maintaining safe operating temperatures, the thermal management system protects sensitive components from overheating, ensuring consistent performance and longevity. This feature is particularly important during extended imaging sessions or high-demand operations, where maintaining optimal temperatures is critical for reliable system function. The thermal management system enhances the overall stability and durability of the Smart X-Ray Detector, contributing to better imaging outcomes and equipment longevity.",
            "\t[00046]\tThe system further comprises an AI-based diagnostic assistant configured to analyze captured images and provide preliminary diagnostic suggestions to medical personnel. This assistant utilizes advanced AI techniques to evaluate X-ray images, identifying patterns and anomalies indicative of specific medical conditions. By offering preliminary diagnostic insights, the system supports medical personnel in making accurate and timely decisions, enhancing diagnostic efficiency and patient outcomes. The integration of an AI-based diagnostic assistant adds significant value to the imaging process, providing real-time diagnostic support that facilitates early intervention and effective treatment planning.",
            "\t[00047]\tThe system further comprises a cloud-based collaboration platform enabling multiple medical professionals to review and annotate X-ray images in real-time. This platform enhances collaborative diagnosis and treatment planning by providing a secure and accessible environment for sharing imaging data. Medical professionals can view images, add annotations, and discuss findings in real-time, improving coordination and decision-making. The collaboration platform supports seamless integration of patient records and historical data, offering a comprehensive view of the patient\u2019s medical history. By enabling real-time collaboration, the platform enhances the quality and speed of patient care, making the Smart X-Ray Detector a powerful tool for modern medical imaging.",
            "\t[00048]\tFIG. 2 illustrates a process flow diagram of the Smart X-Ray Detector system, in accordance with the embodiments of the present disclosure. The process begins with data collection, where patient-specific information, including size, anatomy, and medical history, is gathered through various input modules. This collected data is then fed into the AI analysis phase, where the AI processing unit evaluates the information to determine optimal exposure settings. Based on this analysis, the exposure adjustment step occurs, where the control module adjusts the X-ray machine settings in real-time to ensure appropriate radiation levels are used for each patient. The system continuously monitors the imaging process, utilizing feedback from the X-ray detector to assess image quality and exposure parameters. This continuous monitoring is crucial for maintaining high image quality and ensuring patient safety. Any deviations or adjustments needed are identified and corrected through the feedback loop, which facilitates real-time communication between the AI processing unit, control module, and other system components. This feedback loop allows the system to dynamically respond to changes, optimizing the imaging process throughout the entire procedure. By integrating these steps, the Smart X-Ray Detector system enhances diagnostic accuracy and reduces unnecessary radiation exposure, thereby improving overall patient outcomes.",
            "\t[00049]\tFIG. 3 illustrates a user interface of the Smart X-Ray Detector system, in accordance with the embodiments of the present disclosure. The interface features a touchscreen display designed for intuitive and efficient interaction by medical personnel. Key functionalities include \"Display Image,\" which allows users to view the X-ray images captured during the scan. \"Exposure Settings\" provides access to the controls for adjusting the X-ray machine's exposure parameters, ensuring optimal settings for each patient. \"Patient Info\" enables the retrieval and display of patient-specific data, including size, anatomy, and medical history, which are critical for tailoring the imaging process. The \"Manual Override\" button permits users to manually adjust settings when necessary, offering flexibility and control in various clinical scenarios. \"Settings\" allows for the configuration of system preferences and operational parameters, enhancing the adaptability of the system to different medical environments. The \"Help\" button provides access to support resources and guidance, assisting users in troubleshooting and optimizing the system's functionality. This user interface is designed to streamline the workflow, improve accuracy, and enhance the overall efficiency of the imaging process, contributing to better patient outcomes and more effective diagnostic procedures.",
            "\t[00050]\tExample embodiments herein have been described above with reference to block diagrams and flowchart illustrations of methods and apparatuses. It will be understood that each block of the block diagrams and flowchart illustrations, and combinations of blocks in the block diagrams and flowchart illustrations, respectively, can be implemented by various means including hardware, software, firmware, and a combination thereof. For example, in one embodiment, each block of the block diagrams and flowchart illustrations, and combinations of blocks in the block diagrams and flowchart illustrations can be implemented by computer program instructions. These computer program instructions may be loaded onto a general purpose computer, special purpose computer, or other programmable data processing apparatus to produce a machine, such that the instructions which execute on the computer or other programmable data processing apparatus create means for implementing the functions specified in the flowchart block or blocks.",
            "\t[00051]\tThroughout the present disclosure, the term \u2018processing means\u2019 or \u2018microprocessor\u2019 or \u2018processor\u2019 or \u2018processors\u2019 includes, but is not limited to, a general purpose processor (such as, for example, a complex instruction set computing (CISC) microprocessor, a reduced instruction set computing (RISC) microprocessor, a very long instruction word (VLIW) microprocessor, a microprocessor implementing other types of instruction sets, or a microprocessor implementing a combination of types of instruction sets) or a specialized processor (such as, for example, an application specific integrated circuit (ASIC), a field programmable gate array (FPGA), a digital signal processor (DSP), or a network processor).",
            "\t[00052]\tThe term \u201cnon-transitory storage device\u201d or \u201cstorage\u201d or \u201cmemory,\u201d as used herein relates to a random access memory, read only memory and variants thereof, in which a computer can store data or software for any duration.",
            "\t[00053]\tOperations in accordance with a variety of aspects of the disclosure is described above would not have to be performed in the precise order described. Rather, various steps can be handled in reverse order or simultaneously or not at all.",
            "\t[00054]\tWhile several implementations have been described and illustrated herein, a variety of other means and/or structures for performing the function and/or obtaining the results and/or one or more of the advantages described herein may be utilized, and each of such variations and/or modifications is deemed to be within the scope of the implementations described herein. More generally, all parameters, dimensions, materials, and configurations described herein are meant to be exemplary and that the actual parameters, dimensions, materials, and/or configurations will depend upon the specific application or applications for which the teachings is/are used. Those skilled in the art will recognize, or be able to ascertain using no more than routine experimentation, many equivalents to the specific implementations described herein. It is, therefore, to be understood that the foregoing implementations are presented by way of example only and that, within the scope of the appended claims and equivalents thereto, implementations may be practiced otherwise than as specifically described and claimed. Implementations of the present disclosure are directed to each individual feature, system, article, material, kit, and/or method described herein. In addition, any combination of two or more such features, systems, articles, materials, kits, and/or methods, if such features, systems, articles, materials, kits, and/or methods are not mutually inconsistent, is included within the scope of the present disclosure.",
            "\tClaims",
            "\tI/We Claim:",
            "\t1.\tA Smart X-Ray Detector system comprising: an X-ray detector; an AI processing unit operatively connected to said X-ray detector, wherein said AI processing unit is configured to analyze patient data and adjust exposure settings; data input modules configured to collect patient size, anatomy, and medical history information; a control module operatively connected to said AI processing unit, wherein said control module is configured to adjust X-ray machine settings based on AI analysis; a feedback loop facilitating continuous monitoring and adjustment of exposure parameters.",
            "\t2.\tThe system of claim 1, further comprising a remote server operatively connected to said AI processing unit, wherein said remote server is configured to store and process large datasets for enhanced machine learning algorithm training.",
            "\t3.\tThe system of claim 1, further comprising a dose tracking system configured to record and monitor cumulative radiation exposure for each patient over multiple imaging sessions.",
            "\t4.\tThe system of claim 1, further comprising an alert system configured to notify medical personnel when exposure settings deviate from predefined safety thresholds.",
            "\t5.\tThe system of claim 1, further comprising a real-time image enhancement module configured to process and enhance image quality based on AI analysis during image acquisition.",
            "\t6.\tThe system of claim 1, further comprising a patient positioning system configured to automatically adjust the patient's position to optimize image capture based on anatomical data.",
            "\t7.\tThe system of claim 1, further comprising a mobile application operatively connected to said AI processing unit, wherein said mobile application allows medical personnel to remotely monitor and adjust exposure settings and image quality.",
            "\t8.\tThe system of claim 1, further comprising a thermal management system configured to regulate the temperature of said X-ray detector and AI processing unit to ensure optimal operating conditions.",
            "\t9.\tThe system of claim 1, further comprising an AI-based diagnostic assistant configured to analyze captured images and provide preliminary diagnostic suggestions to medical personnel.",
            "\t10.\tThe system of claim 1, further comprising a cloud-based collaboration platform enabling multiple medical professionals to review and annotate X-ray images in real-time.",
            "\tAI-POWERED X-RAY DETECTOR SYSTEM",
            "\tAbstract",
            "\tDisclosed is a Smart X-Ray Detector system comprising an X-ray detector; an AI processing unit operatively connected to said X-ray detector, wherein said AI processing unit is configured to analyze patient data and adjust exposure settings; data input modules configured to collect patient size, anatomy, and medical history information; a control module operatively connected to said AI processing unit, wherein said control module is configured to adjust X-ray machine settings based on AI analysis; a feedback loop facilitating continuous monitoring and adjustment of exposure parameters.",
            "\tFig. 1",
            "\t, Claims:Claims",
            "\tI/We Claim:",
            "\t1.\tA Smart X-Ray Detector system comprising: an X-ray detector; an AI processing unit operatively connected to said X-ray detector, wherein said AI processing unit is configured to analyze patient data and adjust exposure settings; data input modules configured to collect patient size, anatomy, and medical history information; a control module operatively connected to said AI processing unit, wherein said control module is configured to adjust X-ray machine settings based on AI analysis; a feedback loop facilitating continuous monitoring and adjustment of exposure parameters.",
            "\t2.\tThe system of claim 1, further comprising a remote server operatively connected to said AI processing unit, wherein said remote server is configured to store and process large datasets for enhanced machine learning algorithm training.",
            "\t3.\tThe system of claim 1, further comprising a dose tracking system configured to record and monitor cumulative radiation exposure for each patient over multiple imaging sessions.",
            "\t4.\tThe system of claim 1, further comprising an alert system configured to notify medical personnel when exposure settings deviate from predefined safety thresholds.",
            "\t5.\tThe system of claim 1, further comprising a real-time image enhancement module configured to process and enhance image quality based on AI analysis during image acquisition.",
            "\t6.\tThe system of claim 1, further comprising a patient positioning system configured to automatically adjust the patient's position to optimize image capture based on anatomical data.",
            "\t7.\tThe system of claim 1, further comprising a mobile application operatively connected to said AI processing unit, wherein said mobile application allows medical personnel to remotely monitor and adjust exposure settings and image quality.",
            "\t8.\tThe system of claim 1, further comprising a thermal management system configured to regulate the temperature of said X-ray detector and AI processing unit to ensure optimal operating conditions.",
            "\t9.\tThe system of claim 1, further comprising an AI-based diagnostic assistant configured to analyze captured images and provide preliminary diagnostic suggestions to medical personnel.",
            "\t10.\tThe system of claim 1, further comprising a cloud-based collaboration platform enabling multiple medical professionals to review and annotate X-ray images in real-time."
        ],
        "Inventors": [
            {
                "Name": "MR. DHEERAJ KUMAR",
                "Address": "SCHOOL OF HEALTH SCIENCES, CHHATRAPATI SHAHU JI MAHARAJ UNIVERSITY, KALYANPUR, KANPUR, KANPUR NAGAR, UTTAR PRADESH, 208024",
                "Country": "India",
                "Nationality": "India"
            },
            {
                "Name": "DR ADARSH KUMAR SRIVASTAV (PT)",
                "Address": "SCHOOL OF HEALTH SCIENCE, CHHATRAPATI SHAHU JI MAHARAJ UNIVERSITY, KALYANPUR, KANPUR, KANPUR NAGAR, UTTAR PRADESH, 208024",
                "Country": "India",
                "Nationality": "India"
            },
            {
                "Name": "DR UMESH KUMAR MAURYA (PT)",
                "Address": "SCHOOL OF HEALTH SCIENCES, CHHATRAPATI SHAHU JI MAHARAJ UNIVERSITY, KALYANPUR, KANPUR, KANPUR NAGAR, UTTAR PRADESH, 208024",
                "Country": "India",
                "Nationality": "India"
            },
            {
                "Name": "DR. DIGVIJAY SHARMA",
                "Address": "SCHOOL OF HEALTH SCIENCES, CHHATRAPATI SHAHU JI MAHARAJ UNIVERSITY, KALYANPUR, KANPUR, KANPUR NAGAR, UTTAR PRADESH, 208024",
                "Country": "India",
                "Nationality": "India"
            }
        ],
        "Applicants": [
            {
                "Name": "CHHATRAPATI SHAHU JI MAHARAJ UNIVERSITY",
                "Address": "KALYANPUR, KANPUR, KANPUR NAGAR, UTTAR PRADESH, 208024",
                "Country": "India",
                "Nationality": "India"
            }
        ]
    }
}