{
    "202411066457": {
        "Invention Title": "STUDY OF ELECTROMAGNETIC PROPERTIES OF GRAPHENE BASED POLY (A-METHYL STYRENE) AND POLYANILINE INTERPENETRATING POLYMER NETWORK",
        "Publication Number": "38/2024",
        "Publication Date": "20/09/2024",
        "Publication Type": "INA",
        "Application Number": "202411066457",
        "Application Filing Date": "03/09/2024",
        "Priority Number": "",
        "Priority Country": "",
        "Priority Date": "",
        "Field Of Invention": "POLYMER TECHNOLOGY",
        "Classification (IPC)": "C08G0073020000, B01J0020260000, B01D0069020000, A61P0025000000, C08J0009280000",
        "Abstract": "Abstract\r\nThe present disclosure provides a method for synthesizing an interpenetrating polymer network (IPN) comprising: a. refluxing a suspension of a-methyl styrene (AMS) and graphene in dimethylformamide (DMF) solvent in the presence of benzoyl peroxide (BPO) at approximately 70\u00b0C for 2.0 hours to obtain a graphene-based Poly (a-methyl styrene) (PAMS); b. precipitating said graphene-based PAMS in methanol and drying to obtain a constant weight; c. synthesizing polyaniline (PANI) by polymerizing aniline monomer in an acidic medium containing an oxidizing agent at 0\u00b0C; d. polymerizing said graphene-based PAMS and said PANI in DMF in the presence of divinyl benzene (DVB) and BPO under an inert atmosphere of nitrogen at approximately 80\u00b0C for 2.5 hours to form said IPN; e. vacuum drying said IPN to obtain a constant weight.\r\n\r\nFig. 1",
        "Description": [
            "Description:STUDY OF ELECTROMAGNETIC PROPERTIES OF GRAPHENE BASED POLY (A-METHYL STYRENE) AND POLYANILINE INTERPENETRATING POLYMER NETWORK",
            "Field of the Invention",
            "\t[0001]\tThe present disclosure generally relates to polymer networks. Further, the present disclosure particularly relates to a method for synthesizing an interpenetrating polymer network (IPN).",
            "\tBackground",
            "[0002]\tThe background description includes information that may be useful in understanding the present invention. It is not an admission that any of the information provided herein is prior art or relevant to the presently claimed invention, or that any publication specifically or implicitly referenced is prior art.",
            "\t[0003]\tPolymer networks, particularly interpenetrating polymer networks (IPNs), represent a significant area of research within the field of material science. IPNs are composed of two or more polymers in a network form, where at least one polymer is synthesized or crosslinked in the presence of the other. Such networks provide unique mechanical and thermal properties due to the combination of different polymers.",
            "\t[0004]\tA commonly used method for creating polymer networks involves the polymerization of monomers in a suitable solvent. For example, a-methyl styrene (AMS) is polymerized with various crosslinkers to create networks with specific properties. The addition of graphene to the polymer matrix can further enhance the material properties, offering improved mechanical strength and electrical conductivity.",
            "\t[0005]\tA well-known technique in the synthesis of graphene-based polymers involves the use of benzoyl peroxide (BPO) as an initiator in the presence of a solvent like dimethylformamide (DMF). Refluxing the mixture at elevated temperatures facilitates the formation of the polymer matrix. The resulting graphene-based poly(a-methyl styrene) (PAMS) can then be precipitated and dried to achieve a constant weight.",
            "\t[0006]\tPolyaniline (PANI) is another polymer that has garnered attention due to its conductive properties. Synthesizing PANI in an acidic medium containing an oxidizing agent at low temperatures allows for the creation of conductive polymer networks. When combined with other polymers, PANI can contribute to the formation of interpenetrating polymer networks with enhanced electrical properties.",
            "\t[0007]\tAnother approach to IPN synthesis involves the in situ polymerization of the polymers in the presence of a crosslinking agent. For instance, the polymerization of graphene-based PAMS and PANI in the presence of divinyl benzene (DVB) and BPO in DMF under an inert nitrogen atmosphere at elevated temperatures results in the formation of IPNs. The final product is vacuum dried to ensure the removal of any residual solvents and to achieve a constant weight.",
            "\t[0008]\tDespite the advancements in polymer network synthesis, various challenges persist. One issue involves the uniform dispersion of graphene within the polymer matrix, which is critical for achieving the desired material properties. Moreover, the thermal and mechanical stability of the synthesized IPNs often varies depending on the polymerization conditions and the types of polymers used.",
            "\t[0009]\tFurther issues arise during the characterization of IPNs. Techniques such as infrared (IR) spectroscopy, differential scanning calorimetry (DSC), and thermogravimetric analysis (TGA) are employed to analyze the chemical, thermal, and mechanical properties of the polymers. Accurate measurement of the complex permittivity and permeability of the IPNs is essential to determine their suitability for specific applications.",
            "\t[00010]\tIn light of the above discussion, there exists an urgent need for solutions that overcome the problems associated with conventional systems and/or techniques for synthesizing interpenetrating polymer networks (IPNs).",
            "\tSummary",
            "[00011]\tThe following presents a simplified summary of various aspects of this disclosure in order to provide a basic understanding of such aspects. This summary is not an extensive overview of all contemplated aspects, and is intended to neither identify key or critical elements nor delineate the scope of such aspects. Its purpose is to present some concepts of this disclosure in a simplified form as a prelude to the more detailed description that is presented later.",
            "\t[00012]\tThe following paragraphs provide additional support for the claims of the subject application.",
            "\t[00013]\tIn an aspect, the present disclosure provides a method for synthesizing an interpenetrating polymer network (IPN) comprising: refluxing a suspension of a-methyl styrene (AMS) and graphene in dimethylformamide (DMF) solvent in the presence of benzoyl peroxide (BPO) at approximately 70\u00b0C for 2.0 hours to obtain a graphene-based Poly (a-methyl styrene) (PAMS); precipitating said graphene-based PAMS in methanol and drying to obtain a constant weight; synthesizing polyaniline (PANI) by polymerizing aniline monomer in an acidic medium containing an oxidizing agent at 0\u00b0C; polymerizing said graphene-based PAMS and said PANI in DMF in the presence of divinyl benzene (DVB) and BPO under an inert atmosphere of nitrogen at approximately 80\u00b0C for 2.5 hours to form said IPN; vacuum drying said IPN to obtain a constant weight. This method enables the formation of a stable interpenetrating polymer network with enhanced mechanical and thermal properties. Furthermore, the method allows for the uniform dispersion of graphene within the polymer matrix, providing improved electrical conductivity and stability.",
            "\t[00014]\tThe method further comprises refluxing said AMS and said graphene in the presence of said BPO in an amount ranging from 2.0 x 10^-2 to 8.2 x 10^-2 mol/100 ml. This variation enhances the control over the polymerization process, resulting in a more consistent polymer structure.",
            "\t[00015]\tThe method further comprises synthesizing said polyaniline (PANI) using aniline monomer in a molar concentration ranging from 6 x 10^-3 to 2.2 x 10^-2 mol/100 ml. This concentration range allows for optimal polymerization conditions, contributing to the overall conductivity and mechanical strength of the IPN.",
            "\t[00016]\tThe method further comprises polymerizing said graphene-based PAMS and said PANI with systematic variations of the concentration of said DVB, ranging from 7.0 to 28.0 mol/100 ml. Such systematic variations enable fine-tuning of the crosslinking density, impacting the mechanical and thermal properties of the resulting IPN.",
            "\t[00017]\tThe method further comprises vacuum drying said IPN under a vacuum at room temperature for at least one day. This drying process ensures the removal of residual solvents, resulting in a stable and consistent polymer network.",
            "\t[00018]\tThe method further comprises characterizing said IPN using infrared (IR) spectroscopic techniques to identify the presence of functional groups. The IR spectroscopic characterization provides insight into the chemical structure and confirms the successful synthesis of the IPN.",
            "\t[00019]\tThe method further comprises performing differential scanning calorimetry (DSC) on said IPN samples by casting said samples into aluminum pans from a 5% solution in chloroform. The DSC analysis provides information on the thermal properties, such as the glass transition temperature and melting behavior, of the IPN.",
            "\t[00020]\tThe method further comprises performing thermogravimetric analysis (TGA) of said IPN samples using a Perkin Elmer Pyris 1 TGA in a slow stream of air. The TGA analysis determines the thermal stability and decomposition characteristics of the IPN, providing valuable data on its durability under various conditions.",
            "\t[00021]\tThe method further comprises measuring the permeability and permittivity of said IPN using an Agilent Vector Network Analyzer (VNA) in the X band (8.2-12.4 GHz) frequency region. The measurements of permeability and permittivity are crucial for applications involving electromagnetic interference shielding and other electronic properties.",
            "\t[00022]\tThe method further comprises analyzing the morphology of said IPN using field emission scanning electron microscopy (FE-SEM) to observe the microstructure of the synthesized IPN. The FE-SEM analysis reveals the dispersion of graphene and the overall morphology, which are essential for understanding the mechanical and conductive properties of the IPN.",
            "Brief Description of the Drawings",
            "[00023]\tThe features and advantages of the present disclosure would be more clearly understood from the following description taken in conjunction with the accompanying drawings in which:",
            "\t[00024]\tFIG. 1 illustrates a method for synthesizing an interpenetrating polymer network (IPN), in accordance with the embodiments of the present disclosure.",
            "\t[00025]\tFIG. 2 illustrates a tabular representation of percentage swelling of IPN in different solvents and extractable material (%), in accordance with the embodiments of the present disclosure.",
            "\t[00026]\tFIG. 3 illustrates a tabular representation of the effect of variation in the concentration of Benzoyl Peroxide (BPO) on the properties of interpenetrating polymer networks (IPNs), in accordance with the embodiments of the present disclosure.",
            "\t[00027]\tFIG. 4 illustrates a tabular representation of the effect of varying concentrations of Fullerene-PAN on the properties of interpenetrating polymer networks (IPNs), in accordance with the embodiments of the present disclosure.",
            "\t[00028]\tFIG. 5 illustrates a tabular representation of the effect of varying concentrations of Polyaniline (PANI) on the properties of interpenetrating polymer networks (IPNs), in accordance with the embodiments of the present disclosure.",
            "\t[00029]\tFIG. 6 illustrates a tabular representation of the effect of varying concentrations of Divinylbenzene (DVB) on the properties of interpenetrating polymer networks (IPNs), in accordance with the embodiments of the present disclosure.",
            "\t[00030]\tFIG. 7 illustrates an FTIR (Fourier-transform infrared spectroscopy) graph of an interpenetrating polymer network (IPN), in accordance with the embodiments of the present disclosure.",
            "\t[00031]\tFIG. 8 illustrates various analytical characterizations of interpenetrating polymer networks (IPNs) in accordance with the embodiments of the present disclosure.",
            "\t[00032]\tFIG. 9 illustrates the frequency spectra of the interpenetrating polymer network (IPN) in the range of 8.0-12.4 GHz, focusing on the (a) real part of permittivity (e'), (b) imaginary part of permittivity (e\"), and (c) tangent loss (tan d), in accordance with the embodiments of the present disclosure.",
            "\t[00033]\tFIG. 10 illustrates the frequency spectra of the interpenetrating polymer network (IPN) in the range of 8.0-12.4 GHz, focusing on (a) the real part of permeability (\u00b5'), (b) the imaginary part of permeability (\u00b5\"), and (c) the tangent loss (tan d\u00b5), in accordance with the embodiments of the present disclosure.",
            "\t[00034]\tFIG. 11 illustrates the frequency spectra of interpenetrating polymer networks (IPNs) in the range of 8.0-12.4 GHz, focusing on (a) transmission loss and (b) conductivity, in accordance with the embodiments of the present disclosure.",
            "Detailed Description",
            "[00035]\tIn the following detailed description of the invention, reference is made to the accompanying drawings that form a part hereof, and in which is shown, by way of illustration, specific embodiments in which the invention may be practiced. In the drawings, like numerals describe substantially similar components throughout the several views. These embodiments are described in sufficient detail to claim those skilled in the art to practice the invention. Other embodiments may be utilized and structural, logical, and electrical changes may be made without departing from the scope of the present invention. The following detailed description is, therefore, not to be taken in a limiting sense, and the scope of the present invention is defined only by the appended claims and equivalents thereof.",
            "\t[00036]\tThe use of the terms \u201ca\u201d and \u201can\u201d and \u201cthe\u201d and \u201cat least one\u201d and similar referents in the context of describing the invention (especially in the context of the following claims) are to be construed to cover both the singular and the plural, unless otherwise indicated herein or clearly contradicted by context. The use of the term \u201cat least one\u201d followed by a list of one or more items (for example, \u201cat least one of A and B\u201d) is to be construed to mean one item selected from the listed items (A or B) or any combination of two or more of the listed items (A and B), unless otherwise indicated herein or clearly contradicted by context. The terms \u201ccomprising,\u201d \u201chaving,\u201d \u201cincluding,\u201d and \u201ccontaining\u201d are to be construed as open-ended terms (i.e., meaning \u201cincluding, but not limited to,\u201d) unless otherwise noted. Recitation of ranges of values herein are merely intended to serve as a shorthand method of referring individually to each separate value falling within the range, unless otherwise indicated herein, and each separate value is incorporated into the specification as if it were individually recited herein. All methods described herein can be performed in any suitable order unless otherwise indicated herein or otherwise clearly contradicted by context. The use of any and all examples, or exemplary language (e.g., \u201csuch as\u201d) provided herein, is intended merely to better illuminate the invention and does not pose a limitation on the scope of the invention unless otherwise claimed. No language in the specification should be construed as indicating any non-claimed element as essential to the practice of the invention.",
            "[00037]\tPursuant to the \"Detailed Description\" section herein, whenever an element is explicitly associated with a specific numeral for the first time, such association shall be deemed consistent and applicable throughout the entirety of the \"Detailed Description\" section, unless otherwise expressly stated or contradicted by the context.",
            "\t[00038]\tThe term \"interpenetrating polymer network (IPN)\" as used throughout the present disclosure relates to a polymer comprising two or more networks that are physically interlocked but not covalently bonded to each other. Such networks provide enhanced mechanical, thermal, and electrical properties due to the synergistic combination of different polymer components. The interlocking nature of the networks allows for unique structural characteristics, making IPNs suitable for various advanced material applications.",
            "\t[00039]\tThe term \"a-methyl styrene (AMS)\" as used throughout the present disclosure relates to a monomer used in the polymerization process to form poly(a-methyl styrene) (PAMS). AMS is an essential component in creating a robust polymer matrix. The polymerization of AMS in the presence of graphene leads to the formation of a graphene-based PAMS, which serves as the foundational structure of the IPN, offering mechanical strength and stability.",
            "\t[00040]\tThe term \"graphene\" as used throughout the present disclosure relates to a form of carbon used as a reinforcement material in polymer matrices to enhance mechanical and electrical properties. Graphene's exceptional conductivity and mechanical strength make it an ideal additive in polymer composites. When dispersed within the polymer matrix, graphene significantly improves the overall properties of the resulting interpenetrating polymer network, contributing to enhanced durability and performance.",
            "\t[00041]\tThe term \"dimethylformamide (DMF)\" as used throughout the present disclosure relates to an organic solvent used to dissolve the reactants and facilitate the polymerization process. DMF is particularly effective in creating a homogeneous solution, ensuring uniform dispersion of graphene and other components. The solvent's high boiling point allows for controlled refluxing conditions, essential for the successful synthesis of the graphene-based poly(a-methyl styrene) (PAMS).",
            "\t[00042]\tFIG. 1 illustrates a method for synthesizing an interpenetrating polymer network (IPN), in accordance with the embodiments of the present disclosure. The method comprises refluxing a suspension of AMS and graphene in DMF solvent in the presence of BPO at approximately 70\u00b0C for 2.0 hours to obtain a graphene-based PAMS. The refluxing process ensures thorough mixing and reaction of the components, leading to the formation of a stable polymer matrix. The presence of benzoyl peroxide (BPO) as an initiator facilitates the polymerization process, resulting in the desired graphene-based PAMS.",
            "\t[00043]\tThe method further comprises precipitating said graphene-based PAMS in methanol and drying to obtain a constant weight. This step removes any unreacted monomers and solvents, ensuring the purity and stability of the polymer. The drying process is crucial for achieving a consistent weight, which is essential for subsequent processing and characterization. The resulting graphene-based PAMS serves as a key component in the interpenetrating polymer network.",
            "\t[00044]\tThe method also comprises synthesizing polyaniline (PANI) by polymerizing aniline monomer in an acidic medium containing an oxidizing agent at 0\u00b0C. The low-temperature conditions are necessary to control the polymerization rate and obtain a high-quality PANI. The acidic medium and oxidizing agent facilitate the formation of the polyaniline network, which contributes to the electrical conductivity and mechanical properties of the IPN.",
            "\t[00045]\tThe method further comprises polymerizing said graphene-based PAMS and said PANI in DMF in the presence of DVB and BPO under an inert atmosphere of nitrogen at approximately 80\u00b0C for 2.5 hours to form said IPN. The inert atmosphere prevents unwanted reactions, ensuring the integrity of the polymerization process. The presence of divinyl benzene (DVB) as a crosslinker enhances the network structure, leading to a more robust and stable IPN.",
            "\t[00046]\tThe method includes vacuum drying said IPN to obtain a constant weight. This final drying step removes residual solvents and any volatile byproducts, ensuring the stability and consistency of the synthesized IPN. Vacuum drying is performed at room temperature for at least one day, providing ample time for the complete removal of all residual substances. The resulting IPN exhibits enhanced mechanical, thermal, and electrical properties.",
            "\t[00047]\tIn an embodiment, the method comprises refluxing a suspension of a-methyl styrene (AMS) and graphene in dimethylformamide (DMF) solvent in the presence of benzoyl peroxide (BPO) in an amount ranging from 2.0 x 10^-2 to 8.2 x 10^-2 mol/100 ml. The amount of BPO within this range facilitates controlled polymerization, ensuring consistent and efficient formation of the graphene-based poly(a-methyl styrene) (PAMS). The polymerization process benefits from the specific range of BPO, as it balances the rate of initiation and the growth of polymer chains, leading to a uniform and well-structured polymer matrix. The precise control over the amount of BPO also influences the molecular weight and crosslinking density of the resulting polymer, which in turn impacts the mechanical and thermal properties of the interpenetrating polymer network (IPN). The reaction conditions, including the refluxing temperature of approximately 70\u00b0C and the duration of 2.0 hours, are optimized to complement the chosen range of BPO, ensuring the complete dissolution of AMS and graphene in DMF and the thorough initiation of the polymerization process.",
            "\t[00048]\tIn an embodiment, the method includes synthesizing polyaniline (PANI) by polymerizing aniline monomer in an acidic medium containing an oxidizing agent at 0\u00b0C, with the aniline monomer in a molar concentration ranging from 6 x 10^-3 to 2.2 x 10^-2 mol/100 ml. The specified concentration range of aniline monomer is crucial for achieving optimal polymerization conditions, resulting in a high-quality polyaniline network. The acidic medium and the oxidizing agent facilitate the polymerization process, ensuring the formation of conductive polyaniline with desired properties. The low temperature of 0\u00b0C is maintained to control the polymerization rate, preventing excessive reaction speed that could lead to unwanted byproducts or incomplete polymer formation. The concentration range of aniline monomer directly affects the molecular weight and the degree of polymerization, which are key factors in determining the electrical conductivity and mechanical strength of the resulting IPN. The method thus provides a controlled environment for the synthesis of polyaniline, which is essential for the subsequent formation of the interpenetrating polymer network.",
            "\t[00049]\tIn an embodiment, the method involves polymerizing the graphene-based PAMS and PANI in DMF with systematic variations of the concentration of divinyl benzene (DVB), ranging from 7.0 to 28.0 mol/100 ml. The DVB concentration is varied systematically to study its effect on the crosslinking density and the overall properties of the IPN. Higher concentrations of DVB result in increased crosslinking, which enhances the mechanical strength and thermal stability of the polymer network. Conversely, lower concentrations of DVB provide more flexibility to the network, which might be desirable for specific applications requiring less rigid materials. The systematic variation allows for the fine-tuning of the IPN properties, providing a range of materials with tailored characteristics suitable for different applications. The use of DMF as a solvent ensures the complete dissolution of the reactants, while the inert atmosphere of nitrogen at approximately 80\u00b0C for 2.5 hours facilitates the polymerization process, preventing unwanted side reactions and ensuring the integrity of the IPN.",
            "\t[00050]\tIn an embodiment, the method further comprises vacuum drying the synthesized IPN at room temperature for at least one day. This vacuum drying step is essential to remove any residual solvents and volatile byproducts, ensuring the stability and purity of the final product. The extended drying period at room temperature allows for the gradual and thorough evaporation of any remaining moisture, preventing the formation of defects or irregularities in the polymer network. The constant weight achieved after drying indicates the complete removal of solvents, which is crucial for the reliable characterization and application of the IPN. The vacuum environment enhances the drying process by reducing the pressure, thereby lowering the boiling point of the solvents and facilitating their removal at a lower temperature. This method ensures that the synthesized IPN retains its desired mechanical and thermal properties, making it suitable for various applications.",
            "\t[00051]\tIn an embodiment, the method includes characterizing the synthesized IPN using infrared (IR) spectroscopic techniques to identify the presence of functional groups. IR spectroscopy provides detailed information about the chemical structure of the polymer network by detecting the vibrational modes of the molecular bonds. The identification of functional groups within the IPN confirms the successful synthesis of the polymer components and the extent of crosslinking. The IR spectra can reveal specific absorption bands corresponding to the different functional groups present in the graphene-based PAMS and polyaniline, such as C-H, C=C, C-N, and N-H bonds. This characterization step is crucial for verifying the chemical composition and ensuring the desired properties of the IPN. By comparing the IR spectra of the synthesized IPN with those of the individual components, one can determine the degree of interpenetration and the nature of the interactions between the polymers. This analysis provides valuable insights into the structure-property relationships within the IPN.",
            "\t[00052]\tIn an embodiment, the method further comprises performing differential scanning calorimetry (DSC) on the IPN samples by casting said samples into aluminum pans from a 5% solution in chloroform. DSC is used to measure the thermal properties of the polymer network, such as the glass transition temperature (Tg), melting point, and crystallization behavior. The DSC analysis provides insights into the thermal stability and phase transitions of the IPN, which are critical for understanding its performance under various conditions. By preparing the samples from a 5% solution in chloroform, a uniform and consistent sample is obtained, ensuring accurate and reliable DSC measurements. The use of aluminum pans facilitates efficient heat transfer during the analysis, providing precise thermal data. This information is essential for optimizing the processing conditions and potential applications of the IPN, as it reveals the temperature ranges within which the material maintains its desired properties.",
            "\t[00053]\tIn an embodiment, the method further comprises performing thermogravimetric analysis (TGA) of the IPN samples using a Perkin Elmer Pyris 1 TGA in a slow stream of air. TGA measures the weight loss of the polymer network as a function of temperature, providing information on its thermal stability and decomposition characteristics. The slow stream of air ensures controlled oxidation conditions, allowing for the accurate determination of the degradation temperatures and the thermal stability of the IPN. The TGA data reveal the temperatures at which significant weight loss occurs, indicating the thermal limits of the material. This analysis is crucial for evaluating the durability of the IPN under various thermal conditions and for identifying the potential applications of the material. The TGA results, combined with DSC data, provide a comprehensive understanding of the thermal behavior of the IPN, guiding the optimization of its synthesis and processing conditions.",
            "\t[00054]\tIn an embodiment, the method further comprises measuring the permeability and permittivity of the IPN using an Agilent Vector Network Analyzer (VNA) in the X band (8.2-12.4 GHz) frequency region. The measurements of permeability and permittivity provide critical information about the electromagnetic properties of the IPN. The VNA is used to measure the reflection and transmission coefficients of the composite specimen, which are then used to calculate the complex permittivity and permeability values using the Nicholson-Ross-Weir (NRW) algorithm. These parameters are essential for applications involving electromagnetic interference (EMI) shielding and other electronic properties. The frequency-dependent behavior of permittivity and permeability reveals the material's response to electromagnetic fields, indicating its suitability for specific applications. The detailed characterization of these properties helps in optimizing the IPN for various electronic and communication applications, ensuring its effectiveness in practical use.",
            "\t[00055]\tIn an embodiment, the method further comprises analyzing the morphology of the synthesized IPN using field emission scanning electron microscopy (FE-SEM) to observe the microstructure. FE-SEM provides high-resolution images of the polymer network, revealing the dispersion of graphene and the overall morphology. The analysis helps in understanding the distribution and interaction of the polymer components within the IPN. The microstructural information is crucial for correlating the morphological features with the mechanical, thermal, and electrical properties of the IPN. By examining the FE-SEM images, one can assess the homogeneity of the network, the presence of any phase separations, and the quality of the graphene dispersion. This analysis aids in optimizing the synthesis conditions and improving the material's performance for various applications. The FE-SEM study provides valuable insights into the structural integrity and the potential of the IPN for advanced material applications.",
            "\t[00056]\tFIG. 2 illustrates a tabular representation of percentage swelling of IPN in different solvents and extractable material (%), in accordance with the embodiments of the present disclosure. The table shows ten samples (IPN 1 to IPN 10) and their swelling percentages in DMF, benzene, DMSO, and toluene, ranging from 46% to 82% in DMF, 30% to 59% in benzene, 34% to 76% in DMSO, and 38% to 68% in toluene. Additionally, the percentage of extractable material varies between 15.6% and 47.0%. This data demonstrates the interaction of IPN samples with different solvents and their corresponding stability profiles.",
            "\t[00057]\tFIG. 3 illustrates a tabular representation of the effect of variation in the concentration of Benzoyl Peroxide (BPO) on the properties of interpenetrating polymer networks (IPNs), in accordance with the embodiments of the present disclosure. The table displays four samples (IPN 11 to IPN 14) with BPO concentrations ranging from 2.0 x 10?\u00b2 to 8.2 x 10?\u00b2 mol/100 ml. The swelling percentages of these samples range from 55% to 71%, while the molecular weight between cross-links (Mc) varies from 122 to 183. This data highlights the influence of BPO concentration on the swelling behavior and cross-linking density of the IPNs.",
            "\t[00058]\tFIG. 4 illustrates a tabular representation of the effect of varying concentrations of Fullerene-PAN on the properties of interpenetrating polymer networks (IPNs), in accordance with the embodiments of the present disclosure. The table includes data for four samples (IPN 15 to IPN 18) with Fullerene-PAN concentrations ranging from 1 x 10?\u00b3 to 4 x 10?\u00b3 mol/100 ml. The yield percentages vary from 7.73% to 17.23%, while the swelling percentages range from 59% to 69%. The molecular weight between cross-links (Mc) spans from 134 to 201. This data indicates the impact of Fullerene-PAN concentration on the yield, swelling behavior, and cross-linking density of the IPNs.",
            "\t[00059]\tFIG. 5 illustrates a tabular representation of the effect of varying concentrations of Polyaniline (PANI) on the properties of interpenetrating polymer networks (IPNs), in accordance with the embodiments of the present disclosure. The table includes data for four samples (IPN 19 to IPN 22) with PANI concentrations ranging from 6 x 10?\u00b3 to 2.2 x 10?\u00b2 mol/100 ml. The yield percentages vary from 9.6% to 16.0%, while the swelling percentages range from 43% to 67%. The molecular weight between cross-links (Mc) spans from 134 to 180. This data demonstrates the impact of PANI concentration on the yield, swelling behavior, and cross-linking density of the IPNs.",
            "\t[00060]\tFIG. 6 illustrates a tabular representation of the effect of varying concentrations of Divinylbenzene (DVB) on the properties of interpenetrating polymer networks (IPNs), in accordance with the embodiments of the present disclosure. The table includes data for four samples (IPN 23 to IPN 26) with DVB concentrations ranging from 7.0 to 28.0 mol/100 ml. The yield percentages vary from 6.3% to 12.1%, while the swelling percentages range from 30% to 75%. The molecular weight between cross-links (Mc) spans from 133 to 176. This data highlights the impact of DVB concentration on the yield, swelling behavior, and cross-linking density of the IPNs.",
            "\t[00061]\tFIG. 7 illustrates an FTIR (Fourier-transform infrared spectroscopy) graph of an interpenetrating polymer network (IPN), in accordance with the embodiments of the present disclosure. The graph displays the % transmittance (% T) on the y-axis against the wavenumber (cm?\u00b9) on the x-axis. Key absorption peaks are observed, indicating the presence of specific functional groups within the IPN structure. These peaks help identify chemical bonds and molecular interactions within the IPN, providing insights into its composition and structural properties. The distinctive patterns in the IR spectrum are crucial for characterizing the material and confirming its chemical makeup.",
            "\t[00062]\tFIG. 8 illustrates various analytical characterizations of interpenetrating polymer networks (IPNs) in accordance with the embodiments of the present disclosure. Part (a) presents a Differential Scanning Calorimetry (DSC) thermogram showing a significant endothermic peak at around 440.8\u00b0C, indicating a thermal transition such as melting or degradation. Part (b) displays a Thermogravimetric Analysis (TGA) curve highlighting the weight loss of the sample as a function of temperature, with substantial decomposition starting around 400\u00b0C and continuing until about 700\u00b0C, indicating the material's thermal stability and decomposition profile. Part (c) features a Field Emission Scanning Electron Microscopy (FE-SEM) photograph, magnified at 100,000x, revealing the surface morphology and microstructural characteristics of the IPN, showing a heterogeneous texture with various phases or components distributed throughout. These analyses together provide",
            "\tcomprehensive insights into the thermal behavior, stability, and microstructural attributes of the IPNs, essential for evaluating their performance in various applications.",
            "\t[00063]\t FIG. 9 illustrates the frequency spectra of the interpenetrating polymer network (IPN) in the range of 8.0-12.4 GHz, focusing on the (a) real part of permittivity (e'), (b) imaginary part of permittivity (e\"), and (c) tangent loss (tan d), in accordance with the embodiments of the present disclosure. In part (a), the real part of permittivity (e') shows a relatively stable response across the frequency range, with a notable increase near 12.0 GHz, indicating the material's ability to store electric energy. Part (b) displays the imaginary part of permittivity (e\"), which represents the material's dielectric losses. The e\" spectrum shows fluctuations with a significant rise near 12.0 GHz, suggesting increased energy dissipation at higher frequencies. Part (c) illustrates the tangent loss (tan d), a measure of dielectric loss relative to the stored energy, which remains low across most of the spectrum but spikes sharply at around 12.0 GHz. This indicates that the IPN material exhibits minimal dielectric loss over the majority of the tested frequency range, with a marked increase in loss at higher frequencies. These frequency spectra provide valuable insights into the dielectric properties and potential applications of the IPN in high-frequency electronic and communication devices.",
            "\t[00064]\tFIG. 10 illustrates the frequency spectra of the interpenetrating polymer network (IPN) in the range of 8.0-12.4 GHz, focusing on (a) the real part of permeability (\u00b5'), (b) the imaginary part of permeability (\u00b5\"), and (c) the tangent loss (tan d\u00b5), in accordance with the embodiments of the present disclosure. In part (a), the real part of permeability (\u00b5') shows a relatively stable response across the frequency range, with a notable decrease near 12.0 GHz, indicating changes in the material's magnetic energy storage capacity. Part (b) displays the imaginary part of permeability (\u00b5\"), which represents the material's magnetic losses. The \u00b5\" spectrum exhibits a gradual increase with a significant rise near 12.0 GHz, suggesting enhanced energy dissipation at higher frequencies. Part (c) illustrates the tangent loss (tan d\u00b5), a measure of magnetic loss relative to the stored magnetic energy, which remains low across most of the spectrum but spikes sharply at around 12.0 GHz. This indicates that the IPN material exhibits minimal magnetic loss over the majority of the tested frequency range, with a marked increase in loss at higher frequencies. These frequency spectra provide valuable insights into the magnetic properties and potential applications of the IPN in high-frequency electronic and communication devices.",
            "\t[00065]\tFIG. 11 illustrates the frequency spectra of interpenetrating polymer networks (IPNs) in the range of 8.0-12.4 GHz, focusing on (a) transmission loss and (b) conductivity, in accordance with the embodiments of the present disclosure. Part (a) shows transmission loss (in dB) versus frequency, indicating stable transmission loss at lower frequencies with a sharp increase around 11.0 GHz, suggesting significant attenuation and strong absorption of electromagnetic waves at higher frequencies, crucial for effective electromagnetic interference (EMI) shielding. Part (b) presents conductivity (in S/m) versus frequency, showing a gradual increase with several peaks and a significant rise near 12.0 GHz, indicating enhanced electrical conductivity at higher frequencies. These analyses provide essential insights into the electromagnetic properties of the IPNs, demonstrating their potential effectiveness in high-frequency applications where both transmission loss and conductivity are critical, highlighting the material's suitability for EMI shielding and conductive applications.",
            "\t[00066]\tExample embodiments herein have been described above with reference to block diagrams and flowchart illustrations of methods and apparatuses. It will be understood that each block of the block diagrams and flowchart illustrations, and combinations of blocks in the block diagrams and flowchart illustrations, respectively, can be implemented by various means including hardware, software, firmware, and a combination thereof. For example, in one embodiment, each block of the block diagrams and flowchart illustrations, and combinations of blocks in the block diagrams and flowchart illustrations can be implemented by computer program instructions. These computer program instructions may be loaded onto a general purpose computer, special purpose computer, or other programmable data processing apparatus to produce a machine, such that the instructions which execute on the computer or other programmable data processing apparatus create means for implementing the functions specified in the flowchart block or blocks.",
            "\t[00067]\tOperations in accordance with a variety of aspects of the disclosure is described above would not have to be performed in the precise order described. Rather, various steps can be handled in reverse order or simultaneously or not at all.",
            "\t[00068]\tWhile several implementations have been described and illustrated herein, a variety of other means and/or structures for performing the function and/or obtaining the results and/or one or more of the advantages described herein may be utilized, and each of such variations and/or modifications is deemed to be within the scope of the implementations described herein. More generally, all parameters, dimensions, materials, and configurations described herein are meant to be exemplary and that the actual parameters, dimensions, materials, and/or configurations will depend upon the specific application or applications for which the teachings is/are used. Those skilled in the art will recognize, or be able to ascertain using no more than routine experimentation, many equivalents to the specific implementations described herein. It is, therefore, to be understood that the foregoing implementations are presented by way of example only and that, within the scope of the appended claims and equivalents thereto, implementations may be practiced otherwise than as specifically described and claimed. Implementations of the present disclosure are directed to each individual feature, system, article, material, kit, and/or method described herein. In addition, any combination of two or more such features, systems, articles, materials, kits, and/or methods, if such features, systems, articles, materials, kits, and/or methods are not mutually inconsistent, is included within the scope of the present disclosure.",
            "\tClaims",
            "\tI/We Claim:",
            "\t1.\tA method for synthesizing an interpenetrating polymer network (IPN) comprising: a. refluxing a suspension of a-methyl styrene (AMS) and graphene in dimethylformamide (DMF) solvent in the presence of benzoyl peroxide (BPO) at approximately 70\u00b0C for 2.0 hours to obtain a graphene-based Poly (a-methyl styrene) (PAMS); b. precipitating said graphene-based PAMS in methanol and drying to obtain a constant weight; c. synthesizing polyaniline (PANI) by polymerizing aniline monomer in an acidic medium containing an oxidizing agent at 0\u00b0C; d. polymerizing said graphene-based PAMS and said PANI in DMF in the presence of divinyl benzene (DVB) and BPO under an inert atmosphere of nitrogen at approximately 80\u00b0C for 2.5 hours to form said IPN; e. vacuum drying said IPN to obtain a constant weight.",
            "\t2.\tThe method of claim 1, wherein said refluxing of said AMS and said graphene is performed in the presence of said BPO in an amount ranging from 2.0 x 10-2 to 8.2 x 10-2 mol/100 ml.",
            "\t3.\tThe method of claim 1, wherein said polyaniline (PANI) is synthesized using aniline monomer in a molar concentration ranging from 6 x 103 to 2.2 x 10-2 mol/100 ml.",
            "\t4.\tThe method of claim 1, wherein said polymerizing of said graphene-based PAMS and said PANI includes systematic variations of the concentration of said DVB, ranging from 7.0 to 28.0 mol/100 ml.",
            "\t5.\tThe method of claim 1, wherein said vacuum drying of said IPN is performed under a vacuum at room temperature for at least one day.",
            "\t6.\tThe method of claim 1, further comprising characterizing said IPN using infrared (IR) spectroscopic techniques to identify the presence of functional groups.",
            "\t7.\tThe method of claim 1, further comprising performing differential scanning calorimetry (DSC) on said IPN samples by casting said samples into aluminum pans from a 5% solution in chloroform.",
            "\t8.\tThe method of claim 1, further comprising performing thermogravimetric analysis (TGA) of said IPN samples using a Perkin Elmer Pyris 1 TGA in a slow stream of air.",
            "\t9.\tThe method of claim 1, further comprising measuring the permeability and permittivity of said IPN using an Agilent Vector Network Analyzer (VNA) in the X band (8.2-12.4 GHz) frequency region.",
            "\t10.\tThe method of claim 1, further comprising analyzing the morphology of said IPN using field emission scanning electron microscopy (FE-SEM) to observe the microstructure of the synthesized IPN.",
            "\tSTUDY OF ELECTROMAGNETIC PROPERTIES OF GRAPHENE BASED POLY (A-METHYL STYRENE) AND POLYANILINE INTERPENETRATING POLYMER NETWORK",
            "\tAbstract",
            "\tThe present disclosure provides a method for synthesizing an interpenetrating polymer network (IPN) comprising: a. refluxing a suspension of a-methyl styrene (AMS) and graphene in dimethylformamide (DMF) solvent in the presence of benzoyl peroxide (BPO) at approximately 70\u00b0C for 2.0 hours to obtain a graphene-based Poly (a-methyl styrene) (PAMS); b. precipitating said graphene-based PAMS in methanol and drying to obtain a constant weight; c. synthesizing polyaniline (PANI) by polymerizing aniline monomer in an acidic medium containing an oxidizing agent at 0\u00b0C; d. polymerizing said graphene-based PAMS and said PANI in DMF in the presence of divinyl benzene (DVB) and BPO under an inert atmosphere of nitrogen at approximately 80\u00b0C for 2.5 hours to form said IPN; e. vacuum drying said IPN to obtain a constant weight.",
            "\tFig. 1 , Claims:Claims",
            "\tI/We Claim:",
            "\t1.\tA method for synthesizing an interpenetrating polymer network (IPN) comprising: a. refluxing a suspension of a-methyl styrene (AMS) and graphene in dimethylformamide (DMF) solvent in the presence of benzoyl peroxide (BPO) at approximately 70\u00b0C for 2.0 hours to obtain a graphene-based Poly (a-methyl styrene) (PAMS); b. precipitating said graphene-based PAMS in methanol and drying to obtain a constant weight; c. synthesizing polyaniline (PANI) by polymerizing aniline monomer in an acidic medium containing an oxidizing agent at 0\u00b0C; d. polymerizing said graphene-based PAMS and said PANI in DMF in the presence of divinyl benzene (DVB) and BPO under an inert atmosphere of nitrogen at approximately 80\u00b0C for 2.5 hours to form said IPN; e. vacuum drying said IPN to obtain a constant weight.",
            "\t2.\tThe method of claim 1, wherein said refluxing of said AMS and said graphene is performed in the presence of said BPO in an amount ranging from 2.0 x 10-2 to 8.2 x 10-2 mol/100 ml.",
            "\t3.\tThe method of claim 1, wherein said polyaniline (PANI) is synthesized using aniline monomer in a molar concentration ranging from 6 x 103 to 2.2 x 10-2 mol/100 ml.",
            "\t4.\tThe method of claim 1, wherein said polymerizing of said graphene-based PAMS and said PANI includes systematic variations of the concentration of said DVB, ranging from 7.0 to 28.0 mol/100 ml.",
            "\t5.\tThe method of claim 1, wherein said vacuum drying of said IPN is performed under a vacuum at room temperature for at least one day.",
            "\t6.\tThe method of claim 1, further comprising characterizing said IPN using infrared (IR) spectroscopic techniques to identify the presence of functional groups.",
            "\t7.\tThe method of claim 1, further comprising performing differential scanning calorimetry (DSC) on said IPN samples by casting said samples into aluminum pans from a 5% solution in chloroform.",
            "\t8.\tThe method of claim 1, further comprising performing thermogravimetric analysis (TGA) of said IPN samples using a Perkin Elmer Pyris 1 TGA in a slow stream of air.",
            "\t9.\tThe method of claim 1, further comprising measuring the permeability and permittivity of said IPN using an Agilent Vector Network Analyzer (VNA) in the X band (8.2-12.4 GHz) frequency region.",
            "\t10.\tThe method of claim 1, further comprising analyzing the morphology of said IPN using field emission scanning electron microscopy (FE-SEM) to observe the microstructure of the synthesized IPN."
        ],
        "Inventors": [
            {
                "Name": "MOHD. MERAJ JAFRI",
                "Address": "DEPARTMENT OF CHEMISTRY, SCHOOL OF BASIC SCIENCES, CHHATRAPATI SHAHU JI MAHARAJ UNIVERSITY, KALYANPUR, KANPUR, KANPUR NAGAR, UTTAR PRADESH, 208024",
                "Country": "India",
                "Nationality": "India"
            }
        ],
        "Applicants": [
            {
                "Name": "CHHATRAPATI SHAHU JI MAHARAJ UNIVERSITY",
                "Address": "KALYANPUR, KANPUR, KANPUR NAGAR, UTTAR PRADESH, 208024",
                "Country": "India",
                "Nationality": "India"
            }
        ]
    }
}