{
    "202441068604": {
        "Invention Title": "Autonomous Target Striking Vehicle",
        "Publication Number": "38/2024",
        "Publication Date": "20/09/2024",
        "Publication Type": "INA",
        "Application Number": "202441068604",
        "Application Filing Date": "11/09/2024",
        "Priority Number": "",
        "Priority Country": "",
        "Priority Date": "",
        "Field Of Invention": "CHEMICAL",
        "Classification (IPC)": "C07D0311580000, H01M0008040140, C01B0032050000, A61K0039000000, A61M0039100000",
        "Abstract": "Abstract\nThe present invention discloses an Autonomous Target Striking Vehicle system designed for patrolling and threat detection. The system comprises advanced navigation capabilities, an integrated threat detection system, and a multi-level response management framework. The vehicle's navigation is powered by an AI-driven Graph Neural Network (GNN) based routing algorithm, ensuring optimal path finding and maneuverability in complex environments. The threat detection system processes real-time data from multiple sensors, employing machine learning algorithms for filtering, pre-processing, segmentation, feature extraction, and threat analysis. The response management framework is structured into three levels: top-level command, middle-level supervision, and operational execution, involving roles such as tactical analysts, system operators, and field agents. This comprehensive system enhances situational awareness, enables autonomous threat response, and ensures secure communication with command centers, addressing the critical needs of modern applications.",
        "Description": [
            "Description:TITLE  OF  THE  INVENTION: AUTONOMOUS TARGET STRIKING VEHICLE",
            "\tFIELD  OF  THE  INVENTION",
            "\t[0001] The present invention generally relates to the field of autonomous systems in target striking applications. More particularly, the present invention relates to an unmanned vehicle designed for patrolling and surveillance, integrating advanced artificial intelligence for autonomous navigation and threat detection.",
            "\tBACKGROUND OF THE  INVENTION",
            "\t[0002] In general, patrolling involves constant vigilance and movement through potentially dangerous areas. Traditional patrolling methods expose personnel to various risks, including ambushes and IEDs (Improvised Explosive Devices). Therefore, there is a critical need for innovative solutions that minimize human exposure to these threats while ensuring effective patrolling and surveillance.",
            "\t[0003] The advent of autonomous systems has brought about significant advancements in various fields. Autonomous vehicles, equipped with AI capabilities, offer a promising solution for enhancing the safety and efficiency of operations. These systems can operate in hazardous environments, detect threats, and provide real-time data to command centers without the need for direct human involvement.",
            "\t[0004] The Autonomous Target Striking Vehicle addresses the limitations of traditional patrolling methods by providing a robust, AI-integrated solution for surveillance. This vehicle is designed to autonomously navigate predefined routes, identify potential threats using advanced sensors, and communicate critical information to personnel in real-time.",
            "\tPrior Arts:",
            "\t[0005] Indian Patent application 202441050898 describes an advanced autonomous vehicle navigation system with a Graph Neural Network (GNN) based routing algorithm. While this system enhances navigation through sophisticated algorithms, it does not address the integration of real-time threat detection or autonomous decision-making capabilities essential for target striking applications.",
            "\t[0006] Indian Patent application 202431048778 discloses a surveillance system designed for monitoring and capturing video in specific areas. Although effective for general surveillance purposes, it lacks the AI-driven threat analysis and autonomous response mechanisms required for target striking vehicles to respond dynamically to potential threats.",
            "\t[0007] DRDO patent number 296552 describes a safety and actuating device, along with a method of operation and fabrication thereof. This device is crucial for ensuring operational safety and can be adapted for use in defense vehicles. However, the patent does not focus on the autonomous threat detection and response capabilities needed for an advanced target striking vehicle.",
            "\t[0008] DRDO patent number 282652 describes a method for operating a device carrying hazardous material and a device thereof. While this method ensures safe handling of hazardous materials, it does not incorporate AI-based threat detection or autonomous operation within the context of a target striking vehicle.",
            "\t[0009]State of the art suffers from the following limitations:",
            "\t[0010] Existing systems do not provide a comprehensive solution for real-time threat detection and autonomous response in target striking vehicles. Most systems rely on human intervention for threat analysis and response, lacking the integration of advanced AI-driven threat detection and autonomous decision-making capabilities. Additionally, current technologies often focus on surveillance or navigation without addressing the specific needs of target striking applications, such as threat prioritization and secure communication with command centers.",
            "\t.",
            "\tOBJECTIVES  OF  THE  INVENTION",
            "\t[0005] The primary objective of the present invention is to enhance the safety and efficiency of patrolling operations.",
            "\t[0006] Another objective of the present invention is to provide an autonomous vehicle capable of navigating diverse terrains and environments.",
            "\t[0007] Yet another objective of the present invention is to integrate advanced AI algorithms for real-time threat detection and data analysis.",
            "\t[0008] A further objective of the present invention is to enable secure communication of real-time data to command centers for strategic decision-making.",
            "\tSUMMARY  OF  THE  INVENTION",
            "\t[0009] The main aspect of the present invention provides an Autonomous Target Striking Vehicle designed to perform autonomous patrolling and surveillance operations. The system comprises advanced sensors, AI algorithms, and secure communication systems to ensure effective monitoring and threat detection in any environment.",
            "\t[0010] Accordingly, in one aspect of the present invention, the vehicle is equipped with high-definition cameras, thermal imaging sensors, and LIDAR systems. These components work together to detect obstacles and potential threats with high precision. The data collected by these sensors is processed using AI algorithms to identify and classify threats in real-time.",
            "\t[0011] Another aspect of the present invention includes an autonomous navigation system that enables the vehicle to follow predefined routes and adapt to changes in the environment. This system leverages machine learning algorithms to improve navigation efficiency and ensure the vehicle can operate in both urban and rural settings.",
            "\t[0012] Another aspect of the present invention presents a secure communication system that transmits real-time data from the vehicle to command centers. This system ensures that they have access to critical information, enabling them to make informed decisions and respond promptly to threats.",
            "BRIEF  DESCRIPTION OF  THE DRAWINGS",
            "[0013] The accompanying drawings, which are incorporated in, constitute a part of the specification, illustrate an embodiment of the invention, and together with the description serve to explain the principles of the invention.",
            "\t[0014] Figure 1 illustrates a perspective view of the Autonomous Target Striking Vehicle system as provided in the present invention.",
            "\t[0015] Figure 2 illustrates the Data Flow within the Autonomous Target Striking Vehicle System.",
            "DETAILED  DESCRIPTION  OF  THE  INVENTION",
            "\t[0016] Some embodiments of this invention, illustrating its features, will now be discussed, and the disclosed embodiments are merely exemplary of the invention, which may be embodied in various forms, and the scope of the invention is not restricted to the listed embodiments and is limited only by the appended claims.",
            "\t[0017] The present invention shows the perspective view of the Autonomous Target Striking Vehicle (100), which provides an autonomous patrolling and surveillance system for Target Striking applications. Further detailed descriptions of the present invention are stated here with reference to the attached drawings. Thus, the detailed embodiments of the present invention are disclosed here to describe the present invention.",
            "\t[0018] In this embodiment of the present invention, as shown in Figure 1, which refers to the perspective view of the Autonomous Target Striking Vehicle (100), the system comprises the vehicle body (101), high-definition cameras (102), thermal imaging sensors (103), LIDAR systems (104), AI processing unit (105), and secure communication module (106).",
            "\t[0019] The vehicle body (101) is designed to withstand rugged terrains and harsh environments, making it suitable for both urban and rural patrolling. The high-definition cameras (102) and thermal imaging sensors (103) provide comprehensive visual and thermal data, while the LIDAR systems (104) ensure accurate obstacle detection.",
            "\t[0020] The AI processing unit (105) integrates data from the sensors to perform real-time threat detection and classification. The secure communication module (106) transmits this data to command centers, ensuring that they have access to critical information at all times.",
            "\t[0021] In another embodiment of the present invention, the autonomous navigation system (200) is shown in Figure 2. This system includes GPS navigation (201), terrain analysis (202), route planning (203), obstacle avoidance (204), and adaptive learning (205).",
            "\t[0022] The GPS navigation (201) ensures the vehicle follows predefined routes accurately. The terrain analysis (202) component evaluates the environment to adjust the vehicle's path, while the route planning (203) system optimizes the vehicle's movements. Obstacle avoidance (204) ensures the vehicle can navigate around obstacles, and adaptive learning (205) uses machine learning algorithms to improve the vehicle's navigation over time.",
            "\t[0023] In another embodiment of the present invention, referring to Figure 3, the architecture of the threat detection system (300) is illustrated. This system includes sensor integration (301), data preprocessing (302), feature extraction (303), threat analysis (304), and alert generation (305).",
            "\t[0024] The sensor integration (301) combines data from various sensors for comprehensive analysis. Data preprocessing (302) cleans and formats the data for feature extraction (303), which identifies key characteristics of potential threats. Threat analysis (304) uses AI algorithms to classify these characteristics, and alert generation (305) ensures that any detected threats are promptly communicated to the command center.",
            "\t[0025] The Autonomous Target Striking Vehicle thus provides a comprehensive solution for enhancing patrolling and surveillance operations. By integrating advanced sensors, AI algorithms, and secure communication systems, this vehicle ensures that they personnel can perform their duties more safely and efficiently.",
            "\tABSTRACT",
            "\tAUTONOMOUS TARGET STRIKING VEHICLE",
            "\tThe present invention discloses an Autonomous Target Striking Vehicle system designed for patrolling and threat detection. The system comprises advanced navigation capabilities, an integrated threat detection system, and a multi-level response management framework. The vehicle's navigation is powered by an AI-driven Graph Neural Network (GNN) based routing algorithm, ensuring optimal pathfinding and maneuverability in complex environments. The threat detection system processes real-time data from multiple sensors, employing machine learning algorithms for filtering, pre-processing, segmentation, feature extraction, and threat analysis. The response management framework is structured into three levels: top-level command, middle-level supervision, and operational execution, involving roles such as tactical analysts, system operators, and field agents. This comprehensive system enhances situational awareness, enables autonomous threat response, and ensures secure communication with command centers, addressing the critical needs of modern applications.",
            "\t[TobepublishedwithFigure.1]",
            "\t, C , Claims:We claim:",
            "\t1.An Autonomous Target Striking Vehicle, comprising:",
            "\ta) A defense vehicle  equipped with autonomous navigation and threat detection systems;",
            "\tb) A multi-sensor integration system  for real-time environmental analysis; and",
            "\tc) A response management system for autonomous decision-making and action.",
            "\t2.TheAutonomous Target Striking Vehicle as claimed in claim 1, wherein said multi-sensor integration system  is embedded within theAutonomous Target Striking Vehicle, comprising the steps of:",
            "\ta) Collecting data from various sensors, including visual, thermal, and acoustic sensors;",
            "\tb) Pre-processing the collected data to remove noise and irrelevant information;",
            "\tc) Segmenting the data to isolate potential threats;",
            "\td) Extracting features from the segmented data for analysis; and",
            "\te) Identifying and classifying threats using AI-based algorithms by comparing extracted features with stored threat profiles.",
            "\t3.The Autonomous Target Striking Vehicle as claimed in claim 1, wherein said response management system is embedded within the Autonomous Target Striking Vehicle, structured to:",
            "\ta) Analyze the classified threats and determine the appropriate response level;",
            "\tb) Store threat data and response outcomes in a secure repository for future reference; and",
            "\tc) Communicate with command centers to report threats and receive additional instructions.",
            "\t4.The Autonomous Target Striking Vehicle as claimed in claim 3, wherein said response management system operates through a multi-level decision-making framework, comprising:",
            "\ta) Top-level command, responsible for strategic decisions and  communication with higher command;",
            "\tb) Middle-level supervision, responsible for tactical threat assessment and decision-making; and",
            "\tc) Operational execution, responsible for carrying out immediate actions based on threat level, including activating countermeasures, alerting nearby units, and adjusting the vehicle's path.",
            "\t5.The Autonomous Target Striking Vehicle as claimed in claim 4, wherein said top-level command includes system operators and field commanders, middle-level supervision includes tactical analysts, and operational execution includes autonomous systems and onboard defense mechanisms"
        ],
        "Inventors": [
            {
                "Name": "Dr. Ashok Reddy Kandula",
                "Address": "Assistant Professor\nDepartment of Artificial Intelligence and Data Science \nSeshadri Rao Gudlavalleru Engineering College, \nSeshadri Rao Knowledge Village, \nGudlavalleru - 521356, \nKrishna Dist, \nAndhra Pradesh,\nIndia",
                "Country": "India",
                "Nationality": "India"
            },
            {
                "Name": "Dr. G.V.S.N.R.V. Prasad",
                "Address": "Professor\nDepartment of Computer Science and Engineering \nSeshadri Rao Gudlavalleru Engineering College, \nSeshadri Rao Knowledge Village, \nGudlavalleru - 521356, \nKrishna Dist, \nAndhra Pradesh,\nIndia",
                "Country": "India",
                "Nationality": "India"
            },
            {
                "Name": "Dr. B. Mahesh Babu",
                "Address": "Associate Professor\nDepartment of Electrical and Electronics Engineering\nSeshadri Rao Gudlavalleru Engineering College, \nSeshadri Rao Knowledge Village, \nGudlavalleru - 521356, \nKrishna Dist, \nAndhra Pradesh,\nIndia",
                "Country": "India",
                "Nationality": "India"
            },
            {
                "Name": "Rayala Nathaniel",
                "Address": "UG Student \nDepartment of Artificial Intelligence and Data Science \nSeshadri Rao Gudlavalleru Engineering College, \nSeshadri Rao Knowledge Village, \nGudlavalleru - 521356, \nKrishna Dist, \nAndhra Pradesh,\nIndia",
                "Country": "India",
                "Nationality": "India"
            },
            {
                "Name": "M.M.M.S.S.Shanmukha",
                "Address": "UG Student \nDepartment of Artificial Intelligence and Data Science \nSeshadri Rao Gudlavalleru Engineering College, \nSeshadri Rao Knowledge Village, \nGudlavalleru - 521356, \nKrishna Dist, \nAndhra Pradesh,\nIndia",
                "Country": "India",
                "Nationality": "India"
            },
            {
                "Name": "Mohammad Mazid",
                "Address": "UG Student \nDepartment of Artificial Intelligence and Data Science \nSeshadri Rao Gudlavalleru Engineering College, \nSeshadri Rao Knowledge Village, \nGudlavalleru - 521356, \nKrishna Dist, \nAndhra Pradesh,\nIndia",
                "Country": "India",
                "Nationality": "India"
            }
        ],
        "Applicants": [
            {
                "Name": "Dr. Ashok Reddy Kandula",
                "Address": "Assistant Professor\nDepartment of Artificial Intelligence and Data Science \nSeshadri Rao Gudlavalleru Engineering College, \nSeshadri Rao Knowledge Village, \nGudlavalleru - 521356, \nKrishna Dist, \nAndhra Pradesh,\nIndia",
                "Country": "India",
                "Nationality": "India"
            },
            {
                "Name": "Dr. G.V.S.N.R.V. Prasad",
                "Address": "Professor\nDepartment of Computer Science and Engineering \nSeshadri Rao Gudlavalleru Engineering College, \nSeshadri Rao Knowledge Village, \nGudlavalleru - 521356, \nKrishna Dist, \nAndhra Pradesh,\nIndia",
                "Country": "India",
                "Nationality": "India"
            },
            {
                "Name": "Dr. B. Mahesh Babu",
                "Address": "Associate Professor\nDepartment of Electrical and Electronics Engineering\nSeshadri Rao Gudlavalleru Engineering College, \nSeshadri Rao Knowledge Village, \nGudlavalleru - 521356, \nKrishna Dist, \nAndhra Pradesh,\nIndia",
                "Country": "India",
                "Nationality": "India"
            },
            {
                "Name": "Rayala Nathaniel",
                "Address": "UG Student \nDepartment of Artificial Intelligence and Data Science \nSeshadri Rao Gudlavalleru Engineering College, \nSeshadri Rao Knowledge Village, \nGudlavalleru - 521356, \nKrishna Dist, \nAndhra Pradesh,\nIndia",
                "Country": "India",
                "Nationality": "India"
            },
            {
                "Name": "M.M.M.S.S.Shanmukha",
                "Address": "UG Student \nDepartment of Artificial Intelligence and Data Science \nSeshadri Rao Gudlavalleru Engineering College, \nSeshadri Rao Knowledge Village, \nGudlavalleru - 521356, \nKrishna Dist, \nAndhra Pradesh,\nIndia",
                "Country": "India",
                "Nationality": "India"
            },
            {
                "Name": "Mohammad Mazid",
                "Address": "UG Student \nDepartment of Artificial Intelligence and Data Science \nSeshadri Rao Gudlavalleru Engineering College, \nSeshadri Rao Knowledge Village, \nGudlavalleru - 521356, \nKrishna Dist, \nAndhra Pradesh,\nIndia",
                "Country": "India",
                "Nationality": "India"
            }
        ]
    }
}