{
    "202441067889": {
        "Invention Title": "INDIVIDUALIZED APPROACH TAILORED INSTRUCTION IN READING FOR TECHNICAL LEARNERS",
        "Publication Number": "38/2024",
        "Publication Date": "20/09/2024",
        "Publication Type": "INA",
        "Application Number": "202441067889",
        "Application Filing Date": "09/09/2024",
        "Priority Number": "",
        "Priority Country": "",
        "Priority Date": "",
        "Field Of Invention": "CHEMICAL",
        "Classification (IPC)": "C07D0413120000, C07D0417120000, A61F0002900000, A61K0045060000, C07D0405120000",
        "Abstract": "Effective reading comprehension is essential for learning complicated concepts and skills in the field of technical education. This study examines how to improve reading comprehension in technical learners on an individual basis while taking into account their varied backgrounds and cognitive preferences. We suggest a customized teaching framework that includes differentiated tactics including interactive technology, adaptive reading materials, and customized feedback systems. Our goal is to pinpoint the particular difficulties technical learners encounter when comprehending specialist materials by examining learner profiles. To enable to promotion of deeper comprehension, this research emphasizes the significance of scaffolding, interaction with multimodal resources, and incorporation of real-world applications. According to our research, a customized approach to reading comprehension increases student confidence and retention while also enhancing comprehension of technical content. In the end, this study promotes changing teaching strategies to meet the special requirements of technical learners to improve their academic, performance and readiness for the workforce",
        "Description": [],
        "Inventors": [
            {
                "Name": "Dr.R.SUBHASHINI",
                "Address": "ASSISTANT PROFESSOR, ENGLISH\r\nSAVEETHA ENGINEERING COLLEGE,\r\nSAVEETHA NAGAR, THANDALAM, CHENNAI-602105.",
                "Country": "India",
                "Nationality": "India"
            }
        ],
        "Applicants": [
            {
                "Name": "SAVEETHA ENGINEERING COLLEGE",
                "Address": "SAVEETHA ENGINEERING COLLEGE,\r\nSAVEETHA NAGAR, THANDALAM, CHENNAI-602105.",
                "Country": "India",
                "Nationality": "India"
            }
        ]
    }
}