{
    "202441068269": {
        "Invention Title": "A SYSTEM FOR MONITORING PARALYSIS PATIENT AND METHOD THEREOF",
        "Publication Number": "38/2024",
        "Publication Date": "20/09/2024",
        "Publication Type": "INA",
        "Application Number": "202441068269",
        "Application Filing Date": "10/09/2024",
        "Priority Number": "",
        "Priority Country": "",
        "Priority Date": "",
        "Field Of Invention": "BIO-MEDICAL ENGINEERING",
        "Classification (IPC)": "A61B5/00, A61B5/11, G16H40/67",
        "Abstract": "A SYSTEM FOR MONITORING PARALYSIS PATIENT AND METHOD THEREOF\nThe present invention relates to a motion-based communication system designed for paralysis patients, enabling them to effectively communicate their needs to caregivers. The system comprises motion detection sensors attached to the patient's fingers, which detect finger movements and send signals to a microcontroller. The microcontroller processes these movements, maps them to specific voltage ranges, and assigns corresponding predefined messages. A communication module wirelessly transmits these messages to the caregiver's mobile app or a speaker. In case of emergencies, such as falls or abnormal pulse rates, a critical condition monitoring module triggers a buzzer alert system to immediately notify the caregiver. The device is powered by a rechargeable battery, offering continuous operation. This system enhances the quality of life for paralysis patients by providing reliable and secure communication, remote monitoring, and real-time emergency alerts.",
        "Description": [
            "Description:FIELD OF THE INVENTION",
            "\tThis invention relates to a system for monitoring paralysis patient and method thereof.",
            "BACKGROUND OF THE INVENTION",
            "\tParalysis patients have their whole or partial part of the body disabled by the Paralysis attack. These people in most cases are not able to convey their needs as they are neither able to speak properly nor do they convey through sign language due to improper brain control. This problem is challenging for the people who monitor them particularly if the patients are old age. The proposed system helps Paralysis patients to communicate to the guardians about their requirements by using motion-based signs and detection system.",
            "\tUS11896389B2 discloses a paralysis monitoring system includes a nerve stimulation device configured to deliver a series of low voltage electrical impulses to a nerve to produce only sub-visible muscle responses, and a recording device configured to record electrical activity associated with an evoked muscle response caused by the series of low voltage electrical impulses.",
            "\tCN105118236B discloses the present invention discloses a kind of paralysis and falls monitoring and preventing mean and its processing method, which includes\uff1aAlarm modules, signal acquisition module and signal processing module, wherein signal acquisition module is for acquiring human body attitude behavioral data and human-body biological sign data",
            "\tEP4091661B1 Two key pharmaceutical components of modern general anesthesia include  the anesthetic drugs responsible for unconsciousness, and the neuromuscular blocking drugs that cause muscle paralysis. It is not uncommon for patients to wake up partially paralyzed (residual neuromuscular blockade), which can lead to significant patient harm (e.g. impaired respiratory ability).",
            "\tRU2445990C1 refers to medicine, namely neurology, physiotherapy and is applicable for treating peripheral and central paralysis and paresis of various aethiologies. A method involves drug therapy and electrical stimulation of paretic muscles. The drug therapy is conducted by the end nasal and superior thoracic electrophoresis procedures with glutamine. The electrical stimulation represents exposure to multiple-modulated bipolar current of frequency 20-120 Hz with package to pause relation 1:1. Additionally the muscles symmetric to paretic ones and a projection of peripheral and vegetative nervous system are treated by the two-side exposure. Duration of a procedure is 10-30 minutes. The therapeutic course is 10-15 procedures either daily, or every second day.",
            "\tUS20150269825A1 A wireless system monitoring system includes a wireless telephone and a wearable appliance in communication with the wireless telephone, the appliance monitoring activity with an accelerometer and one or more additional sensors to detect movement or vital sign.",
            "\tThe paralysis patient monitoring available are used in hospitals while treatment is done or while such patients are under the control of Hospital management. There are no advance systems which can be used for the monitoring the paralysis patients at residential. The existing systems are lagging in customizing residential based paralysis patient monitoring by the guardians or by the spouse.",
            "\tNone of the prior art indicate above either alone or in combination with one another disclose what the present invention has disclosed. This invention relates to a system for monitoring paralysis patient and method thereof.",
            "SUMMARY OF THE INVENTION",
            "This summary is provided to introduce a selection of concepts, in a simplified format, that are further described in the detailed description of the invention.",
            "\tThis summary is neither intended to identify key or essential inventive concepts of the invention and nor is it intended for determining the scope of the invention.",
            "To further clarify advantages and features of the present invention, a more particular description of the invention will be rendered by reference to specific embodiments thereof, which is illustrated in the appended drawings. It is appreciated that these drawings depict only typical embodiments of the invention and are therefore not to be considered limiting of its scope. The invention will be described and explained with additional specificity and detail with the accompanying drawings.",
            "\tIn this proposed method, finger gestures are used to represent the patient's needs. The sensors can detect the angle of the finger movement. The microcontroller maps the input voltages and then assigns a range to each finger movement. In the ranges designated for the specific movement of a sensor, a predetermined message related to the fundamental necessities and emergency reasons for the patient is saved. The patient's hand is fitted with the gadget. The patient is initially trained to communicate to the guardian via finger movements for sharing the requirements. The message is recognized by the guardian. The message is communicated to the guardian by the message in the APP and a speaker.  As a result, the patient just needs to bend a finger or a combination of fingers. There are now several methods in place for paralyzed individuals; however, this technique assists in the continual monitoring and comprehension of the patient's demands. If the patient is in critical condition, a buzzer will sound to alert the caretaker that the patient is on the floor or that the pulse rate is abnormally high.",
            "\tThe present invention provides a novel motion-based communication system for paralysis patients to communicate with their caregivers. The system utilizes finger gestures, where each movement is detected by sensors that map the motion to a predetermined message.",
            "\tThe system consists of:",
            "\t\u2022\tSensors to detect the angle and movement of the fingers.",
            "\t\u2022\tA microcontroller to process the sensor inputs and assign specific messages to each gesture.",
            "\t\u2022\tA communication module that relays the message to the caregiver via a mobile application or a speaker.",
            "\t\u2022\tA buzzer system that activates in critical situations, such as when the patient falls or if their pulse rate becomes abnormally high.",
            "\tBy wearing the device on their hand, the patient can simply move their fingers or a combination of fingers to convey a specific need or emergency to the caregiver.",
            "BRIEF DESCRIPTION OF THE DRAWINGS",
            "The illustrated embodiments of the subject matter will be understood by reference to the drawings, wherein like parts are designated by like numerals throughout. The following description is intended only by way of example, and simply illustrates certain selected embodiments of devices, systems, and methods that are consistent with the subject matter as claimed herein, wherein:",
            "\tFIGURE 1: PROTOTYPE",
            "\tFIGURE 2: BLOCK DIAGRAM",
            "The figures depict embodiments of the present subject matter for the purposes of illustration only. A person skilled in the art will easily recognize from the following description that alternative embodiments of the structures and methods illustrated herein may be employed without departing from the principles of the disclosure described herein.",
            "DETAILED DESCRIPTION OF THE INVENTION",
            "The detailed description of various exemplary embodiments of the disclosure is described herein with reference to the accompanying drawings. It should be noted that the embodiments are described herein in such details as to clearly communicate the disclosure. However, the amount of details provided herein is not intended to limit the anticipated variations of embodiments; on the contrary, the intention is to cover all modifications, equivalents, and alternatives falling within the scope of the present disclosure as defined by the appended claims.",
            "\tIt is also to be understood that various arrangements may be devised that, although not explicitly described or shown herein, embody the principles of the present disclosure. Moreover, all statements herein reciting principles, aspects, and embodiments of the present disclosure, as well as specific examples, are intended to encompass equivalents thereof.",
            "\tThe terminology used herein is for the purpose of describing particular embodiments only and is not intended to be limiting of example embodiments. As used herein, the singular forms \u201ca\",\u201d \u201can\u201d and \u201cthe\u201d are intended to include the plural forms as well, unless the context clearly indicates otherwise. It will be further understood that the terms \u201ccomprises,\u201d \u201ccomprising,\u201d \u201cincludes\u201d and/or \u201cincluding,\u201d when used herein, specify the presence of stated features, integers, steps, operations, elements and/or components, but do not preclude the presence or addition of one or more other features, integers, steps, operations, elements, components and/or groups thereof.",
            "\tIt should also be noted that in some alternative implementations, the functions/acts noted may occur out of the order noted in the figures. For example, two figures shown in succession may, in fact, be executed concurrently or may sometimes be executed in the reverse order, depending upon the functionality/acts involved.",
            "In addition, the descriptions of \"first\", \"second\", \u201cthird\u201d, and the like in the present invention are used for the purpose of description only, and are not to be construed as indicating or implying their relative importance or implicitly indicating the number of technical features indicated. Thus, features defining \"first\" and \"second\" may include at least one of the features, either explicitly or implicitly.",
            "\tUnless otherwise defined, all terms (including technical and scientific terms) used herein have the same meaning as commonly understood by one of ordinary skill in the art to which example embodiments belong. It will be further understood that terms, e.g., those defined in commonly used dictionaries, should be interpreted as having a meaning that is consistent with their meaning in the context of the relevant art and will not be interpreted in an idealized or overly formal sense unless expressly so defined herein.",
            "\tIn this proposed method, finger gestures are used to represent the patient's needs. The sensors can detect the angle of the finger movement. The microcontroller maps the input voltages and then assigns a range to each finger movement. In the ranges designated for the specific movement of a sensor, a predetermined message related to the fundamental necessities and emergency reasons for the patient is saved. The patient's hand is fitted with the gadget. The patient is initially trained to communicate to the guardian via finger movements for sharing the requirements. The message is recognized by the guardian. The message is communicated to the guardian by the message in the APP and a speaker.  As a result, the patient just needs to bend a finger or a combination of fingers. There are now several methods in place for paralyzed individuals; however, this technique assists in the continual monitoring and comprehension of the patient's demands. If the patient is in critical condition, a buzzer will sound to alert the caretaker that the patient is on the floor or that the pulse rate is abnormally high.",
            "\tHardware Components:",
            "\t1.\tMotion Detection Sensors: A set of motion sensors, typically flex sensors, are mounted on the fingers of the patient. These sensors detect the bending angle of the fingers and convert the motion into corresponding electrical signals.",
            "\t2.\tMicrocontroller: The microcontroller processes the input signals from the sensors and maps each range of values to a specific action or message. For example, a certain finger bend may correspond to a need for water, while a different gesture may signify a need for urgent medical attention. The microcontroller assigns a voltage range to each finger movement, which corresponds to a pre-stored message.",
            "\t3.\tCommunication Module:  A wireless communication module (e.g., Bluetooth or Wi-Fi) is integrated into the system to send the patient's message to the guardian's mobile application or speaker. This enables remote monitoring of the patient's condition.",
            "\t4.\tBuzzer System: In critical situations, such as when the patient falls or experiences abnormal physiological changes (like a sudden spike in pulse rate), a buzzer is triggered to alert the caregiver immediately.",
            "\t5.\tPower Supply: The system is powered by a rechargeable battery that allows the device to operate continuously. It is lightweight and ensures comfort for the patient while wearing the device.",
            "\t6.\tMobile Application: The system is connected to a mobile application that receives messages from the patient and displays them to the caregiver. The app can also trigger audible alarms in case of an emergency.",
            "\tSoftware Components:",
            "\t1.\tSignal Processing Software: The microcontroller software processes raw sensor inputs and converts them into digital signals. Based on the bending angles of the fingers, the software assigns each range of inputs to a specific message.",
            "\t2.\tMessage Assignment Module: Predefined messages, such as requests for food, water, medical attention, or other daily needs, are stored in the system. When the patient makes a specific gesture, the corresponding message is communicated to the caregiver via the app or a speaker.",
            "\t3.\tCritical Condition Monitoring: In addition to finger gesture-based communication, the system continuously monitors the patient\u2019s condition, including pulse rate and body posture. If an abnormality is detected, such as a high pulse rate or a fall, an emergency message and buzzer alert are triggered.",
            "\tWorking:",
            "\t1.\tTraining the Patient: The patient is initially trained to communicate through finger gestures. Each gesture corresponds to a specific message, which is predefined and stored in the system. For instance, bending the index finger could mean \u201cI need water,\u201d while bending multiple fingers may indicate \u201cI need urgent medical help.\u201d",
            "\t2.\tSensor Detection: Once the patient performs a gesture, the motion detection sensors capture the finger\u2019s movement. The bending angle is converted into a voltage signal that is processed by the microcontroller.",
            "\t3.\tMessage Communication: The microcontroller interprets the signal and maps it to a predetermined message. The message is then sent via Bluetooth or Wi-Fi to the caregiver\u2019s mobile app or speaker. The caregiver receives a notification, either as a text message or voice alert, indicating the patient's need.",
            "\t4.\tEmergency Alerts: The system continuously monitors the patient for critical conditions. If a fall is detected or the pulse rate becomes dangerously high, the buzzer system is activated to alert the caregiver. This ensures that urgent assistance can be provided even if the patient cannot perform a gesture.",
            "\tADVANTAGES OF THE INVENTION",
            "\t\uf0d8\tParalysis patients can easily communicate with their guardians and ask for help if they need.",
            "\t\uf0d8\tSecured and reliable communication.",
            "\t\uf0d8\tRemote monitoring",
            "\t\uf0d8\tAccuracy of Data Collection",
            "\t\uf0d8\tWearable and Comfort",
            "\t\uf0d8\tCost-effectiveness",
            "\t, Claims:1. A motion-based communication system for paralysis patients, comprising: Motion detection sensors configured to detect finger movements, A microcontroller to process the detected movements and map them to predetermined messages, A communication module to relay the message to a caregiver's mobile app or speaker, A buzzer system to alert the caregiver in case of an emergency, and A power supply to operate the device;",
            "\twherein the microcontroller is programmed to map the finger movements to specific voltage ranges and assign corresponding predefined messages to each voltage range.",
            "\t2. The system as claimed in claim 1, wherein the communication module wirelessly transmits the patient\u2019s message to the caregiver using Bluetooth technology.",
            "\t3. The system as claimed in claim 1, wherein the communication module wirelessly transmits the patient\u2019s message to the caregiver via a Wi-Fi connection.",
            "\t4. The system as claimed in claim 1, further comprising a critical condition monitoring module that continuously detects the patient\u2019s physiological state, such as falls or abnormal pulse rates, and triggers an alert to notify the caregiver.",
            "\t5. The system as claimed in claim 1, wherein the motion detection sensors comprise flex sensors that measure the bending angles of the patient\u2019s fingers.",
            "\t6. The system as claimed in claim 1, wherein the buzzer system is triggered when an emergency condition is detected, alerting the caregiver with an audible alarm.",
            "\t7. The system as claimed in claim 1, further comprising a mobile application that displays the patient\u2019s communicated message and includes an alert system for emergency conditions.",
            "\t8. The system as claimed in claim 1, wherein the power supply is a rechargeable battery that enables continuous operation of the device.",
            "\t9. The system as claimed in claim 1, wherein the patient can communicate using a combination of finger movements, each combination representing different messages based on predefined movement patterns."
        ],
        "Inventors": [
            {
                "Name": "B. GIRIRAJAN",
                "Address": "SR UNIVERSITY, ANANTHSAGAR, HASANPARTHY (M), WARANGAL URBAN, TELANGANA - 506371, INDIA",
                "Country": "India",
                "Nationality": "India"
            },
            {
                "Name": "PINNINTI RAJESHWAR REDDY",
                "Address": "SR UNIVERSITY, ANANTHSAGAR, HASANPARTHY (M), WARANGAL URBAN, TELANGANA - 506371, INDIA",
                "Country": "India",
                "Nationality": "India"
            },
            {
                "Name": "VEMULA RAMU",
                "Address": "SR UNIVERSITY, ANANTHSAGAR, HASANPARTHY (M), WARANGAL URBAN, TELANGANA - 506371, INDIA",
                "Country": "India",
                "Nationality": "India"
            },
            {
                "Name": "ETOORI MANEESHWARI",
                "Address": "SR UNIVERSITY, ANANTHSAGAR, HASANPARTHY (M), WARANGAL URBAN, TELANGANA - 506371, INDIA",
                "Country": "India",
                "Nationality": "India"
            },
            {
                "Name": "SABEER SHAIK",
                "Address": "SR UNIVERSITY, ANANTHSAGAR, HASANPARTHY (M), WARANGAL URBAN, TELANGANA - 506371, INDIA",
                "Country": "India",
                "Nationality": "India"
            },
            {
                "Name": "PEDDI MEGHANA",
                "Address": "SR UNIVERSITY, ANANTHSAGAR, HASANPARTHY (M), WARANGAL URBAN, TELANGANA - 506371, INDIA",
                "Country": "India",
                "Nationality": "India"
            },
            {
                "Name": "THOTA DHANUSH",
                "Address": "SR UNIVERSITY, ANANTHSAGAR, HASANPARTHY (M), WARANGAL URBAN, TELANGANA - 506371, INDIA",
                "Country": "India",
                "Nationality": "India"
            }
        ],
        "Applicants": [
            {
                "Name": "SR UNIVERSITY",
                "Address": "ANANTHSAGAR, HASANPARTHY (M), WARANGAL URBAN, TELANGANA - 506371, INDIA",
                "Country": "India",
                "Nationality": "India"
            }
        ]
    }
}