{
    "202441069106": {
        "Invention Title": "A SMART SYSTEM FACILITATING MILK STORAGE AND MANAGEMENT, AND THE METHOD THEREOF",
        "Publication Number": "38/2024",
        "Publication Date": "20/09/2024",
        "Publication Type": "INA",
        "Application Number": "202441069106",
        "Application Filing Date": "12/09/2024",
        "Priority Number": "",
        "Priority Country": "",
        "Priority Date": "",
        "Field Of Invention": "BIO-CHEMISTRY",
        "Classification (IPC)": "A61P0007000000, H04L0067020000, D06F0058200000, H04L0001000000, G06F0003044000",
        "Abstract": "Present invention discloses a smart system (100) facilitating milk storage and management, and method thereof. The smart system (100) includes a smart carton (102) including one or more sensors (104) and a smart tag-based credit module (108). Smart cartons (102) store milk and inform the user (122) about a quality and a quantity of the milk by assessing a real-time data acquired by the sensors. The smart tag-based credit module (108) manages an accessibility of the user to the smart carton (102) and tracks the quantity of the milk in the smart carton. Furthermore, the smart system (100) includes a centralized mobile platform (118) which displays the quality and the quantity of the milk stored in the smart carton (102) together with the real-time data to notify the user (122). Further, allows the user to purchase for milk based on the quantity of the milk remaining in the smart carton.",
        "Description": [
            "Description:TECHNICAL FIELD",
            "\t[0001]\tThe present invention relates to the field of smart kitchen accessories. In particular, it relates to a smart system facilitating milk storage and management, and method thereof.",
            "\tBACKGROUND",
            "[0002]\tBackground description includes information that may be useful in understanding the present disclosure. It is not an admission that any of the information provided herein is prior art or relevant to the presently claimed disclosure, or that any publication specifically or implicitly referenced is prior art.",
            "\t[0003]\tThe freshness of the milk is strongly influenced by the temperature and kind of container used to preserve it. Inadequate storage of milk can lead to spoilage, off-flavors, and a loss of nutrients. While the subject of intelligent milk storage and monitoring is still in its infancy, a number of cutting-edge solutions are already setting the standard. One of the existing products available in the market is smart milk jugs equipped with sensors and algorithms that monitor milk freshness and send alerts to a user's phone or tablet when the milk is about to spoil.  Another existing product is milk coolers which are refrigeration units designed to keep milk Another existing product includes milk quality testing devices and milk freshness monitors. The milk quality testing devices measure various aspects of milk quality, such as fat content, protein levels, and bacterial count.",
            "\t[0004]\tHowever, the existing systems are costly, often require a Wi-Fi connection, and may have limited battery life. In case of the milk quality testing devices, some models are portable for field use, others are designed for laboratory settings and may require specialized training. The testing devices can be expensive and are not tailored for everyday use. Also, the existing systems particularly face limitations in terms of accessibility for visually impaired individuals. Hence, there exists a need for system which can addresses several critical issues related to milk storage and monitoring, overcoming the limitations of existing technologies.",
            "\tOBJECTS OF THE PRESENT DISCLOSURE",
            "\t[0005]\tSome of the objects of the present disclosure, which at least one embodiment herein satisfies are as listed herein below.",
            "\t[0006]\tIt is an object of the present disclosure to provide a smart system facilitating milk storage and management, and the method thereof.",
            "\t[0007]\tIt is another object of the present disclosure that relates to a smart system and method which provides a thorough evaluation of milk quality, including its freshness, temperature, and quantity.",
            "\t[0008]\tIt is another object of the present disclosure that relates to a smart system and method which employs a smart carton equipped with sensors to measure the real-time quality parameters of the milk.",
            "\t[0009]\tIt is another object of the present disclosure that relates to a smart system and method which employs a dedicated mobile application that is capable of managing user credits, providing notifications about milk freshness and temperature, and location updates of the smart carton.",
            "\t[00010]\tIt is another object of the present disclosure that relates to a smart system and method which provides real-time auditory feedback on milk quality, quantity, temperature, and presence.",
            "\tSUMMARY",
            "\t[00011]\tThe present invention relates to the field of smart kitchen accessories. In particular, it relates to a smart system facilitating milk storage and management, and the method thereof. In specific, it relates to a smart system and method which employs a smart carton equipped with sensors to measure the real-time quality parameters of the milk.",
            "\t[00012]\tAn aspect of the present disclosure provides a smart system facilitating milk storage and management. The smart system includes a smart carton including one or more sensors and a smart tag-based credit module. The smart carton is configured to store milk and inform at least one user about the quality and a quantity of the milk by assessing a real-time data acquired by the one or more sensors employing a control unit. The smart tag-based credit module is configured to manage an accessibility of the at least one user to the smart carton and track the quantity of the milk in the smart carton. Furthermore, the smart system includes a centralized mobile platform coupled to the control unit and a computing device associated with at least one user. The centralized mobile platform is configured to display the quality and the quantity of the milk stored in the smart carton together with the real-time data to notify the at least one user employing the computing device. Further, allows the at least one user to purchase milk based on the quantity of the milk remaining in the smart carton.",
            "\t[00013]\tIn an aspect, the smart system is configured to provide a real-time auditory feedback on the quality and the quantity of the milk stored in the smart carton based on the real-time data acquired by the one or more sensors. The real-time data includes any or a combination of a temperature of milk, a fat content of milk, quantity, and a presence of milk in the smart carton. The real-time auditory feedback is provided by a speaker coupled to the smart carton. Further, the smart system is configured to provide a real-time notification to the at least one user through the centralized mobile platform once the smart carton detects a change in an optimal storage condition of the milk in the smart carton changes and accesses one or more chances of spoilage of the milk. Further, the smart system is configured to enable a real-time tracking of a location of the smart carton by employing a location tracking module coupled to the smart carton. The location tracking module includes at least one of a Global Positioning System (GPS), and a Navigation with Indian Constellation (NavIC) system.",
            "\t[00014]\tIn an aspect, the smart tag-based credit module includes a Radio-frequency identification (RFID) scanner coupled to an opening lid of the smart carton, and the RFID scanner configured to generate and send a signal to an RFID tag coupled to the opening lid of the smart carton once the smart carton is accessed by the at least one user by opening the opening lid. The RFID tag is configured to receive the signal from the RFID scanner and transmit a unique ID to the RFID scanner which in turn enables the smart tag-based credit module to perform one or more actions. The one or more actions include at least one of an authenticate the user, a manage a credit deduction, and a record carton usage.",
            "\t[00015]\tIn an aspect, the centralized mobile platform is configured to track and manages a credit of the at least one user. The credit is the quantity of milk available in the smart carton before the at least one user accesses the smart carton. Further, the centralized mobile platform is configured to automatically deduct the credit of the at least one user each time the at least one user accesses the smart carton for collecting milk. Further, the centralized mobile platform is configured to update a balance credit of the at least one user. The balance credit is the quantity of milk remaining in the smart carton once the user collects milk from the smart carton. Furthermore, the centralized mobile platform is configured to allow the at least one user to perform a payment to purchase milk from a milk provider to increase the credit available to the at least one user.",
            "\t[00016]\tIn an aspect, the centralized mobile platform is configured to allow the at least one user to access a transaction history of a purchase of the milk, a view detailed on the consumption of the milk, and a receive an alert about one or more anomalies in the milk stored in the smart carton. The one or more anomalies in the milk include at least one of a change in temperature of milk, a change in fat content of milk, and a spoilage of milk.",
            "\t[00017]\tIn an aspect, the one or more sensors include at least one of a temperature sensor, an infrared (IR) sensor, an ultrasonic sensor, and a lactometer.",
            "\t[00018]\tIn an aspect, the smart carton is portable and equipped with a power source configured to provide a power for consistent operation of the smart carton. The smart carton employs a glass container to store the milk and an eco-friendly enclosure to hold the glass container. The eco-friendly enclosure is made up of at least one of a wood, and a bio-composite.",
            "\t[00019]\tIn an aspect, the smart system is configured to enable the at least one user to assess the quality and the quantity of the milk stored in the smart carton through a hand-free monitoring.",
            "\t[00020]\tIn an aspect, a method for facilitating milk storage and management by a smart system. The method includes steps of initializing, a smart carton by at least one user to store to store milk in the smart carton. Further, the method includes steps of acquiring, a real-time data associated with the milk stored in the smart carton by employing one or more sensors coupled to the smart carton. Further, the method includes steps of assessing, a quality and a quantity of the milk by processing the real-time data acquired by the one or more sensors employing a control unit. Further, the method includes steps of allowing, the at least one user to collect milk from the milk stored in the smart carton based on a credit available by authenticating the at least one user. Further, enabling, the at least one user to purchase milk from a milk provider by employing a centralized mobile platform to increase the credit available. The credit is the quantity of milk available in the smart carton before the at least one user accesses the smart carton. Furthermore, the method includes steps of informing, the at least one user about the quality and the quantity of the milk stored in the smart carton by employing at least one of a notification provided by the centralized mobile platform accessible by a computing device associated with the at least one user and a real-time auditory feedback employing a speaker coupled to the smart carton.",
            "\t[00021]\t  In an aspect, the real-time auditory feedback is provided to the at least one user by employing the speaker coupled to the smart carton. The real-time auditory feedback provided includes at least one of a temperature of the milk stored, a quality of the milk stored, a quantity of the milk stored, and a presence of milk in the smart carton.",
            "[00022]\tVarious objects, features, aspects, and advantages of the inventive subject matter will become more apparent from the following detailed description of preferred embodiments, along with the accompanying drawing figures in which like numerals represent like components.",
            "BRIEF DESCRIPTION OF DRAWINGS",
            "[00023]\tThe accompanying drawings are included to provide a further understanding of the present disclosure, and are incorporated in, and constitute a part of this specification. The drawings illustrate exemplary embodiments of the present disclosure, and together with the description, serve to explain the principles of the present disclosure.",
            "[00024]\tIn the figures, similar components, and/or features may have the same reference label. Further, various components of the same type may be distinguished by following the reference label with a second label that distinguishes among the similar components. If only the first reference label is used in the specification, the description is applicable to any one of the similar components having the same first reference label irrespective of the second reference label.",
            "\t[00025]\tFIG. 1 illustrates an exemplary block diagram of the proposed smart system 100 facilitating milk storage and management, in accordance with an embodiment of the present disclosure.",
            "\t[00026]\tFIG. 2 illustrates an exemplary electrical circuit diagram 200 with an electric component of a smart carton employed in the proposed smart system 100 facilitating milk storage and management, in accordance with an embodiment of the present disclosure.",
            "\t[00027]\tFIG. 3 illustrates an exemplary flow diagram 300 of the method for facilitating milk storage and management by the smart system 100, in accordance with an embodiment of the present disclosure.",
            "\t[00028]\tFIG. 4 illustrates an exemplary (a) top view and (b) front view of the smart carton employed in the proposed smart system 100 facilitating milk storage and management, in accordance with an embodiment of the present disclosure.",
            "\t[00029]\tFIG. 5 illustrates an exemplary view of the centralized mobile platform (a) wallet view, (b) payment page view, (c) transaction history, and (d) GPS location tracking view of the smart carton, in accordance with an embodiment of the present disclosure.",
            "DETAILED DESCRIPTION",
            "[00030]\tThe following is a detailed description of embodiments of the disclosure depicted in the accompanying drawings. The embodiments are in such detail as to clearly communicate the disclosure. However, the amount of detail offered is not intended to limit the anticipated variations of embodiments; on the contrary, the intention is to cover all modifications, equivalents, and alternatives falling within the spirit and scope of the present disclosure as defined by the appended claims.",
            "\t[00031]\tVarious aspects of the present disclosure are described with respect to FIG 1-5.",
            "\t[00032]\tEmbodiments of the present invention relates to a smart system facilitating milk storage and management, and method thereof. In specific, it relates to a smart system and method which employs a smart carton equipped with sensors to measure the real-time quality parameters of the milk.",
            "\t[00033]\tFIG. 1 illustrates an exemplary block diagram of the proposed smart system 100 facilitating milk storage and management, in accordance with an embodiment of the present disclosure.",
            "\t[00034]\tIn an embodiment, referring to FIG. 1, the exemplary block diagram of the proposed smart system 100 facilitating milk storage and management. The smart system 100 may include a smart carton 102 including one or more sensors 104 and a smart tag-based credit module 108. The smart carton 102 can be configured to store milk and inform at least one user 122 about a quality and a quantity of the milk by assessing a real-time data acquired by the one or more sensors 104 employing a control unit 106. The one or more sensors 104 can include, but not limited to: a temperature sensor, an infrared (IR) sensor, an ultrasonic sensor, a lactometer, and the like. The real-time data can include, but not limited to: a temperature of milk, a fat content of milk, quantity, a presence of milk in the smart carton 102, and the like. A person of ordinary skill in the art will understand that the smart system 100 may be referred to as system 100 and the smart carton 102 may be referred to as carton 102.",
            "\t[00035]\tIn an embodiment, the smart carton 102 can be portable and may be equipped with a power source 204 configured to provide a power for consistent operation of the smart carton 102. The smart carton 102 may employ a glass container to store the milk and an eco-friendly enclosure to hold the glass container. The eco-friendly enclosure may be made up of material including, but not limited to: a wood, a bio-composite, and the like.",
            "\t[00036]\tIn an exemplary embodiment, the smart carton 102 may include one or more components including, but not limited to: a display unit, a Radio-frequency identification (RFID) scanner, an RFID tag, a location tacking module, a speaker, and the like. The display unit can be a Liquid Crystal Display (LCD). The location tracking module can be a GPS tracker.",
            "\t[00037]\tIn an embodiment, the smart tag-based credit module 108 can be configured to manage an accessibility of the user 122 to the smart carton 102 and track the quantity of the milk in the smart carton 102. The smart tag-based credit module 108 may include the RFID scanner 110 coupled to an opening lid of the smart carton 102, and the RFID scanner 110 configured to generate and send a signal to the RFID tag 112 coupled to the opening lid of the smart carton 102 once the smart carton 102 is accessed by the user 122 by opening the opening lid. The RFID tag 112 can be configured to receive the signal from the RFID scanner 110 and transmit a unique ID to the RFID scanner 110 which in turn enables the smart tag-based credit module 108 to perform one or more actions. The one or more actions can include, but not limited to: an authenticate the user, a manage a credit deduction, a record carton usage, and the like.",
            "\t[00038]\tIn an embodiment, the smart system 100 may include a centralized mobile platform 118 coupled to the control unit 106 and a computing device 120 associated with the user 122. The centralized mobile platform 118 can be configured to display the quality and the quantity of the milk stored in the smart carton 102 together with the real-time data to notify the user 122 employing the computing device 120. Further, allows the user 122 to purchase for milk based on the quantity of the milk remaining in the smart carton 102.",
            "\t[00039]\tIn an embodiment, the centralized mobile platform 118 can be configured to track and manages a credit of the user 122. The credit is the quantity of milk available in the smart carton 102 before the user 122 accesses the smart carton 102. Further, the centralized mobile platform 118 can be configured to automatically deduct the credit of the user 122 each time the user 122 accesses the smart carton 102 for collecting milk. Further, the centralized mobile platform 118 can be configured to update a balance credit of the user 122. The balance credit is the quantity of milk remaining in the smart carton 102 once the user 122 collects milk from the smart carton 102. Furthermore, the centralized mobile platform 118 can be configured to allow the user 122 to perform a payment to purchase milk from a milk provider 124 to increase the credit available to the user 122.",
            "\t[00040]\tIn an embodiment, the centralized mobile platform 118 can be configured to allow the user 122 to access a transaction history of a purchase of the milk, a view detailed on the consumption of the milk, and a receive an alert about one or more anomalies in the milk stored in the smart carton 102. The one or more anomalies in the milk can include, but not limited to: a change in the temperature of milk, a change in fat content of milk, a spoilage of milk, and the like.",
            "\t[00041]\tIn an embodiment, the smart system 100 can be configured to provide a real-time auditory feedback on the quality and the quantity of the milk stored in the smart carton 102 based on the real-time data acquired by the one or more sensors 104. The real-time auditory feedback is provided by the speaker 114 coupled to the smart carton 102. Further, the smart system 100 can be configured to provide a real-time notification to the user 122 through the centralized mobile platform 118 once the smart carton 102 detects a change in an optimal storage condition of the milk in the smart carton 102 changes and accesses one or more chances of spoilage of the milk. Further, the smart system 100 can be configured to enable a real-time tracking of a location of the smart carton 102 by employing the location tracking module 116 coupled to the smart carton 102. The location tracking module 116 can include, but not limited to: a Global Positioning System (GPS), a Navigation with Indian Constellation (NavIC) system, and the like.",
            "\t[00042]\tIn an embodiment, the smart system 100 can be configured to enable the user 122 to assess the quality and the quantity of the milk stored in the smart carton 102 through a hand-free monitoring.",
            "\t[00043]\tAs can be understood by those ordinary skill in the art, although FIG. 1 shows exemplary components of the system 100, in different embodiments, the system 100 may include fewer components, different components, differently arranged components, or additional functional components than depicted in FIG. 1. Additionally, or alternatively, one or more components of the system 100 may perform functions described as being performed by one or more other components of the system 100.",
            "\t[00044]\tFIG. 2 illustrates an exemplary electrical circuit diagram 200 with an electric component of a smart carton employed in the proposed smart system 100 facilitating milk storage and management, in accordance with an embodiment of the present disclosure.",
            "\t[00045]\tIn an exemplary embodiment, referring to FIG. 2, the exemplary electrical circuit diagram 200 with an electric component of smart carton 102 employed in the proposed smart system 100 facilitating milk storage and management. The electric circuit may include a microcontroller 202, a power source 204, a temperature sensor 206, an LCD display 208, an IR sensor 210, a speaker 114, an RFID scanner 110, a GPS tracker 212, an ultrasonic sensor 214, a lactometer 216. The microcontroller 202 acts as the control unit 106.",
            "\t[00046]\tIn an exemplary embodiment, the smart carton 102 employs a Hi-Watt 9v Battery to power the components. Arduino Uno microcontroller is employed as the control unit 106.",
            "\t[00047]\tIn another exemplary embodiment, the GPS tracker may be employed to provide precise location information for the smart carton. Utilizing Global Positioning System (GPS) technology, the tracker continuously receives signals from satellites to determine the exact geographical location of the carton. The satellite data is further transmitted to the centralized mobile platform 118, allowing the users to monitor the carton\u2019s whereabouts in real-time. The GPS tracker enables the users to track the location of the smart carton for personal convenience or to ensure that the carton remains within a specified area. In addition to providing location updates, the GPS tracker also enables managing and optimizing the delivery and retrieval of the cartons. By integrating GPS tracking, the smart carton enhances the user experience with accurate location data, making it easier for users to locate the smart carton and ensuring the security and effective management.",
            "\t[00048]\tIn an exemplary embodiment, by connecting to the microcontroller, the speaker 114 provides real-time auditory feedback on various sensor readings and the smart system notifications. The speaker vocalizes information including, but not limited to: the milk quality, the temperature, the quantity, and the presence, and the like. For an instance, the said feature of vocalization of information from the smart cart employing the speaker is especially beneficial for visually impaired users who may rely on auditory cues rather than visual displays. Further, the speaker may be engineered to deliver clear, easily understandable audio alerts and updates, ensuring that the users can quickly and accurately receive the necessary information about the milk stored. The auditory feedback not only improves accessibility but also enhances user convenience by allowing hands-free monitoring and management of milk storage. The incorporation of the speaker in the smart carton addresses a broader range of user needs, making the device more inclusive and user-friendly.",
            "\t[00049]\tIn an exemplary embodiment, the RFID (Radio Frequency Identification) scanner 110 may be employed to streamline and secure user interactions with the smart carton. The RFID scanner-RFID tag interaction employed forms the basic component of the smart tag-based credit module 108. For an instance, the smart tag-based credit module 108 can be the RFID-based credit module. Embedded near the carton\u2019s opening, the RFID scanner reads the unique RFID tag affixed to the smart carton, allowing for automated and efficient tracking of usage of the milk. Once the user opens the carton, the scanner detects the RFID tag and verifies the identity of the user. The RFID tag contains a unique identification number and is designed to be read by the RFID scanner. once the carton is accessed, the RFID scanner sends out a signal that the RFID tag responds to, transmitting its unique ID back to the scanner. The RFID scanner-RFID tag interaction allows the system to authenticate the user, manage credit deductions, and record carton usage efficiently.  Further, the RFID-based credit module ensures that the correct credit is deducted from the monthly balance. For an instance, the RFID scanner ensures that every time the user opens the carton, a single credit is deducted from a monthly wallet of 30/31 credits. The credits may be recharged by the milk provider company, and the bill may be sent to the user. The RFID-based credit module not only facilitates seamless access control but also enables managing and recording each carton\u2019s usage accurately. The integration of the RFID scanner in the smart carton provides an enhanced level of security and operational efficiency, ensuring that each transaction is logged and billed correctly. The RFID-based credit feature simplifies the management of credits, minimizes unauthorized access, and offers a transparent billing system, thereby improving overall user experience and accountability.",
            "\t[00050]\tFIG. 3 illustrates an exemplary flow diagram 300 of the method for facilitating milk storage and management by the smart system 100, in accordance with an embodiment of the present disclosure.",
            "\t[00051]\tIn an embodiment, referring to FIG. 3, exemplary method 300 for facilitating milk storage and management by the smart system 100. The method includes step 302 of initializing, the smart carton 102 by user 122 to store to store milk in the smart carton 102. Further, the method includes step 304 of acquiring, a real-time data associated with the milk stored in the smart carton 102 by employing one or more sensors 104 coupled to the smart carton 102. Further, the method includes step 306 of assessing, a quality and quantity of the milk by processing the real-time data acquired by the one or more sensors 104 employing a control unit 106. Further, the method includes step 308 of allowing, the user 122 to collect milk from the milk stored in the smart carton 102 based on a credit available by authenticating the user 122. Further, enabling, the user 122 to purchase milk from the milk provider 124 by employing a centralized mobile platform 118 to increase the credit available. The credit is the quantity of milk available in the smart carton 102 before the user 122 accesses the smart carton 102. Furthermore, the method includes step 310 of informing, the user 122 about the quality and the quantity of the milk stored in the smart carton 102 by employing at least one of a notification provided by the centralized mobile platform 118 accessible by a computing device 120 associated with the user 122 and a real-time auditory feedback employing a speaker 114 coupled to the smart carton 102.",
            "\t[00052]\tFIG. 4 illustrates an exemplary (a) top view and (b) front view of the smart carton employed in the proposed smart system 100 facilitating milk storage and management, in accordance with an embodiment of the present disclosure.",
            "\t[00053]\tIn an embodiment, referring to FIG. 4, the exemplary (a) top view and (b) front view of the smart carton 102 employed in the proposed smart system 100 facilitates milk storage and management. The smart carton 102 may employ a glass container to store the milk and an eco-friendly enclosure to hold the glass container. The eco-friendly enclosure can be made up of materials including, but not limited to: a wood, a bio-composite, and the like. The smart carton 102 can be made to be portable so that the carton 102 can be carried to one or more places of the user 122 choices. Further, the smart carton 102 may be equipped with the power source 204 configured to provide a power for the consistent operation of the smart carton 102.",
            "\t[00054]\tIn an exemplary embodiment, referring to FIG. 4, the circuit components employed in the smart carton 102 may be securely enclosed in the eco-friendly enclosure of the smart carton without disturbing the milk stored in the smart carton. For an instance, the ultrasonic sensor, the IR sensor, the microprocessor, the RFID scanner, the RFID tag, and the GPS tracker, may be enclosed in the lid region of the eco-friendly enclosure of the smart carton. In another instance, the speaker, the power source, and the temperature sensor may be enclosed in the inner region of the eco-friendly enclosure of the smart carton. In still another instance, the lactometer may be kept inside the glass container to get a continuous access to the milk and monitor the fat content of the milk.",
            "\t[00055]\tIn an exemplary embodiment, the smart carton offers a hassle-free and effective solution for milk storage and monitoring for normal persons and visually impaired persons. Equipped with a temperature sensor, an IR sensor, a lactometer, an ultrasonic sensor, a GPS tracker, and a notification system, which ensure that milk is stored at the ideal temperature, is pure, and consumed before it spoils. Additionally, a built-in speaker connected to an Arduino system reads out sensor data, aiding visually impaired users by providing real-time updates on milk quality, quantity, temperature, and presence. The smart carton features a comprehensive mobile app that integrates seamlessly with the device. The app not only provides notifications about milk freshness and temperature but also offers detailed insights into milk quality and quantity. It manages user credits, which are deducted each time the carton is accessed, and sends location updates via the GPS tracker, allowing users to keep track of their carton\u2019s whereabouts. This app ensures convenience and enhances the user experience by centralizing all monitoring and management functions. Each user is assigned a unique carton based on their RFID, which is affixed to the top side of the carton. The RFID scanner near the opening of the carton ensures that every time the user opens the carton, a single credit is deducted from a monthly wallet of 30/31 credits. These credits are recharged by the company, and the bill is sent to the user.",
            "\t[00056]\tFIG. 5 illustrates an exemplary view of the centralized mobile platform (a) wallet view, (b) payment page view, (c) transaction history, and (d) GPS location tracking view of the smart carton, in accordance with an embodiment of the present disclosure.",
            "\t[00057]\tIn an embodiment, referring to FIG. 5, the exemplary view of the centralized mobile platform (a) wallet view, (b) payment page view, (c) transaction history, and (d) GPS location tracking view of the smart carton. The centralized mobile platform 118 connects seamlessly with the smart carton 102, providing the user 122 with a comprehensive interface to manage and monitor the milk storage. The centralized mobile platform 118 delivers real-time notifications regarding milk freshness, temperature, and quality, ensuring that user 122 may always be informed about the state of the milk. The centralized mobile platform 118 also tracks and manages user credits, automatically deducting credits each time the carton 102 is accessed and updating the balance credit of the user 122 accordingly. Additionally, the centralized mobile platform 118 utilizes GPS data to provide accurate location updates for the carton 102, allowing the user 122 to easily locate the smart carton 102 if needed. The centralized mobile platform 118 allows the user 122 to access historical data, view detailed insights into milk consumption, and receive alerts about any anomalies. Centralizing the said functions in the centralized mobile platform 118, provides a streamlined and efficient solution for milk management, enhancing user experience with easy access to all critical information and controls.",
            "\t[00058]\tIf the specification states a component or feature \u201cmay\u201d, \u201ccan\u201d, \u201ccould\u201d, or \u201cmight\u201d be included or have a characteristic, that particular component or feature is not required to be included or have the characteristic.",
            "[00059]\tAs used in the description herein and throughout the claims that follow, the meaning of \u201ca,\u201d \u201can,\u201d and \u201cthe\u201d may include plural reference unless the context clearly dictates otherwise. Also, as used in the description herein, the meaning of \u201cin\u201d may include \u201cin\u201d and \u201con\u201d unless the context clearly dictates otherwise.",
            "\t[00060]\tIt is to be appreciated by a person skilled in the art that while various embodiments of the present disclosure have been elaborated for a smart system facilitating milk storage and management, and the method thereof. However, the teachings of the present disclosure are also applicable for other types of applications as well, and all such embodiments are well within the scope of the present disclosure. However, the smart system facilitating milk storage and management, and method thereof is also equally implementable in other industries as well, and all such embodiments are well within the scope of the present disclosure without any limitation.",
            "\t[00061]\tAccordingly, the present disclosure a smart system facilitating milk storage and management, and the method thereof.",
            "\t[00062]\tMoreover, in interpreting the specification, all terms should be interpreted in the broadest possible manner consistent with the context. In particular, the terms \u201ccomprises\u201d and \u201ccomprising\u201d should be interpreted as referring to elements, components, or steps in a non-exclusive manner, indicating that the referenced elements, components, or steps may be present, or utilized, or combined with other elements, components, or steps that are not expressly referenced. Where the specification claims refer to at least one of something selected from the group consisting of A, B, C\u2026.and N, the text should be interpreted as requiring only one element from the group, not A plus N, or B plus N, etc.",
            "\t[00063]\tWhile the foregoing describes various embodiments of the disclosure, other and further embodiments of the disclosure may be devised without departing from the basic scope thereof. The scope of the disclosure is determined by the claims that follow. The disclosure is not limited to the described embodiments, versions or examples, which are included to enable a person having ordinary skill in the art to make and use the disclosure when combined with information and knowledge available to the person having ordinary skill in the art.",
            "\tADVANTAGES OF THE PRESENT DISCLOSURE",
            "\t[00064]\tThe present disclosure provides a smart system facilitating milk storage and management, and the method thereof.",
            "\t[00065]\tThe present disclosure provides a smart system and method which provides a thorough evaluation of milk quality, including its freshness, temperature, and quantity.",
            "\t[00066]\tThe present disclosure provides a smart system and method which employs a smart carton equipped with sensors to measure the real-time quality parameters of the milk.",
            "\t[00067]\tThe present disclosure provides a smart system and method which provides real-time auditory feedback on milk quality, quantity, temperature, and presence.",
            "\t[00068]\tThe present disclosure provides a smart system and method which employs a dedicated mobile app that is capable of managing user credits, providing notifications about milk freshness and temperature, and a location updates of the smart carton.",
            "\t[00069]\tThe present disclosure provides a smart system and method which incorporates an RFID-based credit system to authenticate the user and manage milk consumption and billing efficiently, ensuring users are aware of their usage and costs in a transparent manner.  , Claims:1.\tA smart system (100) facilitating milk storage and management, the smart system (100) comprising:",
            "\ta smart carton (102) comprising one or more sensors (104) and a smart tag-based credit module (108), and the smart carton (102) is configured to store milk and inform at least one user (122) about quality and a quantity of the milk by assessing a real-time data acquired by the one or more sensors (104) employing a control unit (106), wherein the smart tag-based credit module (108) is configured to manage an accessibility of the at least one user (122) to the smart carton (102) and track the quantity of the milk in the smart carton (102); and",
            "\ta centralized mobile platform (118) coupled to the control unit (106) and a computing device (120) associated with the at least one user (122), wherein the centralized mobile platform (118) is configured to display the quality and the quantity of the milk stored in the smart carton (102) together with the real-time data to notify the at least one user (122) employing the computing device (120) and allow the at least one user (122) to purchase for milk based on the quantity of the milk remained in the smart carton (102).",
            "\t2.\tThe smart system (100) as claimed in claim 1, wherein the smart system (100) is configured to:",
            "\tprovide a real-time auditory feedback on the quality and the quantity of the milk stored in the smart carton (102) based on the real-time data acquired by one or more sensors (104), wherein the real-time data comprises any or a combination of a temperature of milk, a fat content of milk, quantity, and a presence of mil in the smart carton (102), wherein the real-time auditory feedback is provided by a speaker (114) coupled to the smart carton (102);",
            "\tprovide a real-time notification to the at least one user (122) through the centralized mobile platform (118) once the smart carton (102) detects a change in an optimal storage condition of the milk in the smart carton (102) changes and accesses one or more chances of spoilage of the milk; and",
            "\tenable a real-time tracking of a location of the smart carton (102) by employing a location tracking module (116) coupled to the smart carton (102), wherein the location tracking module (116) comprises at least one of a Global Positioning System (GPS), and a Navigation with Indian Constellation (NavIC) system.",
            "\t3.\tThe smart system (100) as claimed in claim 1, wherein the smart tag-based credit module (108) comprising:",
            "\ta Radio-frequency identification (RFID) scanner (110) coupled to an opening lid of the smart carton (102), and the RFID scanner (110) configured to generate and send a signal to an RFID tag (112) coupled to the opening lid of the smart carton (102) once the smart carton (102) is accessed by the at least one user (122) by opening the opening lid,",
            "\twherein the RFID tag (112) is configured to receive the signal from the RFID scanner (110) and transmit a unique ID to the RFID scanner (110) which in turn enables the smart tag-based credit module (108) to perform one or more actions,",
            "\twherein the one or more actions comprises at least one of an authenticate the user, a manage a credit deduction, and a record carton usage.",
            "\t4.\tThe smart system (100) as claimed in claim 1, wherein the centralized mobile platform (118) is configured to:",
            "\ttrack and manage a credit of the at least one user (122), wherein the credit is the quantity of milk available in the smart carton (102) before the at least one user (122) accesses the smart carton (102);",
            "\tautomatically deduct the credit of the at least one user (122) each time the at least one user (122) accesses the smart carton (102) for collecting milk;",
            "\tupdate a balance credit of the at least one user (122), wherein the balance credit is the quantity of milk remaining in the smart carton (102) once the at least one user (122) collects milk from the smart carton (102); and",
            "\tallow the at least one user (122) to perform a payment to purchase milk from a milk provider (124) to increase the credit available to the at least one user (122).",
            "\t5.\tThe smart system (100) as claimed in claim 1, wherein the centralized mobile platform (118) is configured to:",
            "\tallow the at least one user (122) to access a transaction history of a purchase of the milk, a view detailed on the consumption of the milk, and a receive an alert about one or more anomalies in the milk stored in the smart carton (102),",
            "\twherein the one or more anomalies in the milk comprises at least one of a change in temperature of milk, a change in fat content of milk, and a spoilage of milk.",
            "\t6.\tThey smart system (100) as claimed in claim 1, wherein the one or more sensors (104) comprises at least one of a temperature sensor (206), an Infra-red (IR) sensor (210), an ultrasonic sensor (214), and a lactometer (216).",
            "\t7.\tThe smart system (100) as claimed in claim 1, wherein the smart carton (102) is portable and equipped with a power source (204) configured to provide a power for consistent operation of the smart carton (102),",
            "\twherein the smart carton (102) employs a glass container to store the milk and an eco-friendly enclosure to hold the glass container,",
            "\twherein the eco-friendly enclosure is made up of at least one of a wood, and a bio-composite. {please confirm}",
            "\t8.\tThe smart system (100) as claimed in claim 1, wherein the smart system (100) is configured to:",
            "\tenable the at least one user (122) to assess the quality and the quantity of the milk stored in the smart carton (102) through a hand-free monitoring.",
            "\t9.\tA method (500) for facilitating milk storage and management by a smart system (100), the method (500) comprising:",
            "\tinitializing (302), a smart carton (102) by at least one user (122) to store to store milk in the smart carton (102);",
            "\tacquiring (304), a real-time data associated with the milk stored in the smart carton (102) by employing one or more sensors (104) coupled to the smart carton (102);",
            "\tassessing (306), a quality and a quantity of the milk by processing the real-time data acquired by the one or more sensors (104) employing a control unit (106);",
            "\tallowing (308), the at least one user (122) to collect milk from the milk stored in the smart carton (102) based on a credit available by authenticating the at least one user (122), and enabling, the at least one user (122) to purchase milk from a milk provider (124) by employing a centralized mobile platform (118) to increase the credit available, wherein the credit is the quantity of milk available in the smart carton (102) before the at least one user (122) accesses the smart carton (102); and",
            "\tinforming (310), the at least one user (122) about the quality and the quantity of the milk stored in the smart carton (102) by employing at least one of a notification provided by the centralized mobile platform (118) and a real-time auditory feedback.",
            "\t10.\tThe method as claimed in claim 9, wherein the real-time auditory feedback is provided to the at least one user (122) by employing the speaker (114) coupled to the smart carton (102),",
            "\twherein the real-time auditory feedback provided comprises at least one of a temperature of the milk stored, a quality of the milk stored, a quantity of the milk stored, and a presence of milk in the smart carton (102)."
        ],
        "Inventors": [
            {
                "Name": "UMAMAHESWARI E",
                "Address": "Professor Grade 1, Centre for Cyber Physical Systems, School of Computer Science and Engineering, Vellore Institute of Technology, Chennai, Vandalur - Kelambakkam Road, Chennai, Tamil Nadu - 600127, India.",
                "Country": "India",
                "Nationality": "India"
            },
            {
                "Name": "KANCHANA DEVI V",
                "Address": "Associate Professor Grade 2, School of Computer Science and Engineering, Vellore Institute of Technology, Chennai, Vandalur - Kelambakkam Road, Chennai, Tamil Nadu - 600127, India.",
                "Country": "India",
                "Nationality": "India"
            },
            {
                "Name": "V. PARTHIBAN",
                "Address": "Associate Professor Senior, School of Advanced Sciences, Vellore Institute of Technology, Chennai, Vandalur - Kelambakkam Road, Chennai, Tamil Nadu - 600127, India.",
                "Country": "India",
                "Nationality": "India"
            },
            {
                "Name": "UTKARSH MISHRA",
                "Address": "PG Student, School of Computing Sciences and Engineering, Vellore Institute of Technology, Chennai, Vandalur - Kelambakkam Road, Chennai, Tamil Nadu - 600127, India.",
                "Country": "India",
                "Nationality": "India"
            },
            {
                "Name": "AAKARSH MISHRA",
                "Address": "PG Student, School of Computing Sciences and Engineering, Vellore Institute of Technology, Chennai, Vandalur - Kelambakkam Road, Chennai, Tamil Nadu - 600127, India.",
                "Country": "India",
                "Nationality": "India"
            },
            {
                "Name": "NANCY SAXENA",
                "Address": "PG Student, School of Computing Sciences and Engineering, Vellore Institute of Technology, Chennai, Vandalur - Kelambakkam Road, Chennai, Tamil Nadu - 600127, India.",
                "Country": "India",
                "Nationality": "India"
            },
            {
                "Name": "ANSH PANDEY",
                "Address": "PG Student, School of Computing Sciences and Engineering, Vellore Institute of Technology, Chennai, Vandalur - Kelambakkam Road, Chennai, Tamil Nadu - 600127, India.",
                "Country": "India",
                "Nationality": "India"
            }
        ],
        "Applicants": [
            {
                "Name": "VELLORE INSTITUTE OF TECHNOLOGY, CHENNAI",
                "Address": "Vandalur - Kelambakkam Road, Chennai, Tamil Nadu - 600127, India.",
                "Country": "India",
                "Nationality": "India"
            }
        ]
    }
}