{
    "202441068415": {
        "Invention Title": "IoT-Enabled Healthcare Environment with Machine Learning-Optimized Resource Allocation",
        "Publication Number": "38/2024",
        "Publication Date": "20/09/2024",
        "Publication Type": "INA",
        "Application Number": "202441068415",
        "Application Filing Date": "10/09/2024",
        "Priority Number": "",
        "Priority Country": "",
        "Priority Date": "",
        "Field Of Invention": "CHEMICAL",
        "Classification (IPC)": "A61P0001000000, C07C0309420000, C07C0303320000, C07C0233780000, C07K0016220000",
        "Abstract": "The patent specification outlines an IoT-enabled healthcare system that uses machine learning algorithms to optimize resource allocation. IoT-enabled healthcare systems using deep learning for patient monitoring and diagnosis. It demonstrates the effectiveness of Convolutional Neural Networks (CNNs) and Long Short-Term Memory (LSTM)-based IoT-based healthcare solutions, such as real-time patient monitoring, disease detection, risk prediction, and therapy optimization. Combining these techniques with IoT can improve healthcare quality, cost, and outcomes by improving disease detection, personalized treatment, and patient monitoring through connected devices and powerful analytics. The system connects various IoT devices, sensors, and medical equipment, providing valuable insights. It optimizes staffing allocation, equipment utilization, and patient care. The system also reduces wait times, ensures timely access to resources, and reduces costs through streamlined processes. The patent specification aims to improve patient outcomes, operational efficiency, and cost reduction in healthcare.",
        "Description": [
            "Description:The patent specification outlines an IoT-enabled healthcare system that uses machine learning algorithms to optimize resource allocation. IoT-enabled healthcare systems using deep learning for patient monitoring and diagnosis. It demonstrates the effectiveness of Convolutional Neural Networks (CNNs) and Long Short-Term Memory (LSTM)-based IoT-based healthcare solutions, such as real-time patient monitoring, disease detection, risk prediction, and therapy optimization. Combining these techniques with IoT can improve healthcare quality, cost, and outcomes by improving disease detection, personalized treatment, and patient monitoring through connected devices and powerful analytics. The system connects various IoT devices, sensors, and medical equipment, providing valuable insights. It optimizes staffing allocation, equipment utilization, and patient care. The system also reduces wait times, ensures timely access to resources, and reduces costs through streamlined processes. The patent specification aims to improve patient outcomes, operational efficiency, and cost reduction in healthcare. , Claims:1.\tAn IoT-enabled healthcare environment comprising:",
            "\t\u2022\ta network of interconnected IoT devices, sensors, and medical equipment generating data pertaining to patients, equipment, and environmental factors;",
            "\t\u2022\ta central server configured to collect and analyze data from the IoT devices using machine learning algorithms;",
            "\t\u2022\ta resource allocation optimization module that optimizes staffing and equipment utilization based on analyzed data and predicted demand;",
            "\t\u2022\ta user interface that enables healthcare providers to view and interact with resource allocation recommendations.",
            "\t2.\tThe healthcare environment of claim 1, wherein the machine learning algorithms comprise predictive analytics, clustering, and optimization techniques to identify patterns and correlations in resource utilization data.",
            "\t3.\tThe healthcare environment of claim 2, wherein the resource allocation optimization module optimizes staffing allocation by analyzing patient demand, skill set requirements, and staff availability.",
            "\t4.\tThe healthcare environment of claim 3, wherein the resource allocation optimization module optimizes equipment utilization based on usage patterns, maintenance needs, and equipment availability.",
            "\t5.\tA method for optimizing resource allocation in a healthcare environment using IoT and machine learning, comprising:",
            "\t\u2022\tcollecting data from a network of IoT devices, sensors, and medical equipment;",
            "\t\u2022\tanalyzing the data using machine learning algorithms to identify patterns and predict demand;",
            "\t\u2022\toptimizing staffing allocation based on analyzed data, patient needs, and staff availability;",
            "\t\u2022\toptimizing equipment utilization based on usage patterns, maintenance needs, and equipment availability.",
            "\t6.\tThe method of claim 3, further comprising generating real-time alerts and notifications to healthcare providers regarding resource allocation adjustments."
        ],
        "Inventors": [
            {
                "Name": "Ms.V.Geetha, KGiSL Institute of Technology",
                "Address": "Assistant Professor,\nDepartment of Computer Science and Engineering,\nKGiSL Institute of Technology,\n365, Kgisl Campus, near Thudiyalur Road, Saravanampatti, Coimbatore, Tamil Nadu 641035, India",
                "Country": "India",
                "Nationality": "India"
            },
            {
                "Name": "Ms.R.Janani, KGiSL Institute of Technology",
                "Address": "Assistant Professor, \nDepartment of Computer science and Engineering, \nKGiSL Institute of Technology,\n365, Kgisl Campus, near Thudiyalur Road, Saravanampatti, Coimbatore, Tamil Nadu 641035, India",
                "Country": "India",
                "Nationality": "India"
            },
            {
                "Name": "Ms.S.Indhumathi, KGiSL Institute of Technology",
                "Address": "Assistant Professor,\nDepartment of Computer Science and Engineering,\nKGiSL Institute of Technology,\n365, Kgisl Campus, near Thudiyalur Road, Saravanampatti, Coimbatore, Tamil Nadu 641035, India",
                "Country": "India",
                "Nationality": "India"
            },
            {
                "Name": "Mr.M.Gnanavel, KGiSL Institute of Technology",
                "Address": "Assistant Professor,\nDepartment of Computer Science and Engineering, \nKGiSL Institute of Technology,\n365, Kgisl Campus, near Thudiyalur Road, Saravanampatti, Coimbatore, Tamil Nadu 641035, India",
                "Country": "India",
                "Nationality": "India"
            },
            {
                "Name": "Ms.T.Aarthi, KGiSL Institute of Technology",
                "Address": "Assistant Professor,\nDepartment of Computer Science and Engineering, \nKGiSL Institute of Technology,\n365, Kgisl Campus, near Thudiyalur Road, Saravanampatti, Coimbatore, Tamil Nadu 641035, India",
                "Country": "India",
                "Nationality": "India"
            },
            {
                "Name": "Dr.S.Nithyakalyani, KGiSL Institute of Technology",
                "Address": "Professor, \nDepartment of Computer Science and Engineering, \nKGiSL Institute of Technology,\n365, Kgisl Campus, near Thudiyalur Road, Saravanampatti, Coimbatore, Tamil Nadu 641035, India",
                "Country": "India",
                "Nationality": "India"
            },
            {
                "Name": "Mr.Ajithkumar A, KGiSL Institute of Technology",
                "Address": "Assistant Professor,\nDepartment of Computer Science and Engineering, \nKGiSL Institute of Technology,\n365, Kgisl Campus, near Thudiyalur Road, Saravanampatti, Coimbatore, Tamil Nadu 641035, India",
                "Country": "India",
                "Nationality": "India"
            },
            {
                "Name": "Ms.Suriya. A, KGiSL Institute of Technology",
                "Address": "Assistant Professor, \nDepartment of Computer Science and Engineering, \nKGiSL Institute of Technology,\n365, Kgisl Campus, near Thudiyalur Road, Saravanampatti, Coimbatore, Tamil Nadu 641035, India",
                "Country": "India",
                "Nationality": "India"
            }
        ],
        "Applicants": [
            {
                "Name": "KGiSL Institute of Technology,Coimbatore",
                "Address": "KGiSL Institute of Technology,Coimbatore\n365, Kgisl Campus, near Thudiyalur Road, Saravanampatti, Coimbatore, Tamil Nadu 641035",
                "Country": "India",
                "Nationality": "India"
            }
        ]
    }
}