{
    "202411066934": {
        "Invention Title": "A SYSTEM FOR OPTIMIZING AND PERSONALIZING MANUAL THERAPY TECHNIQUES",
        "Publication Number": "38/2024",
        "Publication Date": "20/09/2024",
        "Publication Type": "INA",
        "Application Number": "202411066934",
        "Application Filing Date": "04/09/2024",
        "Priority Number": "",
        "Priority Country": "",
        "Priority Date": "",
        "Field Of Invention": "BIO-MEDICAL ENGINEERING",
        "Classification (IPC)": "A61B0005000000, G16H0050200000, G06N0020000000, G16H0050300000, G16H0050700000",
        "Abstract": "An AI-powered system for optimizing and personalizing manual therapy techniques is disclosed. The system comprises a sensor array (101) for capturing real-time physiological and biomechanical data, a data processing unit (102) for analyzing the data, a machine learning module (103) for deriving insights, a personalized treatment plan generator (104) for creating tailored interventions, a dynamic feedback loop (105) for continuous optimization, a therapist interface (106) for healthcare provider interaction, and a wireless communication module (107) for seamless connectivity. The system integrates advanced sensor technology, sophisticated machine learning algorithms, real-time data processing, and continuous feedback mechanisms to enhance the efficacy and precision of manual therapy interventions. By providing data-driven, personalized treatment recommendations and real-time optimization, the system aims to improve patient outcomes, standardize care protocols, and advance the field of manual therapy.",
        "Description": [
            "Description:The AI-driven system for hand therapy technique personalization and optimization consists of multiple new forms that complement each other to improve hand therapy interventions' accuracy and effectiveness. The functionality of each embodiment and how it interacts with other system elements are covered in depth below.",
            "\tSensor Array (101): The sensor array is a network of advanced, miniaturized sensors designed to capture real-time physiological and biomechanical data from the patient during manual therapy sessions. This array includes:",
            "\t\u2022\tAccelerometers (101a): The acceleration forces exerted on the patient's body are measured by these sensors, which offer information on movement patterns, direction, and speed. To collect comprehensive motion data, many accelerometers are positioned strategically on important anatomical regions, like the spine, limbs, and joints.",
            "\t\u2022\tGyroscopes (101b): Working in conjunction with the accelerometers, gyroscopes track the orientation and angular velocity of body parts. This data is crucial for understanding joint movements and body positioning during therapy.",
            "\t\u2022\tElectromyography (EMG) sensors (101c): These sensors detect the electrical activity produced by skeletal muscles, providing valuable information about muscle activation patterns, fatigue, and recruitment during therapy.",
            "\t\u2022\tPressure sensors (101d): Integrated into therapy surfaces or wearable components, these sensors measure the pressure applied during manual therapy techniques, ensuring consistent and appropriate force application.",
            "\t\u2022\tRange of motion (ROM) sensors (101e): Specialized sensors that accurately measure joint angles and range of motion, providing quantitative data on patient mobility and progress.",
            "\tThe sensor array's lightweight, flexible materials do not interfere with therapy or mobility, making it non-intrusive and comfortable for the patient. Every sensor is calibrated to guarantee excellent precision and dependability when gathering data. Because the array is modular and flexible, it may be tailored to the demands of the patient and the therapy region.",
            "\tData Processing Unit (102): The data processing unit is a powerful computational system responsible for receiving, processing, and analyzing the vast amounts of data generated by the sensor array. Key features of this unit include:",
            "\t\u2022\tHigh-performance processors (102a): Utilizing state-of-the-art CPUs and GPUs to handle complex calculations and data processing tasks with minimal latency.",
            "\t\u2022\tCloud computing integration (102b): Leveraging cloud infrastructure to enhance processing power and enable seamless data storage and retrieval.",
            "\t\u2022\tReal-time signal processing algorithms (102c): Advanced algorithms that clean, filter, and organize the raw sensor data, preparing it for analysis by the machine learning module.",
            "\t\u2022\tData fusion techniques (102d): Methods for combining data from multiple sensor types to create a comprehensive and coherent picture of the patient's physiological and biomechanical state.",
            "\t\u2022\tTemporal analysis system (102e): A component that tracks changes in patient data over time, enabling the identification of trends and progress patterns.",
            "\tThe data processing unit operates continuously during therapy sessions, ensuring that all collected data is processed and analyzed in real-time. It is designed with robust error-checking and data validation mechanisms to maintain the integrity and reliability of the processed information.",
            "\tMachine Learning Module (103): The machine learning module is the core analytical component of the system, employing sophisticated AI algorithms to derive insights from the processed data. This module includes:",
            "\t\u2022\tSupervised learning models (103a): Neural networks and other machine learning models trained on extensive datasets of manual therapy techniques and patient outcomes. These models can recognize patterns associated with successful interventions and predict effective treatment approaches.",
            "\t\u2022\tUnsupervised learning algorithms (103b): Clustering and dimensionality reduction techniques that discover hidden patterns and relationships in the data, potentially revealing novel insights into patient conditions and treatment efficacy.",
            "\t\u2022\tReinforcement learning system (103c): An adaptive component that learns from the outcomes of recommended treatments, continuously improving its decision-making capabilities over time.",
            "\t\u2022\tTransfer learning capabilities (103d): Mechanisms that allow the system to apply knowledge gained from one type of manual therapy or patient condition to new, related scenarios, enhancing its versatility and effectiveness.",
            "\t\u2022\tExplainable AI features (103e): Tools that provide transparency into the AI's decision-making process, allowing therapists to understand the rationale behind treatment recommendations.",
            "\tThe machine learning module is designed to continuously learn and adapt based on new data and outcomes, ensuring that the system's performance improves over time and stays current with the latest developments in manual therapy techniques.",
            "\tPersonalized Treatment Plan Generator (104): This component translates the insights generated by the machine learning module into actionable, personalized treatment plans. Key features include:",
            "\t\u2022\tTreatment technique database (104a): A comprehensive repository of manual therapy techniques, including detailed descriptions, applications, and contraindications.",
            "\t\u2022\tPersonalization algorithms (104b): Advanced algorithms that match patient data and AI-generated insights with appropriate manual therapy techniques from the database.",
            "\t\u2022\tTreatment parameter optimizer (104c): A system that fine-tunes treatment parameters such as intensity, duration, and frequency based on individual patient characteristics and responses.",
            "\t\u2022\tMulti-session planning tool (104d): A feature that develops comprehensive treatment plans spanning multiple therapy sessions, considering long-term patient goals and progress trajectories.",
            "\t\u2022\tAdaptive planning system (104e): A mechanism that allows treatment plans to be dynamically adjusted based on real-time feedback and patient progress.",
            "\tThe personalized treatment plan generator produces detailed, step-by-step instructions for therapists, including specific techniques, pressure levels, movement patterns, and treatment durations tailored to each patient's unique needs.",
            "\tDynamic Feedback Loop (105): This embodiment ensures continuous optimization of the treatment process by monitoring patient responses in real-time. It comprises:",
            "\t\u2022\tReal-time data analysis system (105a): Algorithms that continuously process incoming sensor data during therapy sessions, identifying immediate changes in patient physiology and biomechanics.",
            "\t\u2022\tResponse classification module (105b): A component that categorizes patient responses as positive, neutral, or negative based on predefined criteria and machine learning insights.",
            "\t\u2022\tTreatment efficacy assessor (105c): A tool that evaluates the effectiveness of ongoing treatments by comparing actual patient responses to expected outcomes.",
            "\t\u2022\tAlert generation system (105d): A mechanism that notifies therapists of significant changes in patient status or unexpected responses that may require immediate attention.",
            "\t\u2022\tAdaptive recommendation engine (105e): An AI-driven component that generates real-time adjustments to treatment plans based on the analyzed feedback data.",
            "\tThe dynamic feedback loop operates continuously during therapy sessions, allowing for immediate optimization of treatment techniques and parameters to maximize therapeutic benefits.",
            "\tTherapist Interface (106): The therapist interface serves as the primary point of interaction between healthcare providers and the AI system. It features:",
            "\t\u2022\tIntuitive dashboard (106a): A user-friendly display that presents key patient data, treatment recommendations, and progress indicators in an easily digestible format.",
            "\t\u2022\tInteractive treatment guide (106b): A step-by-step visual guide that demonstrates recommended manual therapy techniques, including animated 3D models and pressure maps.",
            "\t\u2022\tReal-time feedback display (106c): A component that shows immediate patient responses to therapy, allowing therapists to adjust their techniques on the fly.",
            "\t\u2022\tData input module (106d): Tools for therapists to enter subjective observations, patient feedback, and additional clinical notes, enriching the AI's dataset.",
            "\t\u2022\tCustomization options (106e): Features that allow therapists to adjust AI recommendations based on their clinical judgment and patient preferences.",
            "\tThe therapist interface is designed to be intuitive and responsive, minimizing the learning curve for healthcare providers and seamlessly integrating into existing clinical workflows.",
            "\tWireless Communication Module (107): It ensures seamless data transmission and system connectivity, comprising:",
            "\t\u2022\tHigh-speed data transmission protocols (107a): Utilizing advanced wireless technologies such as Wi-Fi 6 and 5G to ensure rapid, reliable data transfer between system components.",
            "\t\u2022\tSecure encryption system (107b): Robust encryption algorithms that protect patient data during transmission and storage, ensuring compliance with healthcare privacy regulations.",
            "\t\u2022\tInterference mitigation technology (107c): Advanced signal processing techniques that minimize interference from other electronic devices in the clinical environment.",
            "\t\u2022\tLow-latency communication channels (107d): Optimized data pathways that ensure near-instantaneous communication between sensors, processing units, and interfaces.",
            "\t\u2022\tRedundancy and failover mechanisms (107e): Systems that maintain data integrity and system functionality even in case of partial communication failures.",
            "\tThe wireless communication module enables the entire AI-powered system to function as a cohesive unit, facilitating the real-time flow of data and instructions between all components.",
            "\tEXAMPLES:",
            "\tMethod of performing the invention",
            "\tThe method involves the seamless integration and synchronized operation of all seven embodiments to deliver optimal manual therapy interventions. The process begins with the patient entering the therapy area equipped with the sensor array (101). The therapist activates the system through the therapist interface (106), initiating a pre-therapy assessment.",
            "\tThe sensor array (101), as the patient completes standardized movement tests, records extensive physiological and biomechanical data. The data processing unit (102) receives this data instantaneously via the wireless communication module (107). The raw data is cleaned and arranged by the real-time signal processing algorithms (102c), and the inputs from various sensor types are combined by the data fusion techniques (102d) to produce a comprehensive image of the patient's state.",
            "\tThe processed data is then fed into the machine learning module (103), where supervised learning models (103a) compare the patient's data to known patterns, and unsupervised learning algorithms (103b) identify any unique characteristics or anomalies. The reinforcement learning system (103c) incorporates data from previous sessions (if available) to refine its analysis.",
            "\tBased on this analysis, the personalized treatment plan generator (104) creates a tailored therapy plan. The treatment parameter optimizer (104c) fine-tunes the recommended techniques, while the multi-session planning tool (104d) develops a comprehensive treatment strategy. This personalized plan is then displayed on the therapist interface (106) through the intuitive dashboard (106a) and interactive treatment guide (106b).",
            "\tAs the therapist begins the manual therapy session following the AI-generated recommendations, the dynamic feedback loop (105) continuously monitors the patient's responses. The real-time data analysis system (105a) processes incoming sensor data, while the response classification module (105b) categorizes the patient's reactions. If any significant changes or unexpected responses are detected, the alert generation system (105d) immediately notifies the therapist through the real-time feedback display (106c).",
            "\tThroughout the session, the adaptive recommendation engine (105e) suggests real-time adjustments to the treatment based on the patient's responses. The therapist can view these suggestions on the interface and choose to implement them or make their own adjustments using the customization options (106e). Any additional observations or patient feedback can be entered through the data input module (106d), further enriching the system's dataset.",
            "\tThe system's wireless communication module (107) makes sure that all of its parts are always in secure connection. Instantaneous data flow is made possible by the high-speed data transmission protocols (107a) and low-latency communication channels (107d), while patient privacy is safeguarded by the secure encryption system (107b).",
            "\tThe system creates a thorough report of the therapy at the conclusion of the session, complete with in-depth analytics of the patient's answers and development. The machine learning module (103) continuously learns and adapts its models based on gathered data and outcomes. Data is kept securely and utilized to inform future sessions.",
            "\tThis integrated method guarantees that every manual therapy session is tailored to the specific needs of the patient, optimized in real-time, and contributes to an ever-improving system that raises the general caliber and effectiveness of manual therapy interventions.",
            "\t, Claims:1. An AI-powered system for optimizing and personalizing manual therapy techniques, comprising:",
            "\ta) a sensor array (101) including accelerometers (101a), gyroscopes (101b), electromyography (EMG) sensors (101c), pressure sensors (101d), and range of motion (ROM) sensors (101e) for capturing real-time physiological and biomechanical data from a patient;",
            "\tb) a data processing unit (102) with high-performance processors (102a), cloud computing integration (102b), real-time signal processing algorithms (102c), data fusion techniques (102d), and a temporal analysis system (102e) for processing and analyzing the captured data;",
            "\tc) a machine learning module (103) incorporating supervised learning models (103a), unsupervised learning algorithms (103b), a reinforcement learning system (103c), transfer learning capabilities (103d), and explainable AI features (103e) for deriving insights from the processed data;",
            "\td) a personalized treatment plan generator (104) comprising a treatment technique database (104a), personalization algorithms (104b), a treatment parameter optimizer (104c), a multi-session planning tool (104d), and an adaptive planning system (104e) for creating tailored manual therapy interventions;",
            "\te) a dynamic feedback loop (105) including a real-time data analysis system (105a), a response classification module (105b), a treatment efficacy assessor (105c), an alert generation system (105d), and an adaptive recommendation engine (105e) for continuous optimization of treatment;",
            "\tf) a therapist interface (106) featuring an intuitive dashboard (106a), an interactive treatment guide (106b), a real-time feedback display (106c), a data input module (106d), and customization options (106e) for facilitating interaction between healthcare providers and the AI system; and",
            "\tg) a wireless communication module (107) with high-speed data transmission protocols (107a), a secure encryption system (107b), interference mitigation technology (107c), low-latency communication channels (107d), and redundancy and failover mechanisms (107e) for ensuring seamless data transmission and system connectivity.",
            "\t2. A method for optimizing and personalizing manual therapy techniques using an AI-powered system as claimed in claim 1, comprising the steps of:",
            "\ta) capturing real-time physiological and biomechanical data from a patient using a sensor array (101);",
            "\tb) processing and analyzing the captured data using a data processing unit (102);",
            "\tc) deriving insights from the processed data using a machine learning module (103);",
            "\td) generating a personalized treatment plan using a treatment plan generator (104) based on the derived insights; wherein the personalized treatment plan is dynamically adjusted during the therapy session based on real-time patient responses and therapist input.",
            "\te) continuously monitoring patient responses and optimizing treatment using a dynamic feedback loop (105);",
            "\tf) providing a therapist interface (106) for healthcare providers to interact with the AI system and implement the treatment plan; and",
            "\tg) facilitating seamless data transmission and system connectivity using a wireless communication module (107).",
            "\t3. The system as claimed in claim 1, wherein the sensor array (101) is designed to be non-intrusive and comfortable for the patient, utilizing flexible and lightweight materials.",
            "\t4. The system as claimed in claim 1, wherein the data processing unit (102) employs cloud computing integration (102b) to enhance processing power and enable seamless data storage and retrieval.",
            "\t5. The system as claimed in claim 1, wherein the machine learning module (103) continuously learns and adapts based on new data and outcomes, improving its performance over time.",
            "\t6. The system as claimed in claim 1, wherein the personalized treatment plan generator (104) produces detailed, step-by-step instructions for therapists, including specific techniques, pressure levels, movement patterns, and treatment durations.",
            "\t7. The system as claimed in claim 1, wherein the dynamic feedback loop (105) operates continuously during therapy sessions, allowing for immediate optimization of treatment techniques and parameters.",
            "\t8. The system as claimed in claim 1, wherein the therapist interface (106) is designed to be intuitive and responsive, minimizing the learning curve for healthcare providers and seamlessly integrating into existing clinical workflows.",
            "\t9. The system as claimed in claim 1, wherein the wireless communication module (107) utilizes advanced wireless technologies such as Wi-Fi 6 and 5G to ensure rapid, reliable data transfer between system components.",
            "\t10. The method as claimed in claim 2, further comprising the step of storing and analyzing treatment outcomes to continuously improve the AI system's performance and efficacy"
        ],
        "Inventors": [
            {
                "Name": "Dr Himanshu Tripathi",
                "Address": "NIMS University;\r\nDr BS Tomar City, National Highway, Jaipur- Delhi, Rajasthan 303121",
                "Country": "India",
                "Nationality": "India"
            },
            {
                "Name": "Dr. Namita",
                "Address": "Department of Allied\r\nHealth Science\r\nDr BS Tomar City,\r\nNational Highway,\r\nJaipur- Delhi, Rajasthan\r\n303121",
                "Country": "India",
                "Nationality": "India"
            }
        ],
        "Applicants": [
            {
                "Name": "NIMS University",
                "Address": "NIMS University;\r\nDr BS Tomar City, National Highway, Jaipur- Delhi, Rajasthan 303121",
                "Country": "India",
                "Nationality": "India"
            }
        ]
    }
}