{
    "202441066660": {
        "Invention Title": "METALATED COVALENT ORGANIC FRAMEWORK CATALYST COMPOSITION AND METHOD FOR SYNTHESIS THEREOF",
        "Publication Number": "37/2024",
        "Publication Date": "13/09/2024",
        "Publication Type": "INA",
        "Application Number": "202441066660",
        "Application Filing Date": "03/09/2024",
        "Priority Number": "",
        "Priority Country": "",
        "Priority Date": "",
        "Field Of Invention": "BIO-CHEMISTRY",
        "Classification (IPC)": "A61P0025280000, B01J0031020000, A61P0001000000, B01J0020220000, B01J0031160000",
        "Abstract": "A metalated covalent organic framework catalyst composition comprises of: i) 1-1.15% w/w melamine, ii) 1.5-2% w/w terephthalaldehyde, iii) 88-92% v/w dimethyl sulphoxide (DMSO), iv) 2-2.5% v/w acetic acid, v) 2.5-3% w/w metal precursor, and vi) 2-2.5% v/w methanol. A method for synthesis of metalated covalent organic framework catalyst composition comprises the steps of: a) separately dissolving melamine and terephthalaldehyde in DMSO to obtain a melamine solution and terephthalaldehyde solution, respectively, followed by adding acetic acid in terephthalaldehyde solution and keeping terephthalaldehyde solution and melamine solution at room temperature for 5-15 minutes to obtain uniform homogenous solutions, b) transferring solutions in a round bottom flask and heating at 150-170oC under nitrogen atmosphere for 4-6 hours, followed by addition of metal precursor and methanol, maintaining reaction under nitrogen atmosphere for 40-45 hours to obtain a precipitate, and c) washing precipitate with ethanol and water, followed by vacuum drying overnight to obtain catalyst.",
        "Description": [
            "Description:FIELD OF THE INVENTION",
            "\t[0001]\tThe present invention relates to a metalated covalent organic framework catalyst composition and method for synthesis thereof to produce a catalyst having good thermal stability and uniformly distributed effective active sites on its surface for chemical fixation of carbon dioxide for the synthesis of selective styrene carbonate products in the absence of polar and non-polar solvents.",
            "BACKGROUND OF THE INVENTION",
            "\t[0002]\tThe increasing concentration of carbon dioxide (CO2) in the atmosphere, largely due to anthropogenic activities, has been a significant driver of global climate change. This escalating environmental concern has led to an urgent need for effective strategies to mitigate CO2 emissions. Among the various approaches, the fixation and conversion of CO2 into valuable chemicals and fuels have emerged as a promising solution. This process not only helps in reducing greenhouse gas emissions but also contributes to the development of sustainable chemical processes by utilizing CO2 as a feedstock.",
            "\t[0003]\tCatalysis plays a crucial role in the chemical conversion of CO2, enabling its transformation into useful products such as methanol, formic acid, and other hydrocarbons. However, the efficiency of CO2 fixation and conversion processes is highly dependent on the performance of the catalysts employed. Conventional catalysts, such as metal oxides, transition metals, and organometallic complexes, have been widely studied for CO2 reduction reactions. Despite their effectiveness, these catalysts often suffer from limitations such as high energy requirements, low selectivity, and poor stability under reaction conditions.",
            "\t[0004]\tRecent research has focused on the synthesis of advanced catalysts, including metal-organic frameworks (MOFs), and bio-inspired catalysts, which have shown promising results in enhancing CO2 fixation efficiency. However, challenges remain in improving the scalability of these catalysts, reducing their cost, and further increasing their activity and selectivity.",
            "\t[0005]\tWO2021028946A1 method for sustainable fixation of CO2, is disclosed herein. A sustainable chemical fixation of CO2 into epoxide to form value added product such as cyclic carbonates using bimetallic spinel oxide hollow microspheres as an efficient and recyclable catalyst under solvent free and mild reaction conditions. Though, WO\u2019946 discloses a catalyst for chemical fixation of carbon dioxide. However, the catalyst disclosed in the prior art document requires solvents for chemical fixation. Moreover, the catalyst failed to show 100% selectivity of desired product.",
            "\t[0006]\tUS20170362167A1 discloses Metal-organic frameworks (MOFs) and method of using the MOFs to catalyze reactions involving epoxide ring-opening mechanisms are provided. The structure of the MOFs can be represented by the formula: M6(\u00b53-ligand)8(OHx)8(TBAPy)2, where M is Zr or Hf, the ligands are selected from hydroxo-, oxo- and aquo-ligands, and x is independently selected from 1 or 2. Though, US\u2019167 discloses about catalyst for chemical fixation of carbon dioxide, however, the catalyst does not show 100% selectivity towards the desired product.",
            "\t[0007]\tConventionally, many catalysts have been developed for chemical fixation of carbon dioxide. However, such catalysts require solvents for synthesis and exhibits poor selectivity towards desired product.",
            "\t[0008]\tIn order to overcome the aforementioned drawbacks, there exists a need in the art to develop a catalyst for chemical fixation of carbon dioxide to obtain selective styrene carbonate products without requirement of polar and non-polar solvents and excellent recyclability and selectivity towards desired product.",
            "\tOBJECTS OF THE INVENTION",
            "\t[0009]\t The principal object of the present invention is to overcome the disadvantages of the prior art.",
            "\t[0010]\t An object of the present invention is to develop a catalyst for chemical fixation of carbon dioxide to obtain selective styrene carbonate products without requirement of polar and non-polar solvents.",
            "\t[0011]\tAnother object of the present invention is to develop a catalyst having good thermal stability and uniformly distributed effective active sites on its surface.",
            "\t[0012]\tAnother object of the present invention is to develop a catalyst that is capable of being recycles for 6 cycles.",
            "\t[0013]\tYet another object of the present invention is to develop a catalyst exhibiting excellent catalytic activity at 120\u00b0C for 8 hours in presence of co-catalyst TBAI and achieved 87% conversion and 87% yield along with 100% selectivity of the desired styrene carbonate product.",
            "[0014]\t The foregoing and other objects, features, and advantages of the present invention will become readily apparent upon further review of the following detailed description of the preferred embodiment as illustrated in the accompanying drawings.",
            "SUMMARY OF THE INVENTION",
            "\t[0015]\t The present invention relates to a metalated covalent organic framework catalyst composition and method for synthesis thereof to obtain a catalyst having good thermal stability and uniformly distributed effective active sites on its surface and capable of catalysing chemical fixation of carbon dioxide with high selectivity.",
            "\t[0016]\t According to an embodiment of the present invention, a metalated covalent organic framework catalyst composition comprises of: melamine in the range of 1-1.5% w/w, terephthalaldehyde in the range of 1.5-2% w/w, dimethyl sulphoxide (DMSO) in the range of 88-92% v/w, acetic acid in the range of 2-2.5% v/w, metal precursor in the range of 2.5-3% w/w, and methanol in the range of 2-2.5% v/w.",
            "\t[0017]\tAccording to another embodiment of the present invention, a method for synthesis of metalated covalent organic framework catalyst composition comprises the steps of: separately dissolving melamine and terephthalaldehyde in DMSO to obtain a melamine solution and terephthalaldehyde solution, respectively, followed by adding acetic acid in terephthalaldehyde solution and keeping terephthalaldehyde solution and melamine solution at room temperature for 5-15 minutes to obtain uniform homogenous solutions, transferring both solutions in a round bottom flask and heating at a temperature in the range of 150-170oC under nitrogen atmosphere for 4-6 hours, followed by addition of metal precursor and methanol and maintaining the reaction under nitrogen atmosphere for 40-45 hours in order to obtain a precipitate, and washing precipitate with ethanol and water, followed by vacuum drying overnight to obtain the catalyst",
            "\t[0018]\t While the invention has been described and shown with particular reference to the preferred embodiment, it will be apparent that variations might be possible that would fall within the scope of the present invention.",
            "BRIEF DESCRIPTION OF THE DRAWINGS",
            "[0019]\t These and other features, aspects, and advantages of the present invention will become better understood with regard to the following description, appended claims, and accompanying drawings where:",
            "\tFigure 1 illustrates a pictorial representation of method for synthesis of metalated covalent organic framework (Mn-COF);",
            "\tFigure 2(a) illustrates a graphical representation of FTIR (Fourier Transform Infrared) spectrums of COF (Covalent organic framework) catalyst and Mn-COF catalyst;",
            "\tFigure 2(b) illustrates a graphical representation of TG (Thermogravimetric) analysis of Mn-COF catalyst;",
            "\tFigure 3(a) and 3(b) illustrates a pictorial representation of XRD (X-Ray Diffraction) patterns of COF and Mn-COF catalysts;",
            "\tFigure 3(c) and 3(d) illustrates a pictorial representation of AA and AB stacking of COF catalyst;",
            "\tFigure 3(e) and 3(f) illustrates a pictorial representation of AA and AB stacking of Mn-COF catalyst;",
            "\tFigure 4(a) and 4(b) illustrates a pictorial representation stacking distance between two adjacent layers of COF and Mn-COF catalysts;",
            "\tFigure 4(c) and 4(d) illustrates a pictorial representation of pore size of COF and Mn-COF catalysts;",
            "\tFigure 5(a-i) illustrates FESEM (Field Emission Scanning Electron Microscopy) images of COF and Mn-COF catalysts;",
            "\tFigure 6(a-e) illustrates a pictorial representation of EDAX (Energy Dispersive X-ray) analysis of Mn-COF catalyst",
            "\tFigure 7(a-f) illustrates pictorial representations of TEM (Transmission Electron Microscopy) analysis of Mn-COF catalyst;",
            "\tFigure 8(a-d) illustrates graphical representations of XPS (X-ray Photoelectron) spectroscopy analysis of Mn-COF catalyst;",
            "\tFigure 9(a) illustrates a graphical representation of effect of catalyst dosage on cycloaddition reaction catalyzed by Mn-COF catalyst;",
            "\tFigure 9(b) illustrates a graphical representation of effect of TBAI (tetrabutylammonium iodide) amount on cycloaddition reaction catalyzed by Mn-COF catalyst;",
            "\tFigure 9(c) illustrates a graphical representation of effect of temperature on cycloaddition reaction catalyzed by Mn-COF catalyst;",
            "\tFigure 9(d) illustrates a graphical representation of effect of time on cycloaddition reaction catalyzed by Mn-COF catalyst;",
            "\tFigure 10 illustrates a pictorial representation of substrate scope analysis of Mn-COF catalyst;",
            "\tFigure 11 illustrates a schematic representation of reaction mechanism for synthesis of styrene carbonate over Mn-COF catalyst; and",
            "\tFigure 12(a) illustrates a graphical representation of recyclability of Mn-COF catalyst;",
            "\tFigure 12(b) illustrates a graphical representation of XRD spectrums of fresh and spent (used) Mn-COF catalyst;",
            "\tFigure 12(c) illustrates FESEM images of spent (used) and fresh Mn-COF catalysts; and",
            "\tFigure 12(d) illustrates a graphical representation of FTIR profile of spent (used) Mn-COF catalyst.",
            "DETAILED DESCRIPTION OF THE INVENTION",
            "[0020]\t The following description includes the preferred best mode of one embodiment of the present invention. It will be clear from this description of the invention that the invention is not limited to these illustrated embodiments but that the invention also includes a variety of modifications and embodiments thereto. Therefore, the present description should be seen as illustrative and not limiting. While the invention is susceptible to various modifications and alternative constructions, it should be understood, that there is no intention to limit the invention to the specific form disclosed, but, on the contrary, the invention is to cover all modifications, alternative constructions, and equivalents falling within the spirit and scope of the invention as defined in the claims.",
            "\t[0021]\t In any embodiment described herein, the open-ended terms \"comprising,\" \"comprises,\u201d and the like (which are synonymous with \"including,\" \"having\u201d and \"characterized by\") may be replaced by the respective partially closed phrases \"consisting essentially of,\" consists essentially of,\" and the like or the respective closed phrases \"consisting of,\" \"consists of, the like.",
            "\t[0022]\t As used herein, the singular forms \u201ca,\u201d \u201can,\u201d and \u201cthe\u201d designate both the singular and the plural, unless expressly stated to designate the singular only.",
            "\t[0023]\tThe present invention relates to a metalated covalent organic framework catalyst composition and method for synthesis thereof to produce a catalyst that is capable of catalyzing chemical fixation of carbon dioxide. Moreover, the proposed catalyst exhibits excellent recyclability and thermal stability.",
            "\t[0024]\t According to an embodiment of the present invention, a metalated covalent organic framework catalyst composition comprises of: i) melamine in the range of 1-1.5% w/w, ii) terephthalaldehyde in the range of 1.5-2% w/w, iii) dimethyl sulphoxide (DMSO) in the range of 88-92% v/w, iv) acetic acid in the range of 2-2.5% v/w, v) metal precursor in the range of 2.5-3% w/w, and vi) methanol in the range of 2-2.5% v/w.",
            "\t[0025]\tThe metal precursor used herein is preferably manganese acetate tetrahydrate.",
            "\t[0026]\tAccording to another embodiment of the present invention, a method for synthesis of metalated covalent organic framework catalyst composition comprises the steps of: a) separately dissolving melamine and terephthalaldehyde in DMSO to obtain a melamine solution and terephthalaldehyde solution, respectively, followed by adding acetic acid in terephthalaldehyde solution and keeping terephthalaldehyde solution and melamine solution at room temperature for 5-15 minutes to obtain uniform homogenous solutions, b) transferring both the solutions in a round bottom flask and heating at a temperature in the range of 150-170oC under nitrogen atmosphere for 4-6 hours, followed by addition of metal precursor and methanol and maintaining the reaction under nitrogen atmosphere for 40-45 hours in order to obtain a precipitate, and c) washing precipitate with ethanol and water, followed by vacuum drying overnight to obtain the catalyst.",
            "\t[0027]\tThe metalated covalent organic framework catalyst synthesized herein above is designated as (Mn-COF) and is obtained as a solid powder.",
            "\tEXAMPLE",
            "\t[0028]\tThe metalated covalent organic framework catalyst composition preferably comprises of: 1.13% w/w of melamine, 1.80% w/w of terephthalaldehyde, 89.82% v/w of dimethyl sulphoxide (DMSO), 2.24% v/w of acetic acid, 2.74% w/w of metal precursor, and 2.24% v/w of methanol.",
            "\t[0029]\tReferring to Figure 1, a pictorial representation of method for synthesis of metalated covalent organic framework catalyst is illustrated. The method for synthesis of metalated covalent organic framework catalyst composition comprises the steps of: a) 0.252g of melamine and 0.402g of terephthalaldehyde were separately dissolved in 10mL DMSO each to obtain a melamine solution and terephthalaldehyde solution, respectively, followed by adding 0.5mL of acetic acid in terephthalaldehyde solution and keeping terephthalaldehyde solution and melamine solution at room temperature for 10 minutes to obtain uniform homogenous solutions, b) both the solutions were transferred in a round bottom flask and heated at 160oC under nitrogen atmosphere for 5 hours, followed by addition of 0.612 g of manganese acetate tetrahydrate and 0.5mL of methanol and maintaining the reaction under nitrogen atmosphere for 43 hours in order to obtain a precipitate, and c) washing the precipitate with ethanol and water, followed by vacuum drying overnight to obtain the catalyst.",
            "\t[0030]\tThe above mentioned method was also employed for synthesis of COF (Covalent Organic Framework) catalyst without the use of metal precursor and methanol and maintaining the reaction under nitrogen atmosphere for 48 hours (as illustrated in Figure 1). The COF catalyst synthesized herein was used to compare the enhanced efficacy of Mn-COF catalyst. The synthesized Mn-COF catalyst and COF was subjected to various characterization analysis that are mentioned herein below.",
            "\tI)\tCHARACTERIZATION",
            "\ta)\tFourier Transform Infrared (FTIR) spectroscopy analysis",
            "\t[0031]\tFourier transform infrared (FTIR) spectroscopy is a chemical analysis technique that uses infrared light to detect molecular vibrations and identify chemical bonds in molecules.",
            "\t[0032]\tReferring to Figure 2(a), a graphical representation of FTIR spectrums of COF catalyst and Mn-COF catalyst is illustrated. Comparing both catalysts, spectra discloses that neither the parent structure nor the functional groups have changed. Both COF and Mn-COF catalysts spectra indicate the -N-H group peaks at 3409 and 3385 cm-1. The stretching vibration of -C-N-C peaks observed at 1359 and 1351 cm-1. The peaks at 1542 and 1591 cm-1, which are credited to the -C=N vibrations of the melamine triazine ring. The peaks at 1468 and 1477 cm-1 show the presence of a C=C bond. However, the additional peak in the far IR region at 611 cm-1, which gives the strong proof for the anchored of the Mn metal into the COF catalyst.",
            "\tb)\tThermogravimetric (TG) analysis",
            "\t[0033]\tThermogravimetric (TG) analysis is a highly significant method to determine thermal and structural stability of the Mn-COF catalyst. Referring to Figure 2(b), a graphical representation of TG analysis of Mn-COF catalyst is illustrated. The Mn-COF catalyst detected two decomposition steps in the range of RT-700\u00b0C. The first weight loss of 10% was divided into two decomposition steps at RT-125 and 126-300\u00b0C. The weight loss percentages of 4.07% and 6.77% belong to the evaporation of guest molecules in the COFs framework. The second step (300-700\u00b0C) decomposition percentage of 39.34% is attributed to decomposition of the COF framework",
            "\tc)\tX-Ray Diffraction (XRD) and computational structural simulation",
            "\t[0034]\tX-ray diffraction (XRD) and computational structural simulations provided crystalline structures of both COF and Mn-COF catalysts. Referring to Figure 3 (a) and (b), a pictorial representation of XRD patterns of COF and Mn-COF catalysts are illustrated, respectively. There is a distinct peak at a 2? value of 4.15\u00b0 in the XRD patterns of both COF and Mn-COF materials, which corresponds to the (100) plane. Additionally, the diffraction peaks at 7.2\u00b0 and 8.3\u00b0 can be associated to the (110) and (200) planes, respectively. The prominent peak at the 2? value of 11.05\u00b0 belongs to the (220) plane. Also, peaks at 22.5\u00b0 and 24.08\u00b0 represent the (001) and (102) planes in their stacking form, respectively. However, in the case of Mn-COF slightly altered peak intensity and peak positions due to the incorporation of Mn metal.",
            "\t[0035]\tFor both the catalysts, stacked AA and staggered AB configurations were analyzed. Referring to Figure 3(c) and 3(d), a pictorial representation of AA and AB stacking of COF catalyst are illustrated, respectively, and Referring for Figure 3(e) and 3(f), a pictorial representation of AA and AB stacking of Mn-COF catalyst are illustrated, respectively. Using a P1 space group, simulated PXRD patterns of the eclipsed AA stacking well matched with the experimentally obtained PXRD patterns (Figure 3a and 3b).",
            "\t[0036]\tReferring to Figure 4(a) and 4(b), a pictorial representation stacking distance between two adjacent layers of COF and Mn-COF catalysts are illustrated, respectively. Cell parameters are a = b = 24.630 \u00c5, c = 4.032 \u00c5, a = \u00df = 90\u00b0, and ? = 120. The interlayer distances for COF and Mn-COF were 4.020 nm and 4.032 nm, respectively. Referring to Figure 4(c) and 4(d), a pictorial representation of pore size of COF and Mn-COF catalysts are illustrated, respectively. The intermolecular distance of COF and Mn-COF catalysts observed were 25.557 \u00c5 and 25.703 \u00c5, respectively.",
            "\td)\tField Emission-Scanning Electron Microscopy (FE-SEM) analysis",
            "\t[0037]\tThe surface morphology of COF and Mn-COF catalysts were examined by FE-SEM analysis. Referring to Figure 5(a-i), FE-SEM images of COF and Mn-COF catalysts are illustrated. The COF catalyst observed irregular layered structure morphology as displayed in Figure 5(a\u2013c). After incorporation of the metal Mn, it was observed that the surface architecture of both COF and Mn-COF catalysts surfaces are nearly indistinguishable. Crystalline ice cube-like morphology, ranging in size 20 to 30 nm diameter, are formed along with an irregular layered structure. After Mn loading, there were no major changes observed in the Mn-COF material as displayed in Figure 5(d-i). The concentration of metal on the surface allowed visibility of tiny spherical dots.",
            "\te)\tEnergy Dispersive X-Ray (EDAX) analysis",
            "\t[0038]\tEnergy Dispersive X-Ray (EDAX) analysis was carried out to determine the elemental composition of the Mn-COF catalyst. Referring to Figure 6(a-e), pictorial representations of EDAX analysis of Mn-COF catalyst is illustrated. The Mn-COF material observed C, N, and Mn elements without detecting any impurity elements (Figure 6 (a)). The mapping analysis results reveal the uniform distribution of elements namely Carbon (C), N (Nitrogen), and Mn (Manganese) on the Mn-COF catalyst surface (Figure 6 (b-e)).",
            "\tf)\tTransmission Electron Microscopy (TEM) analysis",
            "\t[0039]\tInterior surface morphology of the Mn-COF was scrutinized using transmission electron microscopy (TEM). Referring to Figure 7(a-f) pictorial representations of TEM analysis of Mn-COF catalyst is illustrated. Initial three images clearly displayed distinct layered structure. The achieved TEM results are well matched with the FE-SEM results. The Mn metal is distributed fairly throughout the framework. The strong interaction between the COF and Mn allowed the formation of separate and fully-exposed surfaces of Mn-COF, and aggregation was also reduced.",
            "\tg)\tX-ray photoelectron spectroscopy (XPS) analysis",
            "\t[0040]\tMetal states and functional groups in Mn-COF catalyst were scrutinized using X-ray photoelectron spectroscopy (XPS) analysis. Referring to Figure 8(a-d), graphical representations of XPS analysis of Mn-COF catalyst is illustrated. The spectrum detected peaks at different binding energy values of 640.95 eV, 533.06 eV, 400.22 eV, and 287.91 eV, which are well corresponds to the elements of manganese (Mn 2p), oxygen (O 1s), nitrogen (N 1s), and carbon (C 1s). The O 1s was detected due to surface-adsorbed oxygen species and trapped organic solvents in the Mn-COF catalyst.",
            "\t[0041]\tLater, individual elemental spectra\u2019s namely Mn 2p, N 1s, and C 1s and were also recorded (as illustrated in Figure 8 (b-d)). The Mn 2p spectrum observed two distinctive peaks at 640.86 eV and 652.76 eV, which correspond to Mn 2p1/2 and Mn 2p3/2. After deconvolution, the Mn 2p spectrum observed binding energy value of 640.86 eV strongly indicates that the Mn2+ state is present in the synthesized Mn-COF catalyst (Figure 8 (b)). The scanned N 1s spectrum detects the five distinct peaks positioned at different binding energy values of 397.09, 398.04, 399.32, 440.38, and 402.18 eV, which are well assigned to the functional groups of N-H, N-C, N=C, N-C-N, and N-Mn bonds (Figure 8 (c)). The observed binding energy value at 402.18 eV evidently gives strong proof that the metal (Mn) successfully interacted with the N atom (N-Mn). Finally, the recorded C 1s spectrum after deconvolution observed different binding energy values at 285.3 eV and 287.7 eV, and well corresponded to the N-C=N and C-C/C=C functional groups (Figure 8(d)).",
            "\tII)\tCYCLOADDITION REACTION",
            "\t[0042]\tThe Mn-COF catalyst synthesized was examined for cycloaddition reaction between epoxide and carbon dioxide (CO2) under solvent-free condition. Herein, the Mn-COF catalyst was examined for cycloaddition reaction between styrene oxide (SO) and CO2 under solvent-free condition. Referring to Table 1, a tabular representation of catalyst screening analysis for carbon dioxide (CO2) fixation reaction is illustrated. Reaction conditions: Catalyst- 10 wt% with respect to styrene oxide, styrene oxide- 1 g (8.3 mmol), temperature-120 \u00b0C, time-8 h, pressure- 1 atm., rpm- 600 rpm",
            "\tTable 1: Catalyst screening analysis for carbon dioxide (CO2) fixation reaction",
            "\tEntry\tCatalyst\tTBAI (mmol)\tConversion (%)\tSelectivity (%)\tYield (%)",
            "\t1\tNone\tNone\t<1\t<1\t<1",
            "\t2\tCOF\t0.097\t55\t100\t55",
            "\t3\tCOF\tNone\t16\t100\t16",
            "\t4\tMn-COF\tNone\t35\t100\t35",
            "\t5\tMn-COF\t0.097\t87\t100\t87",
            "\t6\tNone\t0.097\t38\t100\t38",
            "\t7\tMnO\t0.097\t45\t85\t38",
            "\t8\tMelamine\t0.097\t38\t94\t36",
            "\t9\tTerephthalaldehyde\t0.097\t34\t91\t31",
            "\t10\t(Mn (CH3COO)2.4H2O)\t0.097\t48\t89\t43",
            "\t[0043]\tThe cycloaddition reaction failed to achieve the styrene carbonate (SC) product at 120 \u00b0C for 8 h and at atmospheric pressure in absence of catalyst and TBAI (Table 1, entry 1). The metal-free COF in the presence of tetrabutylammonium iodide (TBAI), smoothly achieved 55% conversion and 100% selectivity of the SC product (Table 1, entry 2). But, TBAI-free COF catalyzed reaction exhibited only 16% conversion with 100% selectivity for the SC product (Table 1, entry 3). Similarly, the Mn-COF catalyst catalyzed reaction under TBAI-free failed to achieve the more desired product yield (Table 1, entry 4). However, Mn-COF catalysed with TBAI attained the highest SO conversion with 100% selectivity of the desired SC product (Table 1, entry 5). It confirmed that the Mn-COF active sites positively enhance the synergistic effect with TBAI in the reaction medium and attained excellent catalytic activity under mild reaction conditions. However, in the absence of a catalyst surface, the co-catalyst reaction medium failed to enhance the reaction rate (Table 1, entry 6). Among these results, co-catalyst with the Mn-COF catalyzed reaction showed excellent catalytic activity with 87% conversion and 100% selectivity of the SC product under mild reaction conditions. To understand the Mn-COF catalytic activity a few controlled reactions were carried out, (Table 1, entries 7\u201310). Tested covalent organic framework free MnO catalyst (45% conversion and 38% yield) failed to reach the Mn-COF catalytic activity results (87% conversion and 87% yield) due to the deficiency of Lewis basic sites. Additionally, melamine, terephthalaldehyde, and Mn (CH3COO)2.4H2O) were also tested as catalysts for the cycloaddition reaction, and all results are mentioned in Table 1, entries 8\u201310.",
            "\t[0044]\tThe effect of various reaction parameters such as catalyst dosage, TBAI amount, temperature, and time were analyzed for cycloaddition reaction catalyzed by Mn-COF catalyst.",
            "\ta)\tEffect of Catalyst Dosage",
            "\t[0045]\tInitially, a catalyst-free reaction achieved 38% conversion due to the lack of active sites (Table 1, entry 6). Referring to Figure 9(a), a graphical representation of effect of catalyst dosage on cycloaddition reaction catalyzed by Mn-COF catalyst is illustrated. The SC product yield progressively improved by significantly increasing the catalyst amount. The 2.5 wt.% catalyst reaction showed a 68% yield of SC product. Later, the 5 and 7.5 wt.% catalyst amount reactions exhibited a gradual increase in the SC product yield up to 75%. Further, the tested 10 wt.% catalyst dosage reaction achieved 87% conversion and yield along with 100% selectivity of the desired product. But, higher catalyst dosage reactions (12.5 and 15 wt.%) failed to enhance the reaction rate.",
            "\tb)\tEffect of tetrabutylammonium iodide (TBAI) amount",
            "\t[0046]\tReferring to Figure 9(b), a graphical representation of effect of TBAI amount on cycloaddition reaction catalyzed by Mn-COF catalyst is illustrated. The cycloaddition reaction is critically dependent on the TBAI amount and gradually increases the product yield with respect to the base amount. Under TBAI-free conditions the cycloaddition reaction failed to achieve the desired product (Table 1, entry 4). When progressively increased the TBAI amount from 0.032 to 0.064 mmol correspondingly desired product yields observed 62 and 78%. Later, 0.096 mmol TBAI reaction reached 87% conversion and yield of the desired product. Later, we increased the co-catalyst amount up to 0.16 mmol, there was no improvement on the desired product yield.",
            "\tc)\tEffect of Temperature",
            "\t[0047]\tTemperature plays a very critical role in the cycloaddition reaction. Referring to Figure 9(c), a graphical representation of effect of temperature on cycloaddition reaction catalyzed by Mn-COF catalyst is illustrated. The reaction failed to achieve the desired product at ambient temperature. When cycloaddition reactions are carried out at 60oC and 80\u00b0C, the desired product yield steadily grows from 23% to 73%. The commonly reported temperature region of 100\u00b0C and 120\u00b0C successfully achieved SC yields of 78% and 87%, respectively. Also, by increasing the temperature up to 160 \u00b0C, the SC product yield failed to reach >95%. So, 120 \u00b0C is a highly desirable temperature to get more yield of the desired product with conversion along with selectivity.",
            "\td)\tEffect of Time",
            "\t[0048]\tReferring to Figure 9(d), a graphical representation of effect of time on cycloaddition reaction catalyzed by Mn-COF catalyst is illustrated. Based on earlier reports, the initially tested 8 h reaction attained 87% yield of the SC product at atmospheric pressure. Further extended reaction time up to 12 h, there was no improvement on the conversion and yield of the desired SC product. Later, tested the less time zone reactions of 4 h and 6 h correspondingly achieved 51% and 75% yield of the SC product. So, 8 h reaction time is highly suitable to attain a good yield of the SC product. From overall results, 10 wt.% catalyst amount, 0.096 mmol TBAI, 120 \u00b0C temperature, and 8 h time under atmospheric pressure conditions is highly fit to achieve 87% SO conversion and 100% SC selectivity.",
            "\tIII)\tSUBSTRATE SCOPE ANALYSIS",
            "\t[0049]\tUsing Mn-COF catalyst, various epoxides were examined for the synthesis of corresponding cyclic carbonates under optimized identical reaction conditions. Reaction conditions: Catalyst- 10 wt.% with respect to epoxide, epoxide- 8.3 mmol (1.0 g), TBAI- 0.097 mmol (36 mg), temperature-120\u00b0C, time-8 h, pressure- 1 atm., rpm- 600 rpm.",
            "\t[0050]\tReferring to Figure 10, a pictorial representation of substrate scope analysis of Mn-COF catalyst is illustrated. Initially, propylene oxide (PO) molecule achieved moderate yield (82%) of the propylene carbonate (1a). Further, the tested butylene oxide (BO) molecule slowed the reaction rate when compared to the PO molecule and achieved 77% yield due to the increase of alkyl chain (1b). The chloro group factionalized epichlorohydrin molecule achieved an 80% yield of the desired cyclic carbonate (1c). The tested all reactions SO molecule achieved 87% yield of the SC product (1d). Finally, the cyclohexane oxide substrate achieved 72% yield of the corresponding cyclic carbonate product under finalized reaction conditions (1e). This is due to the steric hindrance of the epoxide molecule. The Mn-COF catalyst exhibited excellent selective catalytic activity performance towards respective cyclic carbonates synthesis under optimized reaction conditions.",
            "\tIV)\tREACTION MECHANISM FOR SYNTHESIS OF STYRENE CARBONATE OVER Mn-COF CATALYST",
            "\t[0051]\tReferring to Figure 11, a schematic representation of reaction mechanism for synthesis of styrene carbonate over Mn-COF catalyst is illustrated. In the designed Mn-COF catalyst, the abundant triazine N sites will act as a Lewis basic site and will effectively activate CO2 molecules. The reaction starts with activation of SO molecules with the aid of Mn metal site (Lewis acidic site) (Step-a). The activated SO molecule stabilized with the aid of TBAI (Step-b). In step c, the activated CO2 molecule rapidly inserted as a nucleophile into the activated SO molecule. Through the intermolecular cyclization process, the opened ring SO was successfully closed by the elimination of co-catalyst. Finally, the styrene carbonate product was formed by the elimination of the catalyst surface in the reaction medium (Step-d).",
            "\tV)\tRECYCLABILITY OF Mn-COF CATALYST",
            "\t[0052]\tAfter completion of each reaction, the Mn-COF catalyst was recovered by a simple filtration method. The collected spent (used) catalyst was washed and dried under vacuum overnight. Using dried solid spent catalyst, the CO2 fixation reaction was examined under optimized reaction conditions.",
            "\t[0053]\tReferring to Figure 12 (a), a graphical representation of recyclability of Mn-COF catalyst is illustrated. The Mn-COF catalyst showed stable catalytic activity for six successive cycles. Supportively, the reused catalyst characterization analysis results of XRD, FE-SEM, and FTIR analysis evidently revealed the stable heterogeneity features of the Mn-COF. Referring to Figure 12(b), a graphical representation of XRD spectrums of fresh and spent (used) Mn-COF catalyst are illustrated. The spent (used) Mn-COF catalyst XRD profile was well matched to the fresh Mn-COF catalyst.",
            "\t[0054]\tReferring to Figure 12(c), FE-SEM images of spent (used) and fresh Mn-COF catalyst are illustrated. The FE-SEM results of the spent (used) Mn-COF catalyst disclosed the irregular layered architecture. Referring to Figure 12(d), a graphical representation of FTIR profile of spent (used) Mn-COF catalyst is illustrated. The fresh Mn-COF catalyst functional groups are regained in the spent Mn-COF catalyst FT-IR profile. So, overall results are evidently indicating that the Mn-COF catalyst could be successfully applied as a promising catalyst for CO2 fixation reaction.",
            "[0055]\t Although the field of the invention has been described herein with limited reference to specific embodiments, this description is not meant to be construed in a limiting sense. Various modifications of the disclosed embodiments, as well as alternate embodiments of the invention, will become apparent to persons skilled in the art upon reference to the description of the invention.",
            "\t, Claims:1)\tA metalated covalent organic framework catalyst composition, comprising:",
            "\ti)\tmelamine in the range of 1-1.5% w/w;",
            "\tii)\tterephthalaldehyde in the range of 1.5-2% w/w;",
            "\tiii)\t dimethyl sulphoxide (DMSO) in the range of 88-92% v/w;",
            "\tiv)\tacetic acid in the range of 2-2.5% v/w;",
            "\tv)\tmetal precursor in the range of 2.5-3% w/w; and",
            "\tvi)\tmethanol in the range of 2-2.5% v/w.",
            "\t2)\tThe composition as claimed in claim 1, wherein said metal precursor is preferably manganese acetate tetrahydrate.",
            "\t3)\tA method for synthesis of said catalyst composition as claimed in claim 1, comprising the steps:",
            "\ta)\tseparately dissolving said melamine and terephthalaldehyde in said DMSO to obtain a melamine solution and terephthalaldehyde solution, respectively, followed by adding said acetic acid in said terephthalaldehyde solution and keeping said terephthalaldehyde solution and melamine solution at room temperature for 5-15 minutes to obtain uniform homogenous solutions;",
            "\tb)\ttransferring said solutions in a round bottom flask and heating at a temperature in the range of 150-170oC under nitrogen atmosphere for 4-6 hours, followed by addition of said metal precursor and methanol and maintaining the reaction under nitrogen atmosphere for 40-45 hours in order to obtain a precipitate; and",
            "\tc)\twashing said precipitate with ethanol and water, followed by vacuum drying overnight to obtain said catalyst.",
            "\t4)\tThe method as claimed in claim 3, wherein said catalyst is obtained as solid powder."
        ],
        "Inventors": [
            {
                "Name": "Dr. Arvind H. Jadhav",
                "Address": "Associate Professor, Centre for Nano and Material Sciences (CNMS), JAIN (Deemed-to-be University), Jain Global Campus, Jakkasandra Post, Kanakapura Road, Kanakapura Taluk, Ramnagar District, Bangalore \u2013562112, Karnataka, India.",
                "Country": "India",
                "Nationality": "India"
            },
            {
                "Name": "Dr. Yogesh K. Kumarswamy",
                "Address": "Associate Professor, Department of Chemistry, Faculty of Engineering and Technology, JAIN (Deemed-to-be University), Jain Global Campus, Jakkasandra Post, Kanakapura Road, Kanakapura Taluk, Ramnagar District, Bangalore \u2013562112, Karnataka, India.",
                "Country": "India",
                "Nationality": "India"
            },
            {
                "Name": "Puneethkumar M. Srinivasappa",
                "Address": "Senior Research Fellow, Centre for Nano and Material Sciences (CNMS), JAIN (Deemed-to-be University), Jain Global Campus, Jakkasandra Post, Kanakapura Road, Kanakapura Taluk, Ramnagar District, Bangalore \u2013562112, Karnataka, India.",
                "Country": "India",
                "Nationality": "India"
            },
            {
                "Name": "Shanavaz Hamzad",
                "Address": "Senior Research Fellow, Department of Chemistry, Faculty of Engineering and Technology, JAIN (Deemed-to-be University), Jain Global Campus, Jakkasandra Post, Kanakapura Road, Kanakapura Taluk, Ramnagar District, Bangalore \u2013562112, Karnataka, India.",
                "Country": "India",
                "Nationality": "India"
            },
            {
                "Name": "Dr. Nitin K. Chaudhari",
                "Address": "Associate Professor, School of Technology, Pandit Deendayal Energy University, Knowledge Corridor, Raisan Village, Gandhinagar - 382426 Gujarat, India.",
                "Country": "India",
                "Nationality": "India"
            }
        ],
        "Applicants": [
            {
                "Name": "JAIN (Deemed-to-be University)",
                "Address": "Jain Global Campus, Jakkasandra Post, Kanakapura Road, Kanakapura Taluk, Ramnagar District, Bangalore \u2013562112, Karnataka, India.",
                "Country": "India",
                "Nationality": "India"
            }
        ]
    }
}