{
    "202441066905": {
        "Invention Title": "A PLANT-DERIVED ACTIVATED CARBON AND A PROCESS OF PREPARATION THEREOF",
        "Publication Number": "37/2024",
        "Publication Date": "13/09/2024",
        "Publication Type": "INA",
        "Application Number": "202441066905",
        "Application Filing Date": "04/09/2024",
        "Priority Number": "",
        "Priority Country": "",
        "Priority Date": "",
        "Field Of Invention": "CHEMICAL",
        "Classification (IPC)": "B01J0020200000, C02F0001280000, C01B0032324000, B01J0020280000, C01B0032300000",
        "Abstract": "ABSTRACT\r\nA PLANT-DERIVED ACTIVATED CARBON AND A PROCESS OF PREPARATION THEREOF\r\nThe present disclosure relates to a process of preparing an activated carbon material from the root of Prosopis sp. The process is simple and cost-efficient displaying exceptional adsorption capacity. The present disclosure offers efficient and superior quality activated carbon material compared to traditional steam-based processes. The present disclosure also relates to activated carbon material derived from Prosopis sp.  Activated carbon material derived from Prosopis sp. roots has applications in various environmental conditions and industries, particularly those involving elevated temperatures.",
        "Description": [
            "Description:FIELD",
            "\tThe present disclosure relates to the field of activated carbon preparation. More specifically, the present disclosure relates to the development of activated carbon from Prosopis sp.; and its applications in water treatment and purification.",
            "\tDEFINITION",
            "\tAs used in the present disclosure, the following terms are generally intended to have the meaning as set forth below, except to the extent that the context in which they are used indicates otherwise.",
            "\tActivated Carbon: The term \u201cActivated Carbon\u201d is a form of carbon that is processed (activated) to have small, low-volume pores that increase its surface area and make it highly adsorbent. Activated carbon is produced from carbonaceous source materials such as coconuts, nutshells, coal, peat, and wood, and can be produced by thermal or chemical processes to enhance its adsorption capacity",
            "\tBiochar: The term \u201cBiochar\u201d refers to a carbon-rich material produced from the pyrolysis or gasification of biomass and is utilized in environmental applications, such as water treatment.",
            "\tTotal Suspended Solids (TSS): The term \u201cTotal Suspended Solids (TSS)\u201d refers to solid particles or matter in water that are visible and do not dissolve. They are a key parameter in water quality assessment.",
            "\tTotal Dissolved Solids (TDS): The term \u201cTotal Dissolved Solids (TDS)\u201d refers to the sum of all inorganic and organic substances dissolved in water, often measured as an indicator of water purity.",
            "\tChemical Oxygen Demand (COD): The term \u201cChemical Oxygen Demand (COD)\u201d is a measure of the amount of oxygen required for the chemical decomposition of organic matter in water. It is an important parameter in assessing water quality and pollution.",
            "\tBACKGROUND",
            "\tThe background information herein below relates to the present disclosure but is not necessarily prior art.",
            "\tActivated carbon is usually a form of carbon that is treated to have a very large surface area, forming a very porous structure and, therefore, is very effective in the adsorption of substances found in liquids and gases. It is manufactured by heating carbon materials with large amounts, such as wood, coconut shells, or coal, in the absence of air through a process called pyrolysis. This, in turn, yields a product that is activated either physically or chemically to open its pores, greatly increasing the surface area. Owing to the massive network of pores, activated carbon traps contaminants, hence being highly resourceful in such applications as water purification, air filtration, and also in the medical field when cases involve poisoning or overdose.",
            "\tIt is such versatility of activated carbon that may be supported by adsorption\u2014of substances from a wide range of organic chemicals, toxins, and heavy metals. The effectiveness is defined by pore size, surface area, and the nature of the contaminants. Areas that deal with activated carbon range from food and beverage processing, where the material removes impurities and odor, to environmental protection of remediation of contaminated soils and groundwater. Besides, the uses of personal care products like face masks and toothpaste underline its increasing appearance in everyday consumer goods. Thus, this quality may easily be used for the purification of essential substances such as water.",
            "\tWater quality and environmental sustainability have become critical global concerns, prompting a growing need for innovative technologies that can effectively treat and purify water. Contaminants such as dyes, suspended solids, dissolved solids, color, odors, and chemical oxygen demand (COD) in water pose significant challenges to environmental ecosystems and human health.",
            "\tTraditional water treatment methods often rely on activated carbon for its effectiveness in capturing impurities from water. However, the aforementioned conventional production of activated carbon raises concerns over the consumption of non-renewable resources, such as coal or petroleum-based feedstock, and energy-intensive manufacturing processes. These practices not only pose environmental and economic challenges but also restrict the sustainability and scalability of water treatment systems. Additionally, the current landscape of activated carbon production predominantly relies on coconut shell charcoal which presents significant challenges and limitations. The cost associated with coconut shell charcoal is high, primarily due to its limited availability and seasonal price fluctuations. Furthermore, the transportation of coconut shell charcoal across borders is constrained by its classification as dangerous goods adding to logistical complexities. Another significant disadvantage of coconut shells is their relatively high moisture content, resulting in substantial losses during the carbon production process. These moisture-related inefficiencies not only reduce the yield but also necessitate additional energy consumption during the drying phase. During off-seasons, when the availability of coconut shells is restricted, the cost further escalates, posing economic challenges and diminishing the feasibility of activated carbon production.",
            "\tIn addition, conventional activated carbon materials may have limitations regarding stability at high temperatures and their ability to rapidly adsorb contaminants, particularly at lower concentrations.",
            "\tThere is, therefore, a need to develop a plant-derived activated carbon for wastewater treatment that can overcome the above-mentioned drawbacks or at least provide a useful alternative.",
            "\tOBJECTS",
            "\tSome of the objects of the present disclosure, which at least one embodiment herein satisfies, are as follows.",
            "\tAn object of the present disclosure is to produce activated carbon from plant sources.",
            "\tAnother object of the present disclosure is to produce activated carbon from a plant source with a low moisture content.",
            "\tAnother object of the present disclosure is to devise an optimized process of preparation of activated carbon from a plant source with a low moisture content.",
            "\tYet another object of the present disclosure is to devise an optimized process of preparation of activated carbon from a plant source that is in abundance throughout the seasons.",
            "\tYet another object of the present disclosure is to devise an optimized process of preparation of activated carbon that is energy and cost-efficient.",
            "\tStill another object of the present disclosure is to provide a solution for water treatment using the activated carbon thus derived.",
            "\tStill another object of the present disclosure is to provide a highly stable activated carbon material that can withstand elevated temperatures in water treatment systems.",
            "Other objects and advantages of the present disclosure will be more apparent from the following description, which is not intended to limit the scope of the present disclosure.",
            "\tSUMMARY",
            "\tOne aspect of the present disclosure relates to a process of preparation of activated carbon material from Prosopis sp. The process comprises cleaning the roots of Prosopis sp., and drying at a first predetermined temperature for a first predetermined time period to obtain dried roots. The dried roots are cut into predetermined sizes to obtain cut portions, followed by grinding at a predetermined speed for a second predetermined time period to obtain powdered roots. Then, the powdered roots are subjected to heat in a furnace maintained at a second predetermined temperature for a third predetermined time period to obtain a carbonized powder. The carbonized powder is washed with double distilled water in a first predetermined ratio to obtain washed powder and finally dried at a third predetermined temperature for a fourth predetermined time period to obtain activated carbon material from Prosopis sp.",
            "\tIn accordance with the present disclosure, the carbonized powder is optionally further soaked in a fluid medium with a second predetermined ratio for a fifth predetermined time before washing the carbonized powder.",
            "\tIn accordance with the present disclosure, Prosopis sp. is selected from the species consisting of Prosopis juliflora, Prosopis farcta, and Prosopis chilensis.",
            "\tIn accordance with the present disclosure, the first predetermined temperature of drying the roots is in the range of 50 \u00b0C to 80 \u00b0C, the second predetermined temperature of heating is in the range of 300 oC to 700 oC, and the third predetermined temperature of drying the washed powder is in the range of 100 \u00b0C to 150 \u00b0C.",
            "\tIn accordance with the present disclosure, the first predetermined time period of drying the roots is in the range of 24 hours to 72 hours, the second predetermined time period of grinding is in the range of 30 minutes to 120 minutes, the third predetermined time period of heating is in the range of 1 hour to 4 hours, the fourth predetermined time period of drying the washed powder is in the range of 15 minutes to 180 minutes, and the fifth predetermined time period for soaking is in the range of 15 minutes to 45 minutes.",
            "\tIn accordance with the present disclosure, the predetermined size of cut-dried roots is in the range of 1 cm to 10 cm, the predetermined speed of grinding is in the range of 1000 rpm to 3000 rpm, the first predetermined ratio of carbonized powder to distilled water is in the range of 1:1 (w/v) to 1:10 (w/v), and the second predetermined ratio of carbonized powder to fluid medium is in the range of 1:1 (w/v) to 1:10 (w/v).",
            "\tIn accordance with the present disclosure, the furnace is a closed container with limited oxygen and the fluid medium is selected from hydrogen peroxide and sodium hydroxide.",
            "\tAnother aspect of the disclosure relates to an activated carbon material derived from Prosopis sp. The material has a porosity in the range of 1 nm to 100 nm, and a surface area in the range of 300 m2/g to 700 m2/g.",
            "\tIn accordance with the present disclosure, the activated carbon material exhibits absorption of azo dyes at a pH in the range of 3 to 9.",
            "\tIn accordance with the present disclosure, the activated carbon material is stable at a temperature in the range of 10 OC to 80 OC.",
            "BRIEF DESCRIPTION OF THE ACCOMPANYING DRAWING",
            "\tEmbodiments, of the present disclosure, will now be described with reference to the accompanying drawing.",
            "\tFigure 1 illustrates SEM images of a) raw Prosopis juliflora roots, b) activated raw Prosopis juliflora roots before adsorption (APJRB), c) activated raw Prosopis juliflora roots after adsorption, in accordance with the present disclosure;",
            "\tFigure 2 illustrates EDX images of a) raw Prosopis juliflora roots, b) activated raw Prosopis juliflora roots before adsorption (APJRB), c) activated raw Prosopis juliflora roots after adsorption, in accordance with the present disclosure;",
            "\tFigure 3 illustrates FTIR images of a) raw Prosopis juliflora roots, b) activated raw Prosopis juliflora roots before adsorption (APJRB), c) activated raw Prosopis juliflora roots after adsorption, in accordance with the present disclosure;",
            "\tFigure 4 illustrates XRD images of a) raw Prosopis juliflora roots, b) activated raw Prosopis juliflora roots before adsorption (APJRB), c) activated raw Prosopis juliflora roots after adsorption, in accordance with the present disclosure;",
            "\tFigure 5 illustrates TGA/DTG/DTA images of a) raw Prosopis juliflora roots, b) activated raw Prosopis juliflora roots before adsorption (APJRB), in accordance with the present disclosure;",
            "\tFigure 6 illustrates XPS/BET images of a) raw Prosopis juliflora roots, b) activated raw Prosopis juliflora roots before adsorption (APJRB), in accordance with the present disclosure;",
            "\tFigure 7 illustrates the adsorption efficiency of a) Reactive Orange 16 (RO \u2013 16), b) Reactive Red 120 (RR-120) & c) Reactive Blue 19 (RB-19) dyes by varying the contact time using APJRB, in accordance with the present disclosure;",
            "\tFigure 8 illustrates a) the adsorption efficiency of RO-16, RR-120, and RB-19 Dyes onto APJRB at different azo dye concentrations & b) the effect of pH on adsorption capacity Azo Dye Adsorption: RO-16, RR-120 & RB-19 by varying the pH using APJRB, in accordance with the present disclosure;",
            "\tFigure 9 illustrates the adsorption of RO - 16, RR-120 & RB-19 dyes by varying the dose level using APJRB, in accordance with the present disclosure;",
            "\tFigure 10 illustrates isotherm plots for azo dye uptake using APJRB, in accordance with the present disclosure;",
            "\tFigure 11 illustrates pseudo 1st & 2nd order kinetic plots for (a) RO 16 (b) RR120 & (c) RB19 \u2013 azo dyes adsorption by APJRB, in accordance with the present disclosure;",
            "\tFigure 12 illustrates the impact of temperature in (a) RO \u2013 16 (b) RR -120 & (c) RB - 19 dye adsorption using activated APJRB, in accordance with the present disclosure;",
            "\tFigure 13 illustrates thermodynamic plots for (a) RO-16, (b) RR-120, and (c) RB-19 Dye Adsorption using APJRB, in accordance with the present disclosure;",
            "\tFigure 14 illustrates filter (a) inlet and filter (b) outlet water, in accordance with the present disclosure;",
            "\tFigure 15 illustrates daily analysis in the ZLD plant, in accordance with the present disclosure; and",
            "\tFigure 16 illustrates response surface methodology plots for RR-120, in accordance with the present disclosure.",
            "DETAILED DESCRIPTION",
            "\tThe present disclosure relates to the field of activated carbon preparation. More specifically, the present disclosure relates to the development of activated carbon from Prosopis sp., and its applications in water treatment and purification.",
            "\tEmbodiments, of the present disclosure, will now be described with reference to the accompanying drawing.",
            "\tEmbodiments are provided so as to thoroughly and fully convey the scope of the present disclosure to the person skilled in the art. Numerous details are set forth, relating to specific components, and methods, to provide a complete understanding of embodiments of the present disclosure. It will be apparent to the person skilled in the art that the details provided in the embodiments should not be construed to limit the scope of the present disclosure. In some embodiments, well-known processes, well-known apparatus structures, and well-known techniques are not described in detail.",
            "\tThe terminology used, in the present disclosure, is only for the purpose of explaining a particular embodiment and such terminology shall not be considered to limit the scope of the present disclosure. As used in the present disclosure, the forms \"a,\u201d \"an,\" and \"the\" may be intended to include the plural forms as well, unless the context clearly suggests otherwise. The terms \"comprises,\" \"comprising,\" \u201cincluding,\u201d and \u201chaving,\u201d are open-ended transitional phrases and therefore specify the presence of stated features, integers, steps, operations, elements, modules, units, and/or components, but do not forbid the presence or addition of one or more other features, integers, steps, operations, elements, components, and/or groups thereof. The particular order of steps disclosed in the method and process of the present disclosure is not to be construed as necessarily requiring their performance as described or illustrated. It is also to be understood that additional or alternative steps may be employed.",
            "\tActivated carbon is commonly used in purification technologies due to its great absorbing properties of substances. The massive number and surface area of pores it holds, activated carbon efficiently traps contaminants in applications such as water purification, air filtration, and the like.",
            "\tExisting water treatment systems exhibit limitations in their efficiency and capacity to address specific contaminants. Toxic chemicals are extensively used in various industries and their presence in wastewater poses hazardous environmental risks. The removal of these chemical contaminants like suspended solids, dissolved solids, color, odors, and chemical oxygen demand (COD), often requires multiple treatment steps and substantial resources. Conventional activated carbon materials may have limitations regarding stability at high temperatures and their ability to rapidly adsorb contaminants, particularly at lower concentrations. The shortcomings of existing water treatment solutions underscore the pressing need for innovative technologies and materials that are not only highly effective in purifying water but also environmentally sustainable and resource-efficient.",
            "\tIn accordance with the present disclosure, the activated carbon from Prosopis sp. has a very high surface area, which plays a major role in effective and efficient adsorption. The porous structure of Prosopis sp. root activated carbon is ideal for adsorbing a wide range of pollutants from water, including organic compounds, heavy metals, and dyes. The activated carbon contains a number of functional groups, such as hydroxyl and carboxylic groups, which interact with pollutants and enhance adsorption.",
            "\tProsopis sp. is a fast-growing, invasive plant that can be found in many arid and semi-arid regions of the world. In India, Prosopis species, are distributed across several geographical regions, predominantly thriving in arid and semi-arid areas. These regions span across the country and include states such as Rajasthan, Gujarat, Maharashtra, Karnataka, Andhra Pradesh, Tamil Nadu, Telangana, Madhya Pradesh, Haryana, Punjab, Uttar Pradesh, and Bihar.",
            "\tProsopis sp. is a source of sustainable and renewable raw material for activated carbon preparation.",
            "\tOne aspect of the present disclosure provides a process of preparing an activated carbon material from Prosopis sp.",
            "\tIn accordance with the present disclosure, Prosopis sp. is selected from the species consisting of Prosopis juliflora, Prosopis farcta, and Prosopis chilensis. In an exemplary embodiment, the Prosopis sp. is Prosopis juliflora.",
            "\tThe process of preparing an activated carbon material from the roots of Prosopis sp. comprises the steps of cleaning the roots of Prosopis sp., followed by drying at a first predetermined temperature for a first predetermined time period to obtain dried roots. The dried roots are cut into predetermined sizes to obtain cut portions.",
            "\tIn accordance with the present disclosure, the first predetermined temperature for drying the roots is in the range of 10 oC to 50 oC, the first predetermined time period of drying the roots is in the range of 24 hours to 72 hours, and the predetermined size of cut-dried roots is in the range of 1 cm to 10 cm. In an exemplary embodiment, the predetermined size is 4 cm.",
            "\tThe cut portions are further ground at a predetermined speed for a second predetermined time period to yield powdered roots.",
            "\tIn accordance with the present disclosure, the predetermined speed of grinding is in the range of 1000 rpm to 3000 rpm and the second predetermined time period of grinding is in the range of 30 minutes to 120 minutes.",
            "\tThe powdered roots are then subjected to heat in a furnace in a closed container under limited oxygen maintained at a second predetermined temperature for a third predetermined time period, resulting in carbonized powder.",
            "\tIn accordance with the present disclosure, the second predetermined temperature of heating is in the range of 300oC to 700oC, and the third predetermined time period of heating is in the range of 1 hour to 4 hours.",
            "\tThen, the carbonized powder undergoes a thorough washing process with double-distilled water in a first predetermined ratio to obtain the washed powder.",
            "\tIn accordance with the present disclosure, the first predetermined ratio of carbonized powder to distilled water is in the range of 1:1 (w/v) to 1:10 (w/v).",
            "\tFinally, the washed powder is dried at a third predetermined temperature for a fourth predetermined time period, ultimately resulting in the creation of activated carbon material sourced from Prosopis sp.",
            "\tIn accordance with the present disclosure, the third predetermined temperature for drying the washed powder is in the range of 100\u00b0C to 150\u00b0C, and the fourth predetermined time period of drying the washed powder is in the range of 15 minutes to 180 minutes.",
            "\tIn accordance with the present disclosure, the carbonized powder is optionally further soaked in a fluid medium in a second predetermined ratio for a fifth predetermined time period, before washing the carbonized powder.",
            "\tIn accordance with the present disclosure, the fluid medium is selected from hydrogen peroxide and sodium hydroxide, the second predetermined ratio of carbonized powder to fluid medium is in the range of 1:1 (w/v) to 1:10 (w/v), and the fifth predetermined time period for soaking is in the range of 15 minutes to 45 minutes.",
            "\tAnother aspect of the present disclosure provides an activated carbon material derived from Prosopis sp. through the process as described.",
            "\tIn accordance with the present disclosure, the activated carbon material has a porosity in the range of 1 nm to 100 nm, and a surface area in the range of 300 m2/g to 700 m2/g.",
            "\tIn accordance with the present disclosure, the activated carbon material exhibits absorption of azo dyes at a pH in the range of 3 to 9.",
            "\tIn accordance with the present disclosure, the activated carbon material is stable at a temperature in the range of 10 OC to 80 OC.",
            "\tThe physical and specific properties of the activated carbon from Prosopis juliflora make effective removal of various contaminants from wastewater, such as organic pollutants (industrial dyes, pesticides, and other organic compounds readily get adsorbed onto the carbon's large surface area and active sites), heavy metals (cations like lead, cadmium, and copper form complexes with the functional groups on the carbon surface, removing them from water), chlorinated compounds (traces of chlorine and its byproducts can be adsorbed onto the activated carbon, improving water taste and odor) and emerging contaminants (pharmaceutical residues and micro-plastics can also be effectively removed through appropriate carbon design and activation methods).",
            "\tProsopis juliflora derived activated carbon offers several sustainable and environmental benefits. It acts as a waste-to-wealth conversion that transforms an invasive species into a valuable resource reducing its negative ecological impact and creating income opportunities. Reduces deforestation, this alternative source of activated carbon lessens the dependence on charcoal production from trees, protecting valuable forests. As compared to some conventional activated carbon preparation methods, using Prosopis juliflora roots generates less greenhouse gas emissions. Preparing activated carbon from locally available roots minimizes transportation needs, promotes local resource utilization, and lowers associated environmental costs.",
            "\tIn accordance with the present disclosure, activated carbon prepared from Prosopis juliflora roots for water treatment has several unique properties and advantages due to this specific plant material. Prosopis juliflora root-derived activated carbon is highly suitable for water treatment due to various factors such as high carbon content, porous structure, high adsorption capacity, minimal cultivation costs, availability, waste utilization, and sustainability by controlling this invasive species.",
            "\tProsopis juliflora roots have a high carbon content, which is a crucial factor for the preparation of high-quality activated carbon. This high carbon content allows the creation of a highly porous structure, essential for effective adsorption. The roots of Prosopis juliflora tend to produce activated carbon with a well-developed porous structure. This high surface area and pore volume are vital for the effective adsorption of contaminants from water, including heavy metals, organic pollutants, and other impurities. Activated carbon derived from Prosopis juliflora roots shows high adsorption capacity for various contaminants. This makes it a competitive material for water treatment applications, often outperforming other types of activated carbon in certain contexts. Prosopis juliflora is an invasive species in many regions, making it readily available as it grows naturally without needing intensive agricultural inputs, reducing costs and thus acting as a low-cost raw material. Harvesting and utilizing this plant for activated carbon preparation can help control its spread, which benefits local ecosystems and agriculture. Hence, Prosopis juliflora turns an environmental problem into an economic resource.",
            "\tActivated carbon of the present disclosure is a high-value product used in various industries. There is a growing global demand for activated carbon, ensuring a stable market.  It establishes production facilities, creates jobs in harvesting, processing, and manufacturing, and diversifies the local economy, especially in rural areas, reducing dependency on imported activated carbon and saving transportation costs. Thus, ensuring a stable local supply and minimizing disruptions from global supply chain issues. Prosopis juliflora activated carbon is effective in removing contaminants, lowering water treatment costs with high adsorption capacity, leading to longer operational life and less frequent replacement, and reducing overall costs.",
            "The foregoing description of the embodiments has been provided for purposes of illustration and is not intended to limit the scope of the present disclosure. Individual components of a particular embodiment are generally not limited to that particular embodiment, but, are interchangeable. Such variations are not to be regarded as a departure from the present disclosure, and all such modifications are considered to be within the scope of the present disclosure.",
            "\tThe present disclosure is further described in light of certain non-limiting examples/ working examples deliberated optionally through certain experiments, which are set forth for illustration purposes only and not to be construed as limiting the scope of the disclosure. The following experiments can be scaled up to an industrial/ commercial scale, and the results obtained can be extrapolated to an industrial scale.",
            "\tEXAMPLES",
            "\tEXAMPLE 1: Process of manufacturing the material, in accordance with the present disclosure",
            "\tTo prepare the activated carbon material from Prosopis juliflora roots, the process involved the following steps. Prosopis juliflora Roots were obtained from Devipattinam, Athiyuthu Road, Ramanadhapuram, Tamil Nadu.",
            "\tProsopis juliflora roots were identified, harvested, and cleaned thoroughly to remove dirt and debris, then dried at 32oC for 48 hours to obtain dried roots. Then, it was cut into sizes of 4 cm and was further ground at 2500 rpm for 45 minutes to obtain powdered roots. The powdered roots were then subjected to heat (pyrolysis) in a furnace in a closed container with limited oxygen maintained at 400oC for 3 hours, resulting in carbonized powder. This carbonized powder underwent a thorough washing process with double-distilled water in a ratio of 1:5 to remove ash or activated agents to obtain a washed powder. Subsequently, the washed powder was dried at 120oC for 60 minutes to obtain the activated carbon material from Prosopis roots.",
            "\tOptionally the carbonized powder is soaked in a fluid medium (hydrogen peroxide) for chemical activation with a 1:5 ratio for 30 minutes, before washing the carbonized powder.",
            "\tThe obtained activated carbon material derived from Prosopis juliflora roots is stored at 25oC and has a shelf life of about 12 months. The activated carbon has 2-50nm porosity with 500 m2/g surface area and has a stability between 20-60 oC. The activated carbon exhibits absorption of azo dyes at 6 pH.",
            "\tThe obtained activated carbon material derived from Prosopis juliflora roots is ready for use in applications like water purification, air filtration, soil remediation, and biogas production.",
            "\tEXAMPLE 2:",
            "\tCharacterization studies of Activated Raw Prosopis juliflora roots before adsorption, in accordance with the present disclosure.",
            "\tThe activated carbon material derived from the roots underwent characterization studies.",
            "\tSEM, EDX, FTIR, TGA, DTG, DTA, and BET surface area analysis were conducted for Activated Raw Prosopis juliflora roots before adsorption (APJRB) Raw Prosopis juliflora roots and Activated Raw Prosopis juliflora roots after adsorption. The results are as follows:",
            "\tSEM images and its analysis of a) raw Prosopis juliflora roots, b) activated raw Prosopis juliflora roots before adsorption (APJRB), and c) activated raw Prosopis juliflora roots after adsorption (Figure 1), showed that the activated biochar-based adsorbent had a much higher surface area and volume than the raw adsorbent. This was due to the hydrogen peroxide activation process, which created uneven pores that were highly effective at attracting and adsorbing pollutants from aqueous solutions.",
            "\tEDX images of a) raw Prosopis juliflora roots b) activated raw Prosopis juliflora roots before adsorption (APJRB), c) activated raw Prosopis juliflora roots after adsorption (Figure 2) were examined, and revealed that the produced adsorbent absorbed the desired azo dyes. The presence and adsorption of organic and inorganic contaminants were found, confirming that the activated juliflora adsorbent was efficient at removing pollutants from the aqueous medium.",
            "\tFTIR analysis of FTIR images of a) raw Prosopis juliflora roots b) activated raw Prosopis juliflora roots before adsorption (APJRB), c) activated raw Prosopis juliflora roots after adsorption (Figure 3) revealed the functional groups contained in the produced adsorbent. The presence of functional groups demonstrated the produced Prosopis juliflora adsorbent's capacity to absorb contaminants from aqueous solutions during the adsorption procedure.",
            "\tThe XRD analysis reveals the crystalline structure of the produced adsorbent at different stages of its development and use. XRD analysis was performed with XRD images of a) raw Prosopis juliflora roots b) activated raw Prosopis juliflora roots before adsorption (APJRB), c) activated raw Prosopis juliflora roots after adsorption (Figure 4). The results provide insights into how the activation and adsorption processes affect the structural properties of the material, contributing to a comprehensive understanding of its performance in removing contaminants from aqueous solutions.",
            "\tThe TGA, DTG, and DTA analyses of TGA/DTG/DTA images of a) raw Prosopis juliflora roots b) activated raw Prosopis juliflora roots before adsorption (APJRB) (Figure 5) revealed information regarding the produced adsorbent's stability at various temperatures. The analysis showed that the prepared APJRB had very high stability in temperature, which is an important factor in its performance as an adsorbent.",
            "\tXPS/BET surface area study with images of a) raw Prosopis juliflora roots b) activated raw Prosopis juliflora roots before adsorption (APJRB) (Figure 6) revealed information regarding the produced adsorbent's adsorption and desorption properties. The results indicated that the produced adsorbent had a large surface area, which made it extremely efficient at adsorbing contaminants from aqueous solutions.",
            "\tThe characterization studies taken together provided adequate evidence that the prepared APJRB adsorbent was highly effective at eliminating pollutants from aqueous solutions. The enhanced surface area and volume, the presence of functional groups, and the adsorbent's strong stability at different temperatures all contribute to its efficiency. Therefore, the characterization study confirmed the increase in efficiency of the adsorbent thereby providing scientific evidence to support its use in the removal of pollutants from aqueous solutions.",
            "\t2.1: Physical and specific properties of Activated Raw Prosopis juliflora Roots, in accordance with the present disclosure.",
            "\t1. High surface area: Steam activation typically yields activated carbon with a high surface area exceeding 500 m\u00b2/g, offering ample space for pollutant adsorption.",
            "\t2. Developed porosity: Micropores (smaller than 2 nm) and mesopores (2-50 nm) dominate the internal structure, thus providing excellent access to diverse contaminants.",
            "\t3. Amorphous structure: Lacking a well-defined crystalline structure allows enhanced adsorption through physical interactions with pollutants.",
            "\t4. Chemical composition: Primarily composed of carbon with varying amounts of oxygen-containing functional groups (hydroxyl, carbonyl, etc.), contributes to specific adsorption mechanisms.",
            "\t5. Low ash content: Minimal inorganic impurities ensure high purity and effective adsorption performance.",
            "\tEXAMPLE 3:",
            "\tThermal, Kinetic, Adsorption, and Thermodynamic Studies of Activated Raw Prosopis juliflora Roots, in accordance with the present disclosure.",
            "\tThe present study was conducted to assess the thermal, kinetic, adsorption, and thermodynamic properties of the Prosopis juliflora-activated roots. The study was conducted to shed light on the suitability and efficiency of Activated Raw Prosopis juliflora Roots as an eco-friendly and renewable adsorbent.",
            "\t3.1: Influence of Contact Time in dye adsorption",
            "\tThe adsorption process was studied by varying the contact time between the adsorbent and azo dyes, ranging from 10 to 120 minutes, in order to assess the impact of azo dye concentration on the adsorption process. Additionally, the concentration of dyes was adjusted within the range of 25 mg L-1 to 150 mg L-1.",
            "\tIn the initial stages, the adsorbent exhibited rapid uptake of azo dyes due to the presence of unoccupied sites. However, as the dye molecules began to saturate the mesopores of the adsorbent, the rate of adsorption gradually decreased.",
            "\tIt was observed in Figure 7 (adsorption efficiency of a) Reactive Orange 16 (RO \u2013 16), b) Reactive Red 120 (RR-120) & c) Reactive Blue 19 (RB-19) dyes by varying the contact time using APJRB) that after 50 minutes, there was no significant change in the amount of dye adsorption, and it attained a constant rate. The observed decline in adsorption rate over time can be attributed to repulsive forces acting on the surfaces of the adsorbent molecules. These forces contribute to a reduction in mass transfer between the solid and liquid phases as the system reaches equilibrium. Additionally, as the azo dyes need higher energy to enter the pores of the adsorbent, the amount of adsorption was observed to reduce in the final stages.",
            "\t3.2: Influence of temperature in dye adsorption",
            "\tThis study was conducted to study the relationship between the concentration of azo dyes and the adsorption process. The concentration of azo dyes in the solution was systematically changed from 25 mg/L to 150 mg/L in this batch study. The concentration of Prosopis juliflora charcoal adsorbent was maintained at 2 g L-1, and all other parameters were held constant throughout the experiment.",
            "\tAs seen in Figure 8a (adsorption efficiency of RO-16, RR-120, and RB-19 Dyes onto APJRB at different azo dye concentrations) at lower concentrations, a significant number of vacant sites were available, leading to rapid dye adsorption. However, as the concentration of azo dyes increased, there was a noticeable decline in the amount of adsorption. This decline can be attributed to the saturation of azo dyes adsorbed within the mesopores of the adsorbent.",
            "\tThe APJRB exhibited a high adsorption efficiency with 98.36% of RO-16, 89.72% of RR-120, and 82.93% of RB-19 azo dyes being adsorbed at low primary concentrations. The APJRB absorption of azo dye was quick at lower doses, indicating that the adsorbent did not approach its overload level. The data presented in this study provide strong evidence of the substantial influence of azo dye concentration on the adsorption process. The concentration of azo dyes in the solution plays a significant role in influencing the efficiency of the adsorption process. At lower concentrations, the adsorption process was rapid, while at higher concentrations, the adsorption rate decreased. The APJRB exhibited high efficiency in removing azo dyes, particularly at low primary concentrations.",
            "\t3.3: Influence of adsorbent dose in dye removal",
            "\tIn this study, the effect of pH and adsorbent dose level on the removal of azo dyes using APJRB was investigated. The results of the study showed that the pH of the solution and the adsorbent dose level significantly affected the removal efficiency of the azo dyes.",
            "\tThe pH of the solution played a crucial role in the removal of azo dyes. When the pH was increased, a stable decrease in the percentage of dye adsorption was observed the presence of positively charged adsorbents on the surface reduced the interface between azo dyes and the APJRB. The adsorbent surface developed a low positive charge when the pH of the solution was very low and stimulated the faster removal of azo dyes (Figure 8b the effect of pH on adsorption capacity, Azo Dye Adsorption: RO-16, RR-120 & RB-19 by varying the pH using APJRB, in accordance with the present disclosure). The maximum amount of dye removal was obtained at the pH of 2.0, and Figure 4 demonstrates a gradual reduction in the adsorption capacity as the pH of the solution increases. This decline in dye removal can be attributed to the precipitation of hydroxide at elevated pH levels.",
            "\tThe adsorbent dosage level was also discovered to be important in the removal of azo dyes (Figure 9 the adsorption of RO-16, RR-120 & RB-19 dyes by varying the dose level using APJRB). The availability of active sites increased as the adsorbent dosage level rose, resulting in enhanced azo dye removal efficiency. The highest level of dye removal was achieved at the optimal adsorbent dose of 2 g L-1. However, a gradual decrease in the amount of dye removal was observed when the adsorbent dose exceeded 2 g L-1, primarily due to a reduction in the concentration gradient. This can be attributed to the availability of a free surface at the time of dye removal by the adsorbent.",
            "\tOverall, these findings suggest that the pH of the solution and adsorbent dose level were critical parameters that need to be carefully optimized for the efficient removal of azo dyes using APJRB.",
            "\t3.4: Isotherm Studies",
            "\tIn this study, the adsorption of azo dyes by APJRB was analyzed using several isotherm models. The Langmuir isotherm model was employed to determine the constants k and qmax by plotting Ce/qe against Ce which demonstrated linearity (Figure 10 isotherm plots for azo dye uptake using APJRB).",
            "\tThe coefficient of regression was computed, and the separation parameters for RO-16, RR-120, and RB-19 azo dyes at a concentration of 25 mg L-1 were determined to be 0.0033, 0.0160, and 0.0295, respectively. These values indicate an exceptional adsorption process, signifying the effectiveness of the adsorbent in separating and removing the specified dyes.",
            "\tThe Freundlich isotherm model was employed to determine the constants Kf and n by plotting the natural logarithm of equilibrium adsorption quantity (ln qe) against the natural logarithm of equilibrium concentration (ln Ce). The obtained n values of 3.420 for RO-16, 2.779 for RR-120, and 2.384 for RB-19 dyes fall within the range of 1 to 10, indicating physical adsorption of the azo dyes onto the adsorbent. This suggested that the interaction between the adsorbent and the dyes was primarily driven by non-specific, reversible forces. By employing the Langmuir and Freundlich isotherms, the same dataset was utilized to evaluate the adsorption process. The obtained regression values from the plots provided compelling evidence in support of the adsorption phenomenon. These results indicate a strong correlation between the experimental data and the theoretical models, affirming the effectiveness of the adsorption process.",
            "\tThe Redlich-Peterson isotherm model was also employed to determine the constants KR and aR by analyzing the linear plot of the isotherm study. The aR values were found to lie between 0 to 1, representing the model's fit with either Langmuir or Freundlich type.",
            "\tThe Sips isotherm model was employed to determine the constants Qmax and Ks. The values of Qmax and Ks were obtained by extracting the slope and deflection values from the kinetic linear plots of this model. The coefficient of regression (R2) value, which exceeded 0.95, indicates a strong fit of the dye adsorption process. This high R2 value suggests that the experimental data closely aligns with the mathematical model used for the adsorption process, providing confidence in the accuracy and reliability of the fitting process.",
            "\tTo assess the adsorption of azo dyes, the Toth isotherm model was employed. The constant values for the model were determined by analyzing the slope and deflection values obtained from the plots. These constant values play a crucial role in characterizing and quantifying the adsorption process of azo dyes using the Toth isotherm model. The Toth isotherm model, also referred to as the three-parameter model, was utilized to identify heterogeneous solid surfaces and investigate the interaction effects occurring on these surfaces with the adsorbed azo dyes. When the Langmuir isotherm was found to be inadequate in describing the adsorption process, the Toth isotherm plots were utilized to establish correlations between the equilibrium data and provide a more precise representation of the adsorption phenomenon.",
            "\tThe Langmuir, Freundlich, R-P, and Sips isotherm models were determined to be an excellent fit for the adsorption process based on the studies given in Figure 10, indicating homogenous and monolayer adsorption. However, it was discovered that the Toth and Fritz-Schlunder isotherm models were less effective for assessing the azo dyes' adsorption by APJRB. Table 2 given below displays the azo dye adsorption isotherm constants for the APJRB method.",
            "\tTable 2   Adsorption Isotherm Constants for azo dye adsorption using APJRB",
            "\tSr. No.\tModel\tParameter\tRO - 16\tRR - 120\tRB - 19",
            "\t1.\tLangmuir\tqmax \t9.40\t9.92\t10.43",
            "\tKL \t0.34\t0.17\t0.10",
            "\tR2\t0.97\t0.95\t0.94",
            "\t2.\tFreundlich\tKf",
            "\t2.54\t1.83\t1.38",
            "\tn \t2.96\t2.31\t2.02",
            "\tR2\t0.95\t0.96\t0.99",
            "\t3.\tRedlich-Peterson (R-P)\tKRP\t11.32\t6.28\t4.53",
            "\taRP\t0.32\t0.13\t0.07",
            "\t\u00dfRP\t1.05\t1.14\t1.21",
            "\tR2\t0.95\t0.98\t0.98",
            "\t4.\tSips\tKS \t12.86\t6.13\t3.71",
            "\t\u00dfS\t1.25\t1.54\t1.65",
            "\taS \t0.47\t0.24\t0.15",
            "\tR2\t0.91\t0.95\t0.99",
            "\t5.\tToth\tQmax\t27.45\t25.42\t24.05",
            "\tbT\t0.38\t0.22\t0.16",
            "\tnT\t0.78\t0.58\t0.49",
            "\tR2\t0.82\t0.82\t0.82",
            "\t6.\tFritz-Schlunder\tQMFS\t0.33\t0.004\t0.074",
            "\tKFS\t34.38\t157.29\t60.98",
            "\tNFS\t1.05\t0.44\t1.21",
            "\tR2\t0.94\t0.96\t0.95",
            "\t3.5: Kinetic Studies",
            "\tUsing a pseudo-first-order and a pseudo-second-order kinetic model, the kinetics of the adsorption of the azo dyes RO-16, RR-120, and RB-19 were examined in this study.",
            "\tAs seen in Figure 11 (pseudo 1st & 2nd order kinetic plots for (a) RO 16 (b) RR120 & (c) RB19 \u2013 azo dyes adsorption by APJRB), the pseudo-first-order kinetic plots (qe - q) and t, as well as the pseudo-second-order plots (t/q vs. t), were built for each dye. The first-order kinetic plots were utilized to calculate the kinetic constant (k) and regression values (R2) by varying the dye solution concentrations from 25 mg L-1 to 150 mg L-1. These values provide valuable insights into the rate of the adsorption process and the goodness of fit of the first-order kinetic model to the experimental data at different dye solution concentrations. The findings are shown in Table 3.",
            "\tTable 3: Pseudo 1st order kinetic constants for azo dyes uptake by the adsorbent",
            "\tSr. No\tType of azo dye\tAzo dye solution\u2019s concentration in",
            "\tmg L-1\tPseudo 1st order Constants\tRegression values (R2)",
            "\tk min-1\tCalculated qe mg g-1",
            "\t1.\tRO - 16\t25\t0.066\t11.49\t0.92",
            "\t50\t0.073\t28.50\t0.93",
            "\t75\t0.076\t46.55\t0.92",
            "\t100\t0.082\t83.71\t0.95",
            "\t125\t0.071\t84.13\t0.94",
            "\t150\t0.069\t84.72\t0.92",
            "\t2.\tRR - 120\t25\t0.067\t12.44\t0.92",
            "\t50\t0.071\t29.04\t0.90",
            "\t75\t0.073\t54.93\t0.92",
            "\t100\t0.087\t84.12\t0.91",
            "\t125\t0.092\t94.18\t0.92",
            "\t150\t0.098\t132.53\t0.94",
            "\t3.",
            "\tRB - 19\t25\t0.064\t11.56\t0.92",
            "\t50\t0.073\t30.79\t0.92",
            "\t75\t0.089\t69.34\t0.93",
            "\t100\t0.080\t74.98\t0.94",
            "\t125\t0.087\t92.33\t0.93",
            "\t150\t0.093\t115.88\t0.94",
            "\tLow R2 values from the first-order kinetic model were discovered, which indicates that the adsorption process did not achieve equilibrium.",
            "\tThe pseudo-second-order kinetic model was used to do more research on the kinetics of adsorption. The second-order kinetic constants were determined by extracting the slope and intercept values from the linear plots, as depicted in Figure 11. These plots represent the pseudo-second-order kinetic model applied to the same range of dye concentrations. The obtained second-order kinetic constants provide valuable information about the rate of adsorption and allow for a more comprehensive understanding of the adsorption process under investigation. The results are presented in Table 4.",
            "\tTable 4   Pseudo 2nd order kinetic constants for azo dyes uptake by APJRB",
            "\tSr. No.\tType of azo dye\tAzo dye solution\u2019s concentration in mg L-1\tK (10-3)",
            "\tg. mg-1. min-1\tCalculated qe",
            "\tmg g-1\th mg. g-1 min-1\tExpected qe",
            "\tmg g-1\tRegression values",
            "\t(R2)",
            "\t1.\tRO - 16\t25\t8.98\t13.98\t1.75\t12.98\t0.99",
            "\t50\t4.72\t26.87\t3.60\t25.12\t0.99",
            "\t75\t2.82\t41.76\t3.98\t38.21\t0.99",
            "\t100\t1.96\t56.55\t4.55\t50.87\t0.99",
            "\t125\t1.35\t66.76\t4.79\t59.12\t0.99",
            "\t150\t1.11\t72.36\t5.21\t68.42\t0.99",
            "\t2.\tRR - 120\t25\t7.76\t13.96\t1.52\t12.84\t0.99",
            "\t50\t3.60\t26.51\t2.77\t24.45\t0.99",
            "\t75\t2.87\t38.64\t3.62\t36.89\t0.97",
            "\t100\t1.53\t51.23\t4.61\t48.71\t0.96",
            "\t125\t0.94\t62.45\t4.65\t59.12\t0.99",
            "\t150\t0.78\t72.35\t4.92\t68.45\t0.99",
            "\t3.\tRB - 19\t25\t8.18\t13.51\t1.49\t12.63\t0.97",
            "\t50\t4.25\t25.64\t2.46\t24.22\t0.97",
            "\t75\t2.52\t37.30\t3.64\t35.01\t0.96",
            "\t100\t1.47\t52.36\t4.90\t47,23\t0.96",
            "\t125\t1.25\t66.67\t5.39\t59.28\t0.97",
            "\t150\t1.009\t73.31\t4.48\t67.19\t0.96",
            "\tThe experimental qe values were found to be nearly similar to the calculated qe values, and The pseudo-second-order kinetic model could be used since all three dyes' regression values (R2) were more than 0.95. These findings imply that the adsorption process achieved equilibrium.",
            "\t3.6: Thermal Studies and Thermodynamic Studies of the Adsorption Process",
            "\tExperimental investigations were conducted to analyze the impact of different temperature conditions on azo dye uptake by APJRB. The temperature range of 15\u00b0 to 45\u00b0C was selected, and the results are depicted in Figure 12 (impact of temperature in (a) RO \u2013 16 (b) RR -120 & (c) RB - 19 dye adsorption using activated APJRB).",
            "\tThe adsorption process is significantly affected by temperature, and the maximum azo dye removal was observed at 20\u00b0C. However, as the temperature was gradually increased up to 60\u00b0C, a sudden decrement in azo dye uptake was noticed. This is explained by the fact that the adsorption process is exothermic, reducing the adsorbent surface and, as a result, the APJRB's ability to adsorb dye.",
            "\tFigure 13 (thermodynamic plots for (a) RO-16, (b) RR-120, and (c) RB-19 Dye Adsorption using APJRB) displays the thermodynamic adsorption process graphs (log Kc vs. 1/T) for various azo dye concentrations ranging from 25 mg L-1 to 150 mg L-1. Table 5 shows the derived values for the slope and intercept (?Ho and ?So).",
            "\tTable 5    Thermodynamic Constants for Azo dye uptake using APJRB",
            "\tRO - 16",
            "\tInitial Concentration",
            "\tin mg L-1\tEnthalpy (?H\u00b0)",
            "\tKJ mol-1\tEntropy",
            "\t(?S\u00b0)",
            "\tJ mol-1\tGibbs Energy (?Go) kJ mol-1",
            "\t15\u00b0C\t30\u00b0C\t45\u00b0C\t60\u00b0C",
            "\t25\t72.51\t197.02\t-13.10\t-9.58\t-8.36\t-7.47",
            "\t50\t42.82\t103.34\t-9.85\t-8.53\t-7.64\t-6.32",
            "\t75\t25.82\t52.55\t-7.36\t-6.33\t-6.03\t-5.82",
            "\t100\t17.56\t35.82\t-6.12\t-5.83\t-5.01\t-4.92",
            "\t125\t15.72\t32.28\t-5.72\t-5.25\t-4.99\t-4.32",
            "\t150\t12.27\t28.83\t-4.76\t-4.52\t-4.32\t-4.08",
            "\tRR \u2013 120",
            "\tInitial Concentration",
            "\tin mg L-1",
            "\t25\t45.43\t113.23\t-11.29\t-9.43\t-8.83\t-6.68",
            "\t50\t31.29\t75.58\t-9.46\t-7.73\t-7.33\t-6.02",
            "\t75\t18.36\t37.75\t-8.64\t-6.22\t-5.90\t-5.12",
            "\t100\t15.18\t31.92\t-6.76\t-5.83\t-5.21\t-4.85",
            "\t125\t12.83\t24.84\t-5.83\t-5.05\t-4.72\t-4.27",
            "\t150\t10.69\t19.27\t-5.03\t-4.63\t-4.22\t-4.00",
            "\tRB - 19",
            "\tInitial Concentration",
            "\tin mg L-1",
            "\t25\t34.62\t80.83\t-9.10\t-7.79\t-7.06\t-6.49",
            "\t50\t21.39\t42.29\t-8.43\t-6.92\t-6.22\t-5.34",
            "\t75\t18.69\t37.14\t-6.69\t-5.7\t-5.16\t-4.34",
            "\t100\t12.82\t26.88\t-6.07\t-5.02\t-4.62\t-4.02",
            "\t125\t11.18\t22.17\t-5.12\t-4.22\t-4.09\t-3.94",
            "\t150\t9.98\t19.92\t-4.44\t-4.01\t-3.92\t-3.28",
            "\tThe prepared adsorbent material exhibited a spontaneous nature as evidenced by negative ?Go values with positive ?Ho values, confirming the endothermic nature of the adsorption process. The positive values of ?So further support the increase in the uncertainty of the solid-liquid interface during the adsorption process in the aqueous medium.",
            "\tEXAMPLE 4:",
            "\tField studies using the activated raw Prosopis juliflora roots, in accordance with the present disclosure.",
            "\tThis study was undertaken to assess the water purification efficiency within the textile industry of Tirupur, which is known for generating substantial wastewater containing a range of pollutants, including dyes, heavy metals, and organic compounds. Activated biochar produced from Prosopis juliflora root was filled inside the designed filter in a textile effluent plant in Tirupur as shown in Figures 14 and 15 (the filter inlet and filter outlet water and, daily analysis in the ZLD plant, respectively).",
            "\tThe purpose of using activated biochar in the filter was to remove pollutants from the wastewater before RO. Activated biochar has a high surface area and porous structure making it an effective adsorbent to extract a wide range of pollutants. As the wastewater flows through the filter, the pollutants are adsorbed onto the surface of the activated biochar, thereby removing them from the water.",
            "\tFigure 6 was utilized to observe the efficacy of the activated biochar filter in eliminating contaminants from the textile effluent. The findings of these observations were recorded in Table 6 revealing that, the activated biochar filter demonstrated a remarkable ability to remove a substantial quantity of pollutants from the wastewater including dyes.",
            "\tThis, in turn, contributed to minimizing the environmental impact of the textile industry in Tirupur by decreasing the number of pollutants that made it to the RO stage.",
            "\tThese results highlight the efficacy of the activated biochar filter in removing pollutants from the textile effluent, indicating that it is a viable solution for treating wastewater and reducing the environmental impact of the textile industry in Tirupur.",
            "\tThe effectiveness of activated biochar as a filtration material was demonstrated by its colour removal efficiency of 83.4% and a COD (Chemical Oxygen Demand) reduction of 12.76%. This indicated that activated biochar was a highly efficient and cost-effective solution for treating textile effluent and reducing its environmental impact.",
            "\tTable 6: Characteristics of the real-time effluent with new activated carbon",
            "\tThe characteristics of the textile effluent such as colour and COD were measured before and after passing through the activated biochar filter as shown in Figure 15. The results of these measurements are presented in Table 7 given below:",
            "\tTable 7 Characteristics of the effluent before and after the filter",
            "\tCharacteristics\tEffluent\tBefore Filter\tAfter Filter",
            "\tColour\t3000 pt.co\t1486 pt.co\t246 pt.co",
            "\tCOD\t1800 mg/l\t141 mg/l\t123 mg/l",
            "\tThese findings demonstrate that the activated biochar filter was effective in reducing the colour and COD levels in the textile effluent. Before passing through the filter, the colour of the effluent was measured at 1486 pt.co, and its COD level was recorded at 141 mg/l. After passing through the filter, these values were substantially reduced to 246 pt.co and 123 mg/l respectively.",
            "\tThe implementation of activated biochar as a filter material in the textile effluent plant in Tirupur demonstrated the utilization of eco-friendly and sustainable alternatives to mitigate the environmental impacts associated with industrial activities.",
            "\tEXAMPLE 5:",
            "\tCost Analysis Activated Raw Prosopis juliflora roots",
            "\tCost analysis was done to compare the preparation and implementation costs of commercial carbon and developed carbon (activated biochar from Prosopis juliflora root) in a textile effluent plant in Tirupur.   The price of commercial carbon was Rs. 120/kg, while the price of developed carbon was Rs. 40/kg. This indicates that developed carbon is significantly cheaper than commercial carbon.",
            "\tThe total cost of using commercial carbon in the plant was Rs. 42,000/-, while the total cost of using developed carbon was Rs. 14,000/-. This cost analysis indicated that using developed carbon instead of commercial carbon could lead to significant cost savings for the textile effluent plant.  In addition to the cost savings, the observations showed that developed carbon was also more effective in removing pollutants from the textile effluent. The developed carbon was able to achieve 82% colour removal, compared to 60% colour removal achieved by commercial carbon.",
            "\tThe price difference between commercial carbon and developed carbon was 66% lower than developed carbon. This cost advantage combined with the superior performance of developed carbon in pollutant removal, made it an attractive alternative for textile effluent treatment plants and other industrial applications.",
            "\tOverall, cost analysis indicated that using developed carbon from Prosopis juliflora root in the textile effluent plant in Tirupur is a cost-effective and sustainable solution for reducing the environmental impact of the textile industry while also providing economic benefits.",
            "\tTECHNICAL ADVANCEMENTS",
            "\tThe present disclosure described herein has several technical advantages including, but not limited to, the realization of a process of preparing an activated carbon material such that:",
            "\t?\tit is simple and cost-efficient;",
            "\t?\tactivated carbon is produced using Hydrogen Peroxide, offering efficiency and superior quality compared to traditional steam-based processes;",
            "\t?\tthe activated carbon displays exceptional adsorption capacity;",
            "\t?\tis stable at high temperatures, allowing its application in various environmental conditions and industries, particularly those involving elevated temperatures; and",
            "\t?\tthe raw material is a sustainable and renewable biomass alternative for activated carbon preparation.",
            "\tThroughout this specification, the word \u201ccomprise\u201d, or variations such as \u201ccomprises\u201d or \u201ccomprising\u201d, will be understood to imply the inclusion of a stated element, integer or step, or group of elements, integers, or steps, but not the exclusion of any other element, integer or step, or group of elements, integers or steps.",
            "\tThe use of the expression \u201cat least\u201d or \u201cat least one\u201d suggests the use of one or more elements or ingredients or quantities, as the use may be in the embodiment of the disclosure to achieve one or more of the desired objects or results.",
            "\tAny discussion of documents, acts, materials, devices, articles, or the like that has been included in this specification is solely for the purpose of providing a context for the disclosure. It is not to be taken as an admission that any or all of these matters form a part of the prior art base or were common general knowledge in the field relevant to the disclosure as it existed anywhere before the priority date of this application.",
            "\tThe numerical values mentioned for the various physical parameters, dimensions, or quantities are only approximations, and it is envisaged that the values higher/lower than the numerical values assigned to the parameters, dimensions or quantities fall within the scope of the disclosure, unless there is a statement in the specification specific to the contrary.",
            "\tWhile considerable emphasis has been placed herein on the components and parts of the preferred embodiments, it will be appreciated that many embodiments can be made and that many changes can be made in the preferred embodiments without departing from the principles of the disclosure. These and other changes in the preferred embodiment as well as other embodiments of the disclosure will be apparent to those skilled in the art from the disclosure herein, whereby it is to be distinctly understood that the foregoing descriptive matter is to be interpreted merely as illustrative of the disclosure and not as a limitation.",
            "\tOne of the objects of the Patent Law is to protect new technologies in all fields and domains of technologies. The new technologies shall or may contribute to the country\u2019s economic growth by way of involvement of new efficient and quality methods or product manufacturing in India.",
            "\tProtecting new technologies by patenting the product or process will contribute significantly to innovation development in the country. Further, by granting the patent, the patentee can contribute to manufacturing the new product or new process of manufacturing by him or by technology collaboration or through licensing.",
            "\tThe applicant submits that the present disclosure will contribute to the country's economy, which is one of the purposes of enacting the Patents Act, 1970. The product in accordance with the present disclosure will be in great demand in the country and worldwide due to the novel technical features of the present disclsoure is a technical advancement in the area of propellant. The technology, in accordance with the present disclosure, will provide products cheaper, saving in time the total process of manufacturing. The savings in preparation time will improve the productivity and cost-cutting of the product, which will directly contribute to the economy of the country.",
            "\tThe product will contribute a new concept in the area of gene detection, wherein patented methods and products will be used. The present disclosure will replace the whole concept of propellant being used in the world for several decades. The product is developed in the national interest and will contribute to the country's economy.",
            "\tThe economy significance details requirement may be called during the examination. Only after filing this Patent application, the applicant can work publicly related to the present disclosure product/process/method. The applicant will disclose all the details related to the economic significance contribution after the protection of the disclosure. , Claims:WE CLAIM:",
            "\t1.\tA process of preparing an activated carbon material from Prosopis sp., the process comprising the steps of:",
            "\ti.\tcleaning the roots of Prosopis sp., followed by drying at a first predetermined temperature for a first predetermined time period to obtain dried roots;",
            "\tii.\tcutting said dried roots into predetermined sizes to obtain cut portions followed by grinding said cut portions at a predetermined speed for a second predetermined time period to obtain powdered roots;",
            "\tiii.\tsubjecting said powdered roots to heating in a furnace maintained at a second predetermined temperature for a third predetermined time period to obtain carbonized powder;",
            "\tiv.\twashing said carbonized powder with double distilled water in a first predetermined ratio to obtain washed powder; and",
            "\tv.\tdrying said washed powder at a third predetermined temperature for a fourth predetermined time period to obtain activated carbon material.",
            "\t2.\tThe process as claimed in claim 1, further comprises optional soaking of carbonized powder in a fluid medium with a second predetermined ratio for a fifth predetermined time period, before washing said carbonized powder.",
            "\t3.\tThe process as claimed in claim 1, wherein said Prosopis sp. is selected from the species consisting of Prosopis juliflora, Prosopis farcta, and Prosopis chilensis.",
            "\t4.\tThe process as claimed in claim 1, wherein said:",
            "\ti.\tfirst predetermined temperature is in the range of 10 oC to 50 oC;",
            "\tii.\tsecond predetermined temperature is in the range of 300 oC to 700 oC; and",
            "\tiii.\tthird predetermined temperature is in the range of 100\u00b0C to 150\u00b0C.",
            "\t5.\tThe process as claimed in claim 1, wherein said:",
            "\ti.\tfirst predetermined time period is in the range of 24 hours to 72 hours;",
            "\tii.\tsecond predetermined time period is in the range of 30 to 120 minutes;",
            "\tiii.\tthird predetermined time period is in the range of 1 hour to 4 hours;",
            "\tiv.\tfourth predetermined time period is in the range of 15 minutes to 180 minutes; and",
            "\tv.\tfifth predetermined time period is in the range of 15 minutes to 45 minutes.",
            "\t6.\tThe process as claimed in claim 1, wherein said:",
            "\ti.\tpredetermined size of cut-dried roots is in the range of 1 cm to 10 cm;",
            "\tii.\tpredetermined speed of grinding is in the range of 1000 rpm to 3000 rpm;",
            "\tiii.\tfirst predetermined ratio of carbonized powder to distilled water is in the range of 1:1 (w/v) to 1:10 (w/v); and",
            "\tiv.\tsecond predetermined ratio of carbonized powder to fluid medium is in the range of 1:1 (w/v) to 1:10 (w/v).",
            "\t7.\tThe process as claimed in claim 1, wherein said furnace is a closed container with limited oxygen; and said fluid medium is selected from hydrogen peroxide and sodium hydroxide.",
            "\t8.\tAn activated carbon material derived from the roots of Prosopis sp., wherein said material has a porosity in the range of 1 nm to 100 nm; and a surface area in the range of 300 m2/g to 700 m2/g.",
            "\t9.\tThe activated carbon material as claimed in claim 8, wherein said material exhibits absorption of azo dyes at a pH in the range of 3 to 9.",
            "\t10.\tThe activated carbon material as claimed in claim 8, wherein said material is stable at a temperature in the range of 10 OC to 80 OC.",
            "\tDated this 4 September 2024",
            "\ts",
            "\t___________________________",
            "\tMOHAN RAJKUMAR DEWAN, IN/PA - 25",
            "\tOF R. K. DEWAN & CO.",
            "\tAUTHORIZED AGENT TO THE APPLICANT"
        ],
        "Inventors": [
            {
                "Name": "JOHN OLIVER PAUL NAYAGAM",
                "Address": "SRM Institute of Science and Technology, Kattankulathur, Chennai-603203, Tamil Nadu, INDIA",
                "Country": "India",
                "Nationality": "India"
            },
            {
                "Name": "KUCHELAR PRASANNA",
                "Address": "SRM Institute of Science and Technology, Kattankulathur campus, Chennai-603203, Tamil Nadu, INDIA",
                "Country": "India",
                "Nationality": "India"
            }
        ],
        "Applicants": [
            {
                "Name": "SRM Institute of Science and Technology",
                "Address": "Kattankulathur, Chennai-603203, Tamil Nadu, INDIA",
                "Country": "India",
                "Nationality": "India"
            }
        ]
    }
}