{
    "202441068263": {
        "Invention Title": "OIL STAIN CLEANING DEVICE WITH ROTATING SCRUBBER AND ERGONOMIC HANDLE",
        "Publication Number": "38/2024",
        "Publication Date": "20/09/2024",
        "Publication Type": "INA",
        "Application Number": "202441068263",
        "Application Filing Date": "10/09/2024",
        "Priority Number": "",
        "Priority Country": "",
        "Priority Date": "",
        "Field Of Invention": "MECHANICAL  ENGINEERING",
        "Classification (IPC)": "A46B13/02",
        "Abstract": "OIL STAIN CLEANING DEVICE WITH ROTATING SCRUBBER AND ERGONOMIC HANDLE\nThe present invention discloses an oil stain cleaning device that addresses the challenges associated with manual cleaning by providing a convenient and ergonomic solution. The device comprises a handle with an integrated battery and stepper motor, a scrubber attached to the motor, and a switch for operation. The stepper motor rotates the scrubber, enabling effective cleaning of oil stains with minimal effort and physical strain on the user.",
        "Description": [
            "Description:FIELD OF THE INVENTION",
            "\tThe present invention relates to the field of cleaning appliances and tools, particularly addressing the need for an improved device for cleaning oil stains.",
            "BACKGROUND OF THE INVENTION",
            "\tUsers have faced challenges when cleaning oil stains in kitchens or any where often resulting in discomfort and physical tension. This is mainly due to the need to clean oil stains. To solve this problem, we have introduced a new device designed to facilitate oil stains cleaning. Our solution consists of a device that uses an handle to securely hold the stain matchine and rotate it to the exact angle required for installation. The device includes  stepper motor that rotates the scrubber at the necessary stepping angle and has switch on button to on , battery to charge. Once the stain cleaner fixed on, the scrubber will starts rotating, and cleans the oil stains clearly. This innovation promises to simplify the process of changing oil stain cleaning and make it easier and more user-friendly.",
            "\tCleaning oil stains, especially in kitchens, can be a tedious and physically demanding task. Traditional methods often involve scrubbing with cloths or sponges, which can be time-consuming and lead to discomfort and strain. There is a need for a device that simplifies the process of cleaning oil stains and enhances user convenience.",
            "\tCN113631285B: Screw oil stain clearing device",
            "\tRESEARCH GAP: Compared to this device, ours proposed invention is low cost, low complexity, low weight and easy to operate.",
            "\tUS9458414B2: Cleaning, surfactant, and personal care compositions",
            "\tRESEARCH GAP: This invention relates to only for surfactant. Compared to this device our product easy to clean oil stains in any homes and hotels etc.., the proposed invention is low cost, low complexity, low weight and easy to operate.",
            "\tJP6953611B2: Cleaning composition comprising a non-alkoxylated ester amine",
            "\tRESEARCH GAP: This invention pertains heavy weight and not easy to carry. Compared to this device, the proposed invention is low cost, low complexity, low weight and easy to operate.",
            "\tShortcomings of the presently available solutions:",
            "\t1.\tUnable to carry to any places and it is difficult to hold.",
            "\t2.\tIt is only use for cleaning surfactant, and personal care compositions, difficult to hold.",
            "\t3.\tThis invention pertains heavy weight and not easy to carry. Compared to our device.",
            "\tNone of the prior art indicate above either alone or in combination with one another disclose what the present invention has disclosed. This invention relates to oil stain cleaner.",
            "SUMMARY OF THE INVENTION",
            "This summary is provided to introduce a selection of concepts, in a simplified format, that are further described in the detailed description of the invention.",
            "\tThis summary is neither intended to identify key or essential inventive concepts of the invention and nor is it intended for determining the scope of the invention.",
            "\tThe present invention performs the following Operation:",
            "\t\u2022\tThe user holds the device by the handle and positions the scrubber over the oil stain.",
            "\t\u2022\tThe switch is pressed to activate the stepper motor, which rotates the scrubber.",
            "\t\u2022\tThe rotating scrubber effectively cleans the oil stain from the surface.",
            "\t\u2022\tThe user can adjust the angle of the scrubber by rotating the handle.",
            "To further clarify advantages and features of the present invention, a more particular description of the invention will be rendered by reference to specific embodiments thereof, which is illustrated in the appended drawings. It is appreciated that these drawings depict only typical embodiments of the invention and are therefore not to be considered limiting of its scope. The invention will be described and explained with additional specificity and detail with the accompanying drawings.",
            "\tUsers have faced challenges when cleaning oil stains in kitchens or anywhere often resulting in discomfort and physical tension. This is mainly due to the need to clean oil stains. To solve this problem, we have introduced a new device designed to facilitate oil stains cleaning. Our solution consists of a device that uses a handle to securely hold the stain machine and rotate it to the exact angle required for installation. The device includes stepper motor that rotates the scrubber at the necessary stepping angle and has switch on button to on , battery to charge. Once the stain cleaner fixed on, the scrubber will starts rotating, and cleans the oil stains clearly. This innovation promises to simplify the process of changing oil stain cleaning and make it easier and more user-friendly.",
            "\tThe present invention provides an oil stain cleaning device comprising:",
            "\t\u2022\tHandle: An ergonomically designed handle with a comfortable grip for holding the device. The handle houses a battery, a stepper motor, and a switch.",
            "\t\u2022\tScrubber: A cleaning tool attached to the stepper motor, designed to effectively remove oil stains from surfaces.",
            "\t\u2022\tBattery: Provides power to the stepper motor.",
            "\t\u2022\tStepper Motor: Rotates the scrubber at a controlled speed and angle.",
            "\t\u2022\tSwitch: Activates and deactivates the stepper motor.",
            "BRIEF DESCRIPTION OF THE DRAWINGS",
            "The illustrated embodiments of the subject matter will be understood by reference to the drawings, wherein like parts are designated by like numerals throughout. The following description is intended only by way of example, and simply illustrates certain selected embodiments of devices, systems, and methods that are consistent with the subject matter as claimed herein, wherein:",
            "\tFIGURE 1: SYSTEM ARCHITECTURE",
            "\tFIGURE 2: FLOW CHART",
            "The figures depict embodiments of the present subject matter for the purposes of illustration only. A person skilled in the art will easily recognize from the following description that alternative embodiments of the structures and methods illustrated herein may be employed without departing from the principles of the disclosure described herein.",
            "DETAILED DESCRIPTION OF THE INVENTION",
            "The detailed description of various exemplary embodiments of the disclosure is described herein with reference to the accompanying drawings. It should be noted that the embodiments are described herein in such details as to clearly communicate the disclosure. However, the amount of details provided herein is not intended to limit the anticipated variations of embodiments; on the contrary, the intention is to cover all modifications, equivalents, and alternatives falling within the scope of the present disclosure as defined by the appended claims.",
            "\tIt is also to be understood that various arrangements may be devised that, although not explicitly described or shown herein, embody the principles of the present disclosure. Moreover, all statements herein reciting principles, aspects, and embodiments of the present disclosure, as well as specific examples, are intended to encompass equivalents thereof.",
            "\tThe terminology used herein is for the purpose of describing particular embodiments only and is not intended to be limiting of example embodiments. As used herein, the singular forms \u201ca\",\u201d \u201can\u201d and \u201cthe\u201d are intended to include the plural forms as well, unless the context clearly indicates otherwise. It will be further understood that the terms \u201ccomprises,\u201d \u201ccomprising,\u201d \u201cincludes\u201d and/or \u201cincluding,\u201d when used herein, specify the presence of stated features, integers, steps, operations, elements and/or components, but do not preclude the presence or addition of one or more other features, integers, steps, operations, elements, components and/or groups thereof.",
            "\tIt should also be noted that in some alternative implementations, the functions/acts noted may occur out of the order noted in the figures. For example, two figures shown in succession may, in fact, be executed concurrently or may sometimes be executed in the reverse order, depending upon the functionality/acts involved.",
            "In addition, the descriptions of \"first\", \"second\", \u201cthird\u201d, and the like in the present invention are used for the purpose of description only, and are not to be construed as indicating or implying their relative importance or implicitly indicating the number of technical features indicated. Thus, features defining \"first\" and \"second\" may include at least one of the features, either explicitly or implicitly.",
            "\tUnless otherwise defined, all terms (including technical and scientific terms) used herein have the same meaning as commonly understood by one of ordinary skill in the art to which example embodiments belong. It will be further understood that terms, e.g., those defined in commonly used dictionaries, should be interpreted as having a meaning that is consistent with their meaning in the context of the relevant art and will not be interpreted in an idealized or overly formal sense unless expressly so defined herein.",
            "\tThe device consists of 4 major part.",
            "\t1.\tDC motor",
            "\t2.\tScrubber",
            "\t3.\tBattery",
            "\t4.\tHandle",
            "\tHandle: An ergonomically designed handle that has sufficient grip on it to hold. The handle housing consists of one battery to control the motors, one battery, and a stepper motor to rotate the scrubber, including switches to operate the motors.",
            "\tDC Motor: when battery turn on then dc motor will turn on and it starts rotating and after it starts cleaning the oil stains. This extender is taking a rotary drive from the stepper motor available on the handle housing.",
            "\tScrubber: It is used in kitchens for oil stains is typically a cleaning tool designed to remove tough grease and oil residues from surfaces like countertops, stovetops, or kitchen appliances. This action will help in the cleaning the oil stains while switched on stain matchine.",
            "\tProcess: oil stain cleaner it can effectively tackle oil stains in less time and with less effort compared to traditional cleaning methods allowing you to focus on other tasks. The sooner you tackled the stain the better fresh stains are easier to remove. Use the stain cleaner to remove the oil as possible. Rinse the area with clean water. For stubborn stains you may need to repeat the process.",
            "\tUsers have faced challenges when cleaning oil stains in kitchens or anywhere often resulting in discomfort and physical tension. This is mainly due to the need to clean oil stains. To solve this problem, we have introduced a new device designed to facilitate oil stains cleaning. Our solution consists of a device that uses a handle to securely hold the stain machine and rotate it to the exact angle required for installation. The device includes stepper motor that rotates the scrubber at the necessary stepping angle and has switch on button to on, battery to charge. Once the stain cleaner fixed on, the scrubber will starts rotating, and cleans the oil stains clearly. This innovation promises to simplify the process of changing oil stain cleaning and make it easier and more user-friendly.",
            "\tBest method of working",
            "\tDisclosed herein an oil stain cleaning device, comprising: An ergonomically designed handle, configured to provide a comfortable grip for the user; A scrubber, attached to a stepper motor, for removing oil stains from surfaces; A battery, housed within the handle, providing power to the device; A stepper motor, configured to rotate the scrubber at a controlled speed and angle; A switch, for activating and deactivating the stepper motor.",
            "\tIn another embodiment, the handle is ergonomically shaped to reduce user fatigue during extended use.",
            "\tIn another embodiment, the scrubber is designed with abrasive material optimized for the effective removal of oil stains from various surfaces.",
            "\tIn another embodiment, the stepper motor is configured to rotate the scrubber at variable speeds to accommodate different cleaning tasks.",
            "\tIn another embodiment, the stepper motor is capable of adjusting the angle of the scrubber for enhanced cleaning reach and surface coverage.",
            "\tIn another embodiment, the user can manually adjust the scrubber's angle by rotating the handle, allowing for precise control during cleaning.",
            "\tIn another embodiment, the battery is rechargeable and designed for extended operation without frequent recharging.",
            "\tIn another embodiment, further comprising an indicator light, integrated into the handle, to display the battery status and operation mode.",
            "\tIn another embodiment, the scrubber is detachable, allowing for easy replacement or cleaning after use.",
            "\tIn another embodiment, further comprising a safety lock switch to prevent accidental activation of the stepper motor during handling or storage.",
            "\tThe present invention is low cost, low maintenance, and is a permanent solution for the problems generated during the process. Due to this Product oil stains will be cleaned at the required place.",
            "\tADVANTAGES OF THE INVENTION",
            "\t1.\tEnhance User Convenience: This device significantly improves the convenience and ease of cleaning oil stains. By reducing the need for users to take more time for cleaning, this device aims to make the process accessible to a wider range of individuals, including those with physical limitations.",
            "\t2.\tMinimize Physical Strain: This device alleviates the physical strain and discomfort                        associated with cleaning oil stains. By providing a tool that can securely grip and rotate the scrubber, users can avoid the need of cleaning with cloth.",
            "\t3.\tIncrease Precision: This product ensures that the oil stains are cleaned completly. The device's ability to rotate the scrubber to the exact angle required can clean the oil stains completely with out any effort.",
            "\t, Claims:1.\tAn oil stain cleaning device, comprising:",
            "\tAn ergonomically designed handle, configured to provide a comfortable grip for the user; A scrubber, attached to a stepper motor, for removing oil stains from surfaces; A battery, housed within the handle, providing power to the device; A stepper motor, configured to rotate the scrubber at a controlled speed and angle; A switch, for activating and deactivating the stepper motor.",
            "\t2.\tThe device as claimed in claim 1, wherein the handle is ergonomically shaped to reduce user fatigue during extended use.",
            "\t3.\tThe device as claimed claim 1, wherein the scrubber is designed with abrasive material optimized for the effective removal of oil stains from various surfaces.",
            "\t4.\tThe device as claimed claim 1, wherein the stepper motor is configured to rotate the scrubber at variable speeds to accommodate different cleaning tasks.",
            "\t5.\tThe device as claimed claim 1, wherein the stepper motor is capable of adjusting the angle of the scrubber for enhanced cleaning reach and surface coverage.",
            "\t6.\tThe device as claimed claim 1, wherein the user can manually adjust the scrubber's angle by rotating the handle, allowing for precise control during cleaning.",
            "\t7.\tThe device as claimed claim 1, wherein the battery is rechargeable and designed for extended operation without frequent recharging.",
            "\t8.\tThe device as claimed claim 1, further comprising an indicator light, integrated into the handle, to display the battery status and operation mode.",
            "\t9.\tThe device as claimed claim 1, wherein the scrubber is detachable, allowing for easy replacement or cleaning after use.",
            "\t10.\tThe device as claimed claim 1, further comprising a safety lock switch to prevent accidental activation of the stepper motor during handling or storage."
        ],
        "Inventors": [
            {
                "Name": "RAVICHANDER JANAPATI",
                "Address": "SR UNIVERSITY, ANANTHSAGAR, HASANPARTHY (M), WARANGAL URBAN, TELANGANA - 506371, INDIA",
                "Country": "India",
                "Nationality": "India"
            },
            {
                "Name": "SAI SHASHANK DARNA",
                "Address": "SR UNIVERSITY, ANANTHSAGAR, HASANPARTHY (M), WARANGAL URBAN, TELANGANA - 506371, INDIA",
                "Country": "India",
                "Nationality": "India"
            },
            {
                "Name": "ADAPALA VAMSHI KRISHNA",
                "Address": "CSE(AIMLL), SR UNIVERSITY, ANANTHSAGAR, HASANPARTHY (M), WARANGAL URBAN, TELANGANA - 506371, INDIA",
                "Country": "India",
                "Nationality": "India"
            },
            {
                "Name": "GADDAM SAI",
                "Address": "CSE(AIML), SR UNIVERSITY, ANANTHSAGAR, HASANPARTHY (M), WARANGAL URBAN, TELANGANA - 506371, INDIA",
                "Country": "India",
                "Nationality": "India"
            },
            {
                "Name": "VANGALA ANJALI",
                "Address": "CSE, SR UNIVERSITY, ANANTHSAGAR, HASANPARTHY (M), WARANGAL URBAN, TELANGANA - 506371, INDIA",
                "Country": "India",
                "Nationality": "India"
            },
            {
                "Name": "GADDAM SRINIDHI",
                "Address": "CSE(AIML), SR UNIVERSITY, ANANTHSAGAR, HASANPARTHY (M), WARANGAL URBAN, TELANGANA - 506371, INDIA",
                "Country": "India",
                "Nationality": "India"
            },
            {
                "Name": "KHANAPURAM SAI RAHUL",
                "Address": "CSE(AIML), SR UNIVERSITY, ANANTHSAGAR, HASANPARTHY (M), WARANGAL URBAN, TELANGANA - 506371, INDIA",
                "Country": "India",
                "Nationality": "India"
            }
        ],
        "Applicants": [
            {
                "Name": "SR UNIVERSITY",
                "Address": "ANANTHSAGAR, HASANPARTHY (M), WARANGAL URBAN, TELANGANA - 506371, INDIA",
                "Country": "India",
                "Nationality": "India"
            }
        ]
    }
}