{
    "202441067174": {
        "Invention Title": "MAIL ALERT SYSTEM",
        "Publication Number": "37/2024",
        "Publication Date": "13/09/2024",
        "Publication Type": "INA",
        "Application Number": "202441067174",
        "Application Filing Date": "05/09/2024",
        "Priority Number": "",
        "Priority Country": "",
        "Priority Date": "",
        "Field Of Invention": "MECHANICAL  ENGINEERING",
        "Classification (IPC)": "B65F0001140000, B65F0001060000, B65F0001160000, A61P0031040000, A61L0002100000",
        "Abstract": "Improper waste disposal causes the emergence of many dangerous illnesses, including malaria, dengue fever, cancer, and other bacterial infections. This device is made up of three pieces. In the first part, we employ a motion sensor to open the lid with a hand swipe, which preserves cleanliness. The main body contains a proximity sensor, which is used to detect the amount of space available in the trash bin, as well as sealing technology to seal off the garbage bag as it reaches its maximum capacity, and an additional function, a small air suction at the bottom, which allows the garbage cover to stay in place. The third component is a little compartment for garbage roll, which is utilized to remove the garbage cover using the same technique as removing tissue paper from a box.\r\nWe created this product to improve the atmosphere in the kitchen and provide a healthy environment for consumers.",
        "Description": [
            "Description:The product will provide management flexibility to customize recipient email addresses and configure email content as per their requirements. Furthermore, the scope includes testing the functionality and reliability of the system under various conditions to ensure its effectiveness and robustness in real-world applications. The system will include hardware components such as the ESP32 module, a button interface, and necessary peripherals for connectivity.",
            "\tBy providing customization possibilities, the system may be tailored to meet the specific requirements of diverse educational institutions or companies, hence guaranteeing its efficacy in a range of situations. The ultimate goal is to use technology to make attendance management procedures more efficient, which will lead to a more effective and engaged learning environment.",
            "\tBy quickly identifying low attendance events and enabling pre-emptive interventions, a smart low attendance notifier can improve attendance management. Improving Communication: By giving students, instructors, and administrators real-time updates on attendance-related issues, the system promotes communication between these parties.",
            "\tIt is essential to connect ESP32 board to the Wi-Fi network by providing the SSID and password in the code. This will enhance the attendance system by saving both the ID and the associated name. Once you have made the changes, upload the code to the ESP32 board. Connect the ESP232 board to your PC via a micro-USB cable. Open IDE on PC. Select the right ES232 board and COM port. Copy the above code and paste it to IDE. Compile and upload code to ESP32 board by clicking Upload button on IDE.  Press and keep pressing the button several seconds",
            "\t, Claims:1.\tA smart notification system for low attendance can effectively improve attendance rates and ultimately enhance academic performance. It is supported by the use of data analytics to identify patterns and predict at-risk individuals, as well as targeted communication strategies to provide timely interventions and support.",
            "\t2.\tStudies have shown that proactive interventions, such as personalized notifications, can lead to significant improvements in attendance and student outcomes. Therefore, implementing such a system can be a valuable tool for educational institutions seeking to address attendance-related challenges and promote student success .",
            "\t3.\tA smart trash bin comprising, a capacity monitoring system configured to detect the level of waste in each compartment and provide alerts when a compartment approaches full capacity. The sensors comprise ultrasonic sensor which is used to detect the motion over the lid and also detects the percentage level left for garbage fill.",
            "\t4.\tStudies have shown that proactive interventions, such as personalized notifications, can lead to significant improvements in attendance and student outcomes. Therefore, implementing such a system can be a valuable tool for educational institutions seeking to address attendance-related challenges and promote student success.",
            "\t5.\tThe product offers a seamless and efficient solution for instant email notifications triggered by a single button press.  By integrating with the ESP32 microcontroller, it simplifies the process of sending emails to preconfigured recipient email addresses, eliminating the need for complex setups or multiple steps."
        ],
        "Inventors": [
            {
                "Name": "Prof. Kalanandhini G",
                "Address": "Assistant Professor, Department of Electronics and Communication Engineering, Prince Shri Venkateshwara Padmavathy Engineering College, Medavakkam-Mambakkam main road, Ponmar, Chennai- 600127",
                "Country": "India",
                "Nationality": "India"
            },
            {
                "Name": "Mr. Krithik Nandha. R. D",
                "Address": "Department of Computer Science Engineering, Prince Shri Venkateshwara Padmavathy Engineering College, Medavakkam-Mambakkam Road, Ponmar, Chennai-600127.",
                "Country": "India",
                "Nationality": "India"
            },
            {
                "Name": "Mr. Somnath. S",
                "Address": "Department of Computer Science Engineering, Prince Shri Venkateshwara Padmavathy Engineering College, Medavakkam-Mambakkam Road, Ponmar, Chennai-600127.",
                "Country": "India",
                "Nationality": "India"
            },
            {
                "Name": "Mr. Aravind. S",
                "Address": "Department of Computer Science Engineering, Prince Shri Venkateshwara Padmavathy Engineering College, Medavakkam-Mambakkam Road, Ponmar, Chennai-600127.",
                "Country": "India",
                "Nationality": "India"
            },
            {
                "Name": "Mr. Vijay. S",
                "Address": "Department of Computer Science Engineering, Prince Shri Venkateshwara Padmavathy Engineering College, Medavakkam-Mambakkam Road, Ponmar, Chennai-600127.",
                "Country": "India",
                "Nationality": "India"
            },
            {
                "Name": "Mr. Tharun. M",
                "Address": "Department of Computer Science Engineering, Prince Shri Venkateshwara Padmavathy Engineering College, Medavakkam-Mambakkam Road, Ponmar, Chennai-600127.",
                "Country": "India",
                "Nationality": "India"
            }
        ],
        "Applicants": [
            {
                "Name": "PRINCE SHRI VENKATESHWARA PADMAVATHY ENGINEERING COLLEGE",
                "Address": "MEDAVAKKAM-MAMBAKKAM ROAD\r\nPONMAR\r\nChennai",
                "Country": "India",
                "Nationality": "India"
            },
            {
                "Name": "PRINCE DR K VASUDEVAN COLLEGE OF ENGINEERING AND TECHNOLOGY",
                "Address": "MEDAVAKKAM-MAMBAKKAM ROAD\nPONMAR\nChennai",
                "Country": "India",
                "Nationality": "India"
            },
            {
                "Name": "PRINCE SHRI BALAJI ARTS AND SCIENCE COLLEGE",
                "Address": "MEDAVAKKAM-MAMBAKKAM ROAD\nPONMAR\nChennai",
                "Country": "India",
                "Nationality": "India"
            },
            {
                "Name": "PRINCE SHRI VENKATESHWARA ARTS AND SCIENCE COLLEGE",
                "Address": "GOWRIWAKKAM, CHENNAI",
                "Country": "India",
                "Nationality": "India"
            }
        ]
    }
}