{
    "202441068091": {
        "Invention Title": "INTEGRATED VEHICLE ROOF SOLAR PANEL SYSTEM FOR ENHANCED ELECTRIC VEHICLE ENERGY EFFICIENCY",
        "Publication Number": "37/2024",
        "Publication Date": "13/09/2024",
        "Publication Type": "INA",
        "Application Number": "202441068091",
        "Application Filing Date": "10/09/2024",
        "Priority Number": "",
        "Priority Country": "",
        "Priority Date": "",
        "Field Of Invention": "ELECTRICAL",
        "Classification (IPC)": "B60L8/00, B60K16/00, G05F1/67, H01M10/46, H02J7/00, H02J7/35, B60L50/60",
        "Abstract": "The present invention relates to an integrated vehicle roof solar panel system designed to enhance the energy efficiency of electric vehicles (EVs). The system features a photovoltaic (PV) panel array embedded in the vehicle's roof, which captures solar energy and converts it into electrical power. This power is managed by a dedicated power management unit (PMU) that optimizes energy conversion and regulates charging of the vehicle's main battery and an auxiliary energy storage system. The system reduces grid dependency by supplementing battery charging, extends driving range, and powers onboard systems. Additionally, a user interface provides real-time monitoring of solar energy generation and vehicle range. The invention integrates thermal management to ensure efficient operation and enhances the overall performance of electric vehicles through renewable solar energy.\r\nAccompanied Drawing [FIGS. 1-2]",
        "Description": [
            "Description:[001] The present invention relates to the field of electric vehicle (EV) technology, specifically focusing on energy efficiency improvements through renewable energy integration. More particularly, the invention pertains to the incorporation of photovoltaic (PV) solar panel systems into the structural design of electric vehicles, allowing for the direct harnessing of solar energy to supplement the vehicle's primary power source. This integrated system enhances the energy autonomy of electric vehicles by reducing reliance on external charging infrastructure and extending driving range through the efficient utilization of solar power.",
            "\t[002] The invention also addresses advancements in vehicle energy management systems, battery integration, and auxiliary power storage solutions. It leverages solar energy as a complementary resource to existing battery technologies, optimizing the overall energy consumption and performance of the electric vehicle. By integrating solar power into the vehicle's architecture, the invention aims to make electric vehicles more sustainable, cost-effective, and convenient for consumers, particularly in regions where EV charging infrastructure is limited or renewable energy use is prioritized.",
            "BACKGROUND OF THE INVENTION",
            "\t[003] The growing adoption of electric vehicles (EVs) is driven by the global need to reduce greenhouse gas emissions, reliance on fossil fuels, and environmental pollution. As governments implement stricter environmental regulations and consumers become increasingly conscious of their carbon footprints, the automotive industry has shifted its focus toward developing more efficient and sustainable transportation solutions.",
            "\t[004] Electric vehicles, powered by rechargeable batteries, offer a promising alternative to traditional internal combustion engine (ICE) vehicles. However, despite their many advantages, electric vehicles face several challenges that hinder their widespread adoption. One of the most significant challenges is limited driving range due to constraints in battery technology.",
            "\t[005] Current EV batteries, primarily based on lithium-ion chemistry, have limited energy storage capacities. As a result, drivers often experience \"range anxiety,\" a fear that the vehicle may run out of power before reaching a charging station, especially during long-distance travel. Furthermore, the charging infrastructure is not yet as widespread as traditional gas stations, and charging an EV can take significantly longer than refueling an ICE vehicle. These limitations make it imperative to explore additional energy sources to extend the driving range and reduce the dependency on charging stations.",
            "\t[006] Several approaches have been implemented to address these challenges, such as improved battery chemistries, better energy management systems, regenerative braking, and the use of lightweight materials to improve vehicle efficiency. However, these methods are often not sufficient to significantly extend the driving range without requiring larger and more expensive battery systems.",
            "\t[007] One potential solution to this challenge is the integration of solar energy as a complementary power source for electric vehicles. Solar energy is a clean, renewable, and widely available resource that can provide continuous power during daylight hours. Although solar energy has been extensively used in fixed installations, such as residential and commercial buildings, its application in mobile vehicles remains underexplored. Some automakers have attempted to integrate solar panels into EVs, but these systems typically provide only minimal power, are inefficient, or are limited in their design by insufficient roof space.",
            "\t[008] Existing solar-powered EV solutions often face the following limitations:",
            "\t1.\tLow Energy Output: The amount of energy generated by existing vehicle-mounted solar panels is often too low to make a significant impact on vehicle range. This is due to several factors, including the limited surface area available for solar panels and the inefficiency of the photovoltaic cells used in these designs.",
            "\t2.\tLack of Integration with Vehicle Systems: Current solar panel systems are often not seamlessly integrated with the EV\u2019s battery management system, leading to inefficient energy utilization. Solar energy may not be optimally converted and transferred to the battery, resulting in wasted energy.",
            "\t3.\tTemperature Sensitivity: Solar panels can overheat during extended periods of exposure to sunlight, especially in hot climates, leading to reduced efficiency and shortened lifespan. Without proper thermal management, the performance of the panels degrades, further limiting the benefits of solar energy integration.",
            "\t4.\tInsufficient Power Management: Existing solar systems lack sophisticated power management systems capable of balancing energy flows between the solar panels, vehicle battery, and auxiliary energy storage units. This leads to suboptimal energy distribution and power losses during generation, storage, and consumption.",
            "\t[009] To overcome these issues, there is a need for an integrated vehicle roof solar panel system that is specifically designed to enhance the energy efficiency of electric vehicles. This system should efficiently convert solar energy into electrical power, seamlessly integrate with the vehicle\u2019s existing electrical and battery management systems, and provide supplemental power for both propulsion and auxiliary systems.",
            "\t[010] The key challenges in developing an effective integrated solar panel system for EVs include:",
            "\t1.\tMaximizing Energy Harvesting: Given the limited surface area available on the roof of a vehicle, it is essential to maximize the energy conversion efficiency of the photovoltaic cells. High-efficiency solar panels are required to capture and convert as much sunlight as possible, even in non-ideal conditions such as cloudy weather or partial shading.",
            "\t2.\tEfficient Energy Storage: To make full use of solar energy, the system must include an intelligent energy storage solution that can capture excess energy generated during peak sunlight hours and store it for later use when solar power is unavailable (e.g., at night or during cloudy conditions). This requires a combination of high-capacity batteries and advanced supercapacitors for efficient energy storage and discharge.",
            "\t3.\tSeamless Integration with the Vehicle\u2019s Battery: The system must integrate smoothly with the vehicle\u2019s main battery to provide supplemental power without affecting the performance or longevity of the battery. Proper management of energy flows, including charging and discharging cycles, is crucial to ensure that the system contributes to extending the vehicle\u2019s range without degrading battery life.",
            "\t4.\tThermal Management: To prevent overheating of the solar panels and energy storage units, the system should include effective thermal management technologies that keep the components operating within their optimal temperature range. This will ensure long-term reliability and consistent performance of the system.",
            "\t5.\tReal-time Monitoring and Control: The vehicle owner must have access to real-time data on the performance of the solar panel system. A user-friendly interface is needed to display key information such as energy generation, battery charge status, and projected range extension, allowing the driver to make informed decisions about energy usage and driving habits.",
            "\t[011] The present invention addresses these challenges by providing a highly efficient, fully integrated solar panel system for electric vehicles. By embedding advanced photovoltaic cells into the vehicle roof, coupled with intelligent power management and thermal regulation, the system enables the vehicle to capture solar energy during travel and idle periods. This energy is then used to extend driving range, power auxiliary systems, and reduce the need for frequent recharging from external power grids.",
            "\t[012] Additionally, this system offers an environmentally friendly solution that complements the green nature of electric vehicles by reducing the overall demand for grid electricity, which may still rely on fossil fuel-based power generation. By leveraging solar energy, the invention helps EV owners reduce their carbon footprints, lower operating costs, and improve their vehicles' overall efficiency.",
            "\t[013] Thus, this integrated vehicle roof solar panel system represents a significant advancement in electric vehicle technology, addressing key challenges of range anxiety, energy efficiency, and sustainability, while paving the way for greater EV adoption on a global scale.",
            "SUMMARY OF THE INVENTION",
            "\t[014] The present invention relates to an Integrated Vehicle Roof Solar Panel System designed to enhance the energy efficiency of electric vehicles (EVs) by harnessing solar power. The invention addresses the limitations of current electric vehicles by providing a supplemental source of energy through high-efficiency photovoltaic (PV) panels embedded into the vehicle's roof. This system seamlessly integrates with the vehicle's existing electrical and battery management systems, offering a continuous source of clean, renewable energy while the vehicle is in use or parked under sunlight.",
            "\t[015] The solar panel system maximizes energy harvesting by using advanced PV cells with higher energy conversion efficiency. These cells capture sunlight and convert it into electrical energy, which is then stored in the vehicle\u2019s battery or used directly to power auxiliary systems, such as air conditioning and lighting.",
            "\t[016] The system includes an intelligent energy management module that regulates the flow of energy between the solar panels, the vehicle\u2019s main battery, and auxiliary power storage units like supercapacitors. This ensures optimal energy utilization and extends the vehicle\u2019s driving range, thereby reducing the frequency of charging from external sources.",
            "\t[017] One of the key features of the invention is its advanced thermal management system, which prevents overheating of the solar panels and associated energy storage units, maintaining their performance even in extreme weather conditions. This improves the longevity and reliability of the system, allowing it to operate efficiently across various climates. Additionally, the system is equipped with real-time monitoring and control capabilities, providing drivers with live data on solar energy generation, battery charge status, and projected range extension. This user-friendly interface enables drivers to make informed decisions about energy usage and driving behavior.",
            "\t[018] In summary, this integrated solar panel system offers an environmentally friendly solution that complements the core advantages of electric vehicles. By reducing dependence on external power grids and fossil fuels, the invention helps lower the overall carbon footprint of EVs, providing users with extended driving range, reduced energy costs, and improved sustainability.",
            "BRIEF DESCRIPTION OF THE DRAWINGS",
            "\t[019] The accompanying figures included herein, and which form parts of the present invention, illustrate embodiments of the present invention, and work together with the present invention to illustrate the principles of the invention Figures:",
            "\t[020] Figure 1, illustrates a general functional working diagram, in accordance with an embodiment of the present invention.",
            "\t[021] Figure 2, illustrates a concept of the functional flow diagram, in accordance with an embodiment of the present invention.",
            "DETAILED DESCRIPTION OF THE INVENTION",
            "\t[022] The present invention relates to an Integrated Vehicle Roof Solar Panel System for Enhanced Electric Vehicle Energy Efficiency, which integrates photovoltaic (PV) solar panels into the roof of an electric vehicle (EV). This system is designed to harness solar energy to provide additional power to the EV\u2019s main battery and auxiliary systems, improving energy efficiency, extending vehicle range, and reducing dependency on external power grids. The system leverages cutting-edge energy management, solar energy conversion, and thermal control technologies to ensure optimal performance and durability in various environmental conditions.",
            "\t1. Solar Panel Array Integration",
            "\t[023] At the core of this invention is the solar panel array that is seamlessly integrated into the roof of the electric vehicle. The solar array comprises high-efficiency photovoltaic cells, which can include monocrystalline or thin-film solar cells, depending on the application requirements. These cells are designed to maximize energy conversion from sunlight and perform efficiently under different lighting conditions.",
            "\t\u2022\tMonocrystalline Photovoltaic Cells: These are chosen for their high efficiency, capable of converting up to 22% of solar energy into usable electricity. Their compact size and performance make them suitable for vehicle applications where space is limited.",
            "\t\u2022\tThin-Film Photovoltaic Cells: These are selected for applications requiring flexibility, as they can be adapted to the curvature of the vehicle roof. While slightly less efficient (around 15-18%), they offer advantages such as better performance under low-light or partially shaded conditions.",
            "\t[024] The PV cells are embedded beneath a transparent, impact-resistant protective coating, typically made of tempered glass or polycarbonate. This layer shields the cells from external factors like rain, dust, debris, and UV radiation, ensuring durability and consistent energy generation. The solar panel array is designed to deliver a power output ranging from 200W to 500W, depending on the size of the vehicle and solar irradiance.",
            "\t2. Power Management Unit (PMU)",
            "\t[025] The Power Management Unit (PMU) plays a crucial role in optimizing the energy conversion and flow from the solar panels to the vehicle\u2019s electrical systems. The PMU is equipped with Maximum Power Point Tracking (MPPT) technology, which is an intelligent control mechanism that ensures the solar panels are operating at their highest possible efficiency. MPPT works by constantly adjusting the voltage and current output of the solar array to ensure it stays at the maximum power point, adapting to changes in sunlight intensity or environmental conditions.",
            "\t[026] The PMU is responsible for distributing the generated solar power between the vehicle's main battery and an auxiliary energy storage system. During periods of peak sunlight, the PMU ensures that excess energy is directed to the auxiliary storage, preventing overcharging of the main battery and preserving battery health. This management reduces grid reliance and allows for extended driving periods using renewable energy alone. Furthermore, the PMU is designed to automatically disconnect solar charging during low sunlight conditions, such as nighttime, to prevent unnecessary power drain.",
            "\t3. Energy Storage System (ESS)",
            "\t[027] An integral part of the system is the Energy Storage System (ESS), which serves as a supplementary storage unit for excess solar energy that is not immediately required by the vehicle\u2019s main battery. This system typically includes supercapacitors or secondary battery modules that are designed to store and release energy rapidly as needed.",
            "\t\u2022\tSupercapacitors: Known for their rapid charge and discharge cycles, supercapacitors are ideal for capturing short bursts of solar energy and releasing it during peak energy demand scenarios, such as acceleration or uphill driving.",
            "\t\u2022\tSecondary Battery Modules: These provide longer-term storage of excess solar energy, which can be used when the vehicle requires additional power or when the main battery is nearing depletion.",
            "\t[028] The ESS ensures that solar energy is utilized efficiently by storing surplus energy for later use, further extending the vehicle\u2019s driving range. The system is also designed to discharge stored energy to support auxiliary functions such as heating, ventilation, and air conditioning (HVAC), lighting, or infotainment systems, thus reducing the load on the main battery.",
            "\t4. Battery Integration System",
            "\t[029] The Battery Integration System is a critical component that manages the seamless transfer of energy from the solar panels and ESS to the vehicle\u2019s main battery. This system is equipped with advanced charge controllers that regulate the rate at which energy is delivered to the battery to prevent overcharging or undercharging, both of which could degrade battery performance over time.",
            "\t[030] The system is designed to handle both unidirectional and bidirectional energy transfer, meaning that excess solar energy can either be stored or transferred to the main battery depending on the vehicle\u2019s power demands. This flexibility ensures optimal energy usage under varying driving conditions, including city commutes, highway driving, or long-distance travel.",
            "\t5. Thermal Management System",
            "\t[031] To ensure the solar panel array and associated electronics operate within their optimal temperature range, the system includes a Thermal Management System. Since solar panels are exposed to direct sunlight and can generate heat during operation, maintaining an efficient thermal profile is essential for performance and longevity.",
            "\t[032] The thermal management system incorporates both passive cooling and active cooling mechanisms:",
            "\t\u2022\tPassive Cooling: Heat sinks and ventilation channels are built into the roof structure to allow for natural air circulation, dissipating heat from the solar panels and electronics.",
            "\t\u2022\tActive Cooling: For high-performance applications, thermoelectric coolers or liquid-cooled systems can be integrated to actively regulate the temperature of the solar panels and battery system. This ensures that energy conversion remains efficient, even under intense sunlight, and prevents overheating that could reduce panel efficiency or battery life.",
            "\t6. User Interface and Monitoring System",
            "\t[033] The invention includes a User Interface (UI) and Monitoring System that allows drivers to track real-time solar energy generation and manage the overall energy consumption of the vehicle. The interface is integrated into the vehicle\u2019s dashboard and displays key information such as:",
            "\t\u2022\tReal-time solar energy generation in watts",
            "\t\u2022\tState of charge (SOC) of the main battery and auxiliary energy storage system",
            "\t\u2022\tEstimated range extension based on current solar energy input",
            "\t\u2022\tPredicted solar energy availability based on weather conditions",
            "\t[034] In addition to energy monitoring, the interface allows the driver to configure energy distribution preferences, such as prioritizing solar power for specific vehicle systems (e.g., HVAC, infotainment) or setting thresholds for auxiliary battery usage. The system is connected to the vehicle\u2019s telematics, allowing remote access and control via a mobile app, which enhances the convenience for drivers who want to monitor or optimize energy usage on the go.",
            "\t[035] The Integrated Vehicle Roof Solar Panel System provides several key advantages:",
            "\t1.\tExtended Range: The solar panels provide supplemental energy to the vehicle\u2019s battery, extending the driving range and reducing the frequency of grid-based charging.",
            "\t2.\tImproved Efficiency: By directly integrating solar power into the vehicle\u2019s energy ecosystem, the system improves overall energy efficiency, particularly during daytime driving or while parked in the sun.",
            "\t3.\tReduced Grid Dependency: With solar energy reducing the need for frequent charging from external power sources, the system contributes to reduced load on the electric grid and offers more sustainable vehicle operation.",
            "\t4.\tEnhanced Battery Lifespan: The intelligent energy management system, combined with auxiliary energy storage, prevents overcharging and optimizes battery usage, thus extending the life of the main battery.",
            "\t[036] The Integrated Vehicle Roof Solar Panel System for Enhanced Electric Vehicle Energy Efficiency represents a significant step forward in sustainable transportation. By seamlessly integrating photovoltaic panels into the roof of an electric vehicle, this system harnesses the abundant energy of the sun to provide supplemental power to the vehicle\u2019s battery and auxiliary systems. The result is an extended driving range, reduced dependency on external power sources, and enhanced overall energy efficiency. With the incorporation of advanced features such as Maximum Power Point Tracking (MPPT), energy storage, and thermal management, the system ensures optimal performance under various environmental conditions while maintaining the durability and longevity of both the solar panels and the vehicle.",
            "\t[037] Looking ahead, the potential for further development and refinement of this system is promising. Future advancements could include the use of next-generation photovoltaic materials, such as perovskite solar cells, which offer even higher efficiencies and greater flexibility. Additionally, improvements in energy storage technologies, such as the integration of solid-state batteries or more advanced supercapacitors, could further enhance the system's ability to store and utilize solar energy efficiently. Furthermore, as autonomous vehicle technologies continue to evolve, the integration of solar power into self-driving systems could offer vehicles greater operational autonomy, reducing the need for frequent charging stops.",
            "\t[038] In conclusion, the invention offers a scalable and environmentally sustainable solution for electric vehicles, addressing key limitations such as limited range and grid dependency. As solar and EV technologies continue to mature, this integrated system has the potential to play a critical role in the global transition toward cleaner, more efficient transportation, paving the way for a future where solar-powered vehicles become a common feature on roads worldwide.",
            "\t, Claims:1.\tAn integrated solar panel system for an electric vehicle, comprising a photovoltaic panel array mounted on the vehicle\u2019s roof, wherein said array converts solar energy into electrical energy and transfers it to the vehicle\u2019s battery.",
            "\t2.\tThe system of claim 1, wherein the photovoltaic panel array is configured to maximize energy capture through optimal arrangement of photovoltaic cells.",
            "\t3.\tThe system of claim 1, further comprising a power management unit configured to regulate and optimize the conversion of solar energy into usable electrical energy for the vehicle.",
            "\t4.\tThe system of claim 3, wherein the power management unit includes maximum power point tracking (MPPT) technology to ensure maximum efficiency of solar energy conversion.",
            "\t5.\tThe system of claim 1, further comprising an auxiliary energy storage system for storing excess solar energy generated by the photovoltaic panel array.",
            "\t6.\tThe system of claim 5, wherein the auxiliary energy storage system is configured to discharge stored energy during periods of increased power demand or insufficient solar energy generation.",
            "\t7.\tThe system of claim 1, further comprising a battery integration system that monitors the vehicle\u2019s battery state of charge and manages the charging process to prevent overcharging.",
            "\t8.\tThe system of claim 1, further comprising a thermal management system configured to maintain the operating temperature of the photovoltaic panel array and associated components.",
            "\t9.\tThe system of claim 1, further comprising a user interface that provides real-time information on solar energy generation, battery charge status, and vehicle range.",
            "\t10.\tThe system of claim 9, wherein the user interface is configured to display predictive energy analytics based on current weather conditions and solar energy availability."
        ],
        "Inventors": [
            {
                "Name": "Sujata Shivashimpiger",
                "Address": "Assistant Professor, Department of Electrical and Electronics Engineering, Nitte Meenakshi Institute of Technology, Bengaluru 560064, Karnataka, India.",
                "Country": "India",
                "Nationality": "India"
            },
            {
                "Name": "Talari Manohar",
                "Address": "Assistant Professor, Department of Electrical and Electronics Engineering, Anantha Lakshmi Institute of Technology and Sciences, Ananthapuramu 515721, Andhra Pradesh, India.",
                "Country": "India",
                "Nationality": "India"
            },
            {
                "Name": "Sub. Lt. Dr. Thanuj Kumar M",
                "Address": "Associate Professor, Department of Mechanical Engineering, Rajarajeswari College of Engineering, Kumbalgodu, Bengaluru, Karnataka 560074, India.",
                "Country": "India",
                "Nationality": "India"
            },
            {
                "Name": "Dr. Radhakrishna R K",
                "Address": "Associate Professor, Department of Robotics and Automation, Rajarajeswari College of Engineering, Kumbalgodu, Bengaluru, Karnataka 560074, India.",
                "Country": "India",
                "Nationality": "India"
            },
            {
                "Name": "Dr. Sowmya H.K",
                "Address": "Associate Professor, Department of Artificial Intelligence and Machine Learning, New Horizon College of Engineering, Kadabeesanahalli, Bengaluru, Karnataka 560103, India.",
                "Country": "India",
                "Nationality": "India"
            },
            {
                "Name": "Rashmi B.K.",
                "Address": "Assistant Professor, Department of Computer Science, St Claret College Autonomous, Bangalore 560013, Karnataka, India.",
                "Country": "India",
                "Nationality": "India"
            },
            {
                "Name": "Dr. Rajeshwari S",
                "Address": "Assistant Professor, Department of Mathematics, Bangalore Institute of Technology, V.V. Pura, Bengaluru 560004, Karnataka, India.",
                "Country": "India",
                "Nationality": "India"
            },
            {
                "Name": "Dr. Emmanvel Raj M Chirchi",
                "Address": "Professor, Department of CSE (AI & ML), Don Bosco Institute Of Technology, Bengaluru 560074, Karnataka, India.",
                "Country": "India",
                "Nationality": "India"
            },
            {
                "Name": "Dr. Sasanko Sekhar Gantayat",
                "Address": "Associate Professor, School of Computer Science & Artificial Intelligence, SR University, Anantasagar, Hasanparthy M, Telangana 506371, India.",
                "Country": "India",
                "Nationality": "India"
            }
        ],
        "Applicants": [
            {
                "Name": "Sujata Shivashimpiger",
                "Address": "Assistant Professor, Department of Electrical and Electronics Engineering, Nitte Meenakshi Institute of Technology, Bengaluru 560064, Karnataka, India.",
                "Country": "India",
                "Nationality": "India"
            },
            {
                "Name": "Talari Manohar",
                "Address": "Assistant Professor, Department of Electrical and Electronics Engineering, Anantha Lakshmi Institute of Technology and Sciences, Ananthapuramu 515721, Andhra Pradesh, India.",
                "Country": "India",
                "Nationality": "India"
            },
            {
                "Name": "Sub. Lt. Dr. Thanuj Kumar M",
                "Address": "Associate Professor, Department of Mechanical Engineering, Rajarajeswari College of Engineering, Kumbalgodu, Bengaluru, Karnataka 560074, India.",
                "Country": "India",
                "Nationality": "India"
            },
            {
                "Name": "Dr. Radhakrishna R K",
                "Address": "Associate Professor, Department of Robotics and Automation, Rajarajeswari College of Engineering, Kumbalgodu, Bengaluru, Karnataka 560074, India.",
                "Country": "India",
                "Nationality": "India"
            },
            {
                "Name": "Dr. Sowmya H.K",
                "Address": "Associate Professor, Department of Artificial Intelligence and Machine Learning, New Horizon College of Engineering, Kadabeesanahalli, Bengaluru, Karnataka 560103, India.",
                "Country": "India",
                "Nationality": "India"
            },
            {
                "Name": "Rashmi B.K.",
                "Address": "Assistant Professor, Department of Computer Science, St Claret College Autonomous, Bangalore 560013, Karnataka, India.",
                "Country": "India",
                "Nationality": "India"
            },
            {
                "Name": "Dr. Rajeshwari S",
                "Address": "Assistant Professor, Department of Mathematics, Bangalore Institute of Technology, V.V. Pura, Bengaluru 560004, Karnataka, India.",
                "Country": "India",
                "Nationality": "India"
            },
            {
                "Name": "Dr. Emmanvel Raj M Chirchi",
                "Address": "Professor, Department of CSE (AI & ML), Don Bosco Institute Of Technology, Bengaluru 560074, Karnataka, India.",
                "Country": "India",
                "Nationality": "India"
            },
            {
                "Name": "Dr. Sasanko Sekhar Gantayat",
                "Address": "Associate Professor, School of Computer Science & Artificial Intelligence, SR University, Anantasagar, Hasanparthy M, Telangana 506371, India.",
                "Country": "India",
                "Nationality": "India"
            }
        ]
    }
}