{
    "202441069218": {
        "Invention Title": "IOT BASED SMART HELMET (IBS MODEL) FOR MINERS\nPREAMBLE TO THE DESCRIPTION",
        "Publication Number": "38/2024",
        "Publication Date": "20/09/2024",
        "Publication Type": "INA",
        "Application Number": "202441069218",
        "Application Filing Date": "13/09/2024",
        "Priority Number": "",
        "Priority Country": "",
        "Priority Date": "",
        "Field Of Invention": "BIO-MEDICAL ENGINEERING",
        "Classification (IPC)": "A61F0002300000, A61P0033000000, A23L0033160000, C09K0008680000, C09K0008880000",
        "Abstract": "An IoT based smart helmet for miners which integrates multiple sensors, communication unit and processing unit together. It helps the workers to work safely. During emergency it will help to find the way from the distractions. It will sense the humidity, gases and body temperature of miners also send to the cluster supervisors.\nCluster supervisor will aggregate the information about the workers helmet information to base station. Here we are applying proactive routing protocol which provides more reliability. This invention IBS model IoT based smart helmet will update temperature, humidity and gas information to cluster head at every prescribed time. The way to reach miners also be updated by the proactive routing protocol.\n\nSmart helmet incorporates a gas sensor MQ2 to detect hazardous gases, DHT11 temperature and humidity sensor to monitor environmental conditions, an emergency switch to trigger an alert in case of an emergency, a 16*2 LCD to display real-time data, and a buzzer to sound an alarm in case of a critical situation.",
        "Description": [
            "PREAMBLE TO THE DESCRIPTION",
            "\tPublication Number",
            "\t38/2024",
            "\tPublication Date",
            "\t20/09/2024",
            "\tPublication Type",
            "\tINA",
            "\tApplication Number",
            "\t202441069218",
            "\tApplication Filing Date",
            "\t13/09/2024",
            "\tPriority Number",
            "\tPriority Country",
            "\tPriority Date",
            "\tField Of Invention",
            "\tBIO-MEDICAL ENGINEERING",
            "\tClassification (IPC)",
            "\tA61F0002300000, A61P0033000000, A23L0033160000, C09K0008680000, C09K0008880000",
            "\tInventor",
            "\tName",
            "\tAddress",
            "\tCountry",
            "\tNationality",
            "\tDr. HARISHCHANDER ANANDARAM",
            "\tASSISTANT PROFESSOR,",
            "\tARTIFICIAL INTELLIGENCE,",
            "\tAMRITA VISHWA VIDYAPEETHAM,",
            "\tCOIMBATORE,",
            "\tTAMIL NADU,",
            "\tINDIA",
            "\tPIN:641112",
            "\tIndia",
            "\tIndia",
            "\tDr J. Grace Hannah",
            "\tAssistant Professor,",
            "\tDepartment of Information Technology,",
            "\tSchool of Computing Sciences,",
            "\tVels Institute of Science, Technology and Advanced Studies (VISTAS)",
            "\tPallavaram,",
            "\tChennai - 600117",
            "\tTamilnadu",
            "\tIndia.",
            "\tIndia",
            "\tIndia",
            "\tDr.V.Sathya",
            "\tAssistant Professor",
            "\tFaculty of Management",
            "\tSRM Institute of Science and Technology",
            "\tKattankulathur Campus",
            "\tChengalpattu Dt.",
            "\tTamilNadu",
            "\tIndia",
            "\tPin- 603 203",
            "\tIndia",
            "\tIndia",
            "\tAnil Kewat",
            "\tTeaching Associate",
            "\tFish Processing Department College of Fishery Science,",
            "\tJabalpur",
            "\tNanaji Deshmukh Veterinary Science",
            "\tUniversity Jabalpur, Madhya Pradesh, India, 482004.",
            "\tIndia",
            "\tIndia",
            "\tDr.M.S.Nidhya",
            "\tAssociate Professor",
            "\tDept of CS & IT",
            "\tJain Deemed-to-be University",
            "\tBangalore",
            "\tIndia",
            "\tIndia",
            "\tDr N. Shyamala Devi",
            "\tAssistant Professor,",
            "\tDepartment of Information Technology,",
            "\tSchool of Computing Sciences,",
            "\tVels Institute of Science, Technology and Advanced Studies (VISTAS)",
            "\tPallavaram,",
            "\tChennai - 600117",
            "\tTamilnadu",
            "\tIndia.",
            "\tIndia",
            "\tIndia",
            "\tApplicant",
            "\tName",
            "\tAddress",
            "\tCountry",
            "\tNationality",
            "\tmanoharan sudharsan",
            "\t47 Eazhumalai nagar",
            "\tIndia",
            "\tIndia",
            "\tDr. HARISHCHANDER ANANDARAM",
            "\tASSISTANT PROFESSOR,",
            "\tARTIFICIAL INTELLIGENCE,",
            "\tAMRITA VISHWA VIDYAPEETHAM,",
            "\tCOIMBATORE,",
            "\tTAMIL NADU,",
            "\tINDIA",
            "\tPIN:641112",
            "\tIndia",
            "\tIndia",
            "\tDr J. Grace Hannah",
            "\tAssistant Professor,",
            "\tDepartment of Information Technology,",
            "\tSchool of Computing Sciences,",
            "\tVels Institute of Science, Technology and Advanced Studies (VISTAS)",
            "\tPallavaram,",
            "\tChennai - 600117",
            "\tTamilnadu",
            "\tIndia.",
            "\tIndia",
            "\tIndia",
            "\tDr.V.Sathya",
            "\tAssistant Professor",
            "\tFaculty of Management",
            "\tSRM Institute of Science and Technology",
            "\tKattankulathur Campus",
            "\tChengalpattu Dt.",
            "\tTamilNadu",
            "\tIndia",
            "\tPin- 603 203",
            "\tIndia",
            "\tIndia",
            "\tAnil Kewat",
            "\tTeaching Associate",
            "\tFish Processing Department College of Fishery Science,",
            "\tJabalpur",
            "\tNanaji Deshmukh Veterinary Science",
            "\tUniversity Jabalpur, Madhya Pradesh, India, 482004.",
            "\tIndia",
            "\tIndia",
            "\tDr.M.S.Nidhya",
            "\tAssociate Professor",
            "\tDept of CS & IT",
            "\tJain Deemed-to-be University",
            "\tBangalore",
            "\tIndia",
            "\tIndia",
            "\tDr N. Shyamala Devi",
            "\tAssistant Professor,",
            "\tDepartment of Information Technology,",
            "\tSchool of Computing Sciences,",
            "\tVels Institute of Science, Technology and Advanced Studies (VISTAS)",
            "\tPallavaram,",
            "\tChennai - 600117",
            "\tTamilnadu",
            "\tIndia.",
            "\tIndia",
            "\tIndia",
            "\tAbstract:",
            "\tAn IoT based smart helmet for miners which integrates multiple sensors, communication unit and processing unit together. It helps the workers to work safely. During emergency it will help to find the way from the distractions. It will sense the humidity, gases and body temperature of miners also send to the cluster supervisors.",
            "\tCluster supervisor will aggregate the information about the workers helmet information to base station. Here we are applying proactive routing protocol which provides more reliability. This invention IBS model IoT based smart helmet will update temperature, humidity and gas information to cluster head at every prescribed time. The way to reach miners also be updated by the proactive routing protocol.",
            "\tSmart helmet incorporates a gas sensor MQ2 to detect hazardous gases, DHT11 temperature and humidity sensor to monitor environmental conditions, an emergency switch to trigger an alert in case of an emergency, a 16*2 LCD to display real-time data, and a buzzer to sound an alarm in case of a critical situation.",
            "\tComplete Specification",
            "Description:The Smart Helmet Offers Real-Time Monitoring Of Hazardous Gases, The Right Light Level For The Job, Humidity, Whether The Miner Is Wearing A Helmet, And The Worker's Position. IOT-Based Wireless Networks Provide The Most Efficient Means Of Communication Between Base Stations And Underground Mines. If Any Of The Sensor Data Exceeds The Rated Or Threshold Values, The Buzzer Alerting Device Is Utilised To Notify The Supervisor Or The Person At The Base Station",
            "\tThe proposed invention consists of an IoT-based smart helmet, which helps underground workers in many ways. It tells the predetermined services of coal miners, such as the gas sensor, temperatures, humidity, and many other things that are essential for the safety of the miners. This helmet is made up of a helmet with detectors. The transmitter segment has a microcontroller which receives input from several sections such as a helmet remover sensor, collision sensor, and gas sensor. At a particular instance, when a harmful event happens, the helmet transfer alert towards the application is fixed on several different areas of the coal mine. The helmet remover, gas sensors, and collision sensors will feel the corresponding parameters.",
            "\tThis IBS model IoT based Smart helmet has 4 unit, processing unit, sensing unit, communication unit and analysing unit. Sensing unit will sense gas, humidity and temperature level inside the mine at regular interval. Communication unit will send the information to the cluster head. Processing unit will process the collected data, whether human being can sustain in the temperature, humidity and gases inside the mine. If not it will raise the alarm. Analysing unit will analyse in prior about the collected data, whether the temperature will increase or decrease or humidity or gas.",
            "\t, C , Claims:1.\tA IoT based smart(IBS) helmet model Comprises of",
            "\t\u2022\tProcessing unit",
            "\t\u2022\tCommunication unit",
            "\t\u2022\tSensing unit and",
            "\t\u2022\tAnalyzing unit",
            "\t2.\tIBS model as claimed in claim1 has checked the each unit at every interval cycle.",
            "\t3.\tIBS model as claimed in claim1 consists of processing unit which processes the information sent from the sensors in mining.",
            "\t4.\tIBS model consists of communication unit which communicates the information to cluster and cluster will forward to base station.",
            "\t5.\tAnalyzing unit always predicts the gas level, temperature and humidity level inside the mine."
        ],
        "Inventors": [
            {
                "Name": "Dr. HARISHCHANDER ANANDARAM",
                "Address": "ASSISTANT PROFESSOR,\nARTIFICIAL INTELLIGENCE,\nAMRITA VISHWA VIDYAPEETHAM,\nCOIMBATORE,\nTAMIL NADU,\nINDIA\nPIN:641112",
                "Country": "India",
                "Nationality": "India"
            },
            {
                "Name": "Dr J. Grace Hannah",
                "Address": "Assistant Professor, \nDepartment of Information Technology, \nSchool of Computing Sciences,\nVels Institute of Science, Technology and Advanced Studies (VISTAS)\nPallavaram,\nChennai - 600117\nTamilnadu\nIndia.",
                "Country": "India",
                "Nationality": "India"
            },
            {
                "Name": "Dr.V.Sathya",
                "Address": "Assistant Professor\nFaculty of Management\nSRM Institute of Science and Technology \nKattankulathur Campus\nChengalpattu Dt.\nTamilNadu\nIndia\nPin- 603 203",
                "Country": "India",
                "Nationality": "India"
            },
            {
                "Name": "Anil Kewat",
                "Address": "Teaching Associate \n Fish Processing Department College of Fishery Science,\n Jabalpur  \nNanaji Deshmukh Veterinary Science \nUniversity Jabalpur, Madhya Pradesh, India, 482004.",
                "Country": "India",
                "Nationality": "India"
            },
            {
                "Name": "Dr.M.S.Nidhya",
                "Address": "Associate Professor\nDept of CS & IT\nJain Deemed-to-be University\nBangalore",
                "Country": "India",
                "Nationality": "India"
            },
            {
                "Name": "Dr N. Shyamala Devi",
                "Address": "Assistant Professor, \nDepartment of Information Technology, \nSchool of Computing Sciences,\nVels Institute of Science, Technology and Advanced Studies (VISTAS)\nPallavaram,\nChennai - 600117\nTamilnadu\nIndia.",
                "Country": "India",
                "Nationality": "India"
            }
        ],
        "Applicants": [
            {
                "Name": "manoharan sudharsan",
                "Address": "47 Eazhumalai nagar",
                "Country": "India",
                "Nationality": "India"
            },
            {
                "Name": "Dr. HARISHCHANDER ANANDARAM",
                "Address": "ASSISTANT PROFESSOR,\nARTIFICIAL INTELLIGENCE,\nAMRITA VISHWA VIDYAPEETHAM,\nCOIMBATORE,\nTAMIL NADU,\nINDIA\nPIN:641112",
                "Country": "India",
                "Nationality": "India"
            },
            {
                "Name": "Dr J. Grace Hannah",
                "Address": "Assistant Professor, \nDepartment of Information Technology, \nSchool of Computing Sciences,\nVels Institute of Science, Technology and Advanced Studies (VISTAS)\nPallavaram,\nChennai - 600117\nTamilnadu\nIndia.",
                "Country": "India",
                "Nationality": "India"
            },
            {
                "Name": "Dr.V.Sathya",
                "Address": "Assistant Professor\nFaculty of Management\nSRM Institute of Science and Technology \nKattankulathur Campus\nChengalpattu Dt.\nTamilNadu\nIndia\nPin- 603 203",
                "Country": "India",
                "Nationality": "India"
            },
            {
                "Name": "Anil Kewat",
                "Address": "Teaching Associate \n Fish Processing Department College of Fishery Science,\n Jabalpur  \nNanaji Deshmukh Veterinary Science \nUniversity Jabalpur, Madhya Pradesh, India, 482004.",
                "Country": "India",
                "Nationality": "India"
            },
            {
                "Name": "Dr.M.S.Nidhya",
                "Address": "Associate Professor\nDept of CS & IT\nJain Deemed-to-be University\nBangalore",
                "Country": "India",
                "Nationality": "India"
            },
            {
                "Name": "Dr N. Shyamala Devi",
                "Address": "Assistant Professor, \nDepartment of Information Technology, \nSchool of Computing Sciences,\nVels Institute of Science, Technology and Advanced Studies (VISTAS)\nPallavaram,\nChennai - 600117\nTamilnadu\nIndia.",
                "Country": "India",
                "Nationality": "India"
            }
        ]
    }
}