{
    "202411067759": {
        "Invention Title": "THREE-TO-SIX PHASE (ASYMMETRICAL STAR OPEN-DELTA) TRANSFORMER WITH FIVE SECONDARY WINDINGS",
        "Publication Number": "39/2024",
        "Publication Date": "27/09/2024",
        "Publication Type": "INA",
        "Application Number": "202411067759",
        "Application Filing Date": "07/09/2024",
        "Priority Number": "",
        "Priority Country": "",
        "Priority Date": "",
        "Field Of Invention": "ELECTRICAL",
        "Classification (IPC)": "H01F27/28, H01F30/14, H01F30/12",
        "Abstract": "The disclosure presents a novel topology of transformer to obtain dual three-phase sinusoidal output, which are displaced asymmetrically. Proposed transformer uses the secondary winding connection in both star and open-delta. Due to use of two windings in open-delta on secondary, proposed six-phase transformer provides a practical solution to obtain asymmetrically displaced six-phase (star and open-delta) line-line supply which is cost effective with reduced dimension. Connection diagram of the disclosed transformer topology is presented with its associated phasor diagram and are verified with both simulation and real-time test results.",
        "Description": [
            "Description:TITLE OF INVENTION:",
            "\tTHREE-TO-SIX PHASE (ASYMMETRICAL STAR OPEN-DELTA) TRANSFORMER WITH FIVE SECONDARY WINDINGS",
            "FIELD OF THE INVENTION:",
            "\tEmbodiments of the present invention relates to a method for three-phase to asymmetrical six-phase conversion using transformer winding connections.",
            "BACKGROUND OF THE INVENTION:",
            "\tTremendous development and existence of many superior characteristics of multiphase [1-2] has resulted in the practical realization of six-phase (asymmetrically displaced) supply system from the existing three-phase conventional system. This is accompanied by their extended applications not limited to motor drive system [3], power system [4, 5]. Since, sinusoidal input to machine is of paramount importance in both motoring (during various tests to evaluate accurate parameters) and generating mode (to supply the power to local loads or utility grid); hence, it emphasizes the multiphase transformer to be used as a converting unit from three-phase (conventional) to n-phase (n>3). Development of multiphase transformer with odd phases number has been already reported [6-7]. For supplying power to practical six-phase machines (consisting of asymmetrically displaced two sets of three-phase windings by 30 degree [8]), three to six (asymmetrical double star) phase transformer has recently been presented [9]. Here, secondary windings were reconfigured in asymmetrical dual star.",
            "\tThe present disclosure attributes a connection topology to yield asymmetrical six-phase sinusoidal supply. Connection topology is based on the configuration of secondary windings are in star and open-delta. Proposed connection topology uses only five secondary windings in place of nine, when compared with recent work [9]. Hence, substantially reduced number of secondary will result in lower copper consumption (i.e. cost effective) together with reduced dimension (i.e. smaller in size).",
            "\tBACKGROUND ART, TECHNICAL PROBLEM, SOLUTION TO PROBLEM AND SUMMARY OF INVENTION:",
            "\tRapid development with higher performance of system due to transition of conventional three-phase to higher phase order system has resulted in the development multiphase equipment in various domains particularly, motor drives, power system etc. This emphasizes the use of a converting unit for the conversion from three-phase to multiphase (more than three-phase) and vice-versa. In most of the electrical system, sinusoidal supply is of paramount importance making a transformer as their important component. Hence, a multiphase transformer is needed for higher phase order system for enhanced performance.",
            "\tPresently, only two types of transformer are identified to yield six-phase output. Both these transformers offer the following technical problems, which are addressed in the present invention:",
            "\t1. Conventionally, obtained six-phase output is symmetrical [10] having the phase displacement angle of 60 degree, as illustrated in Figure 1a. It is obtained through the secondary by connecting 12 terminals i.e. six windings. In view of the practical importance, present invention discloses the transformer winding topology to obtain asymmetrical six-phase line-line output with phase displacement angle of 30 degree. Further, number of secondary windings is less (only five) when compared with conventional transformer with six windings. Hence, present invention offers a cost effective solution to obtain asymmetrical six-phase line-line output with smaller size and reduced copper consumption.",
            "\t2. Asymmetrical six-phase output is obtained by using the nine windings in secondary side [9] as illustrated in Figure 1b. In view of a large number of windings on secondary (i.e. nine windings), present invention discloses the transformer winding topology to obtain asymmetrical six-phase line-line output with only five windings. Hence with a reduction in secondary winding, present invention offers the solution to obtain asymmetrical six-phase line-line output with simple topology with reduced size.",
            "\tThe present disclosure relates to a method for three-phase to six-phase conversion using transformer winding connections with only five secondary windings. Transformer output yields asymmetrical six-phase line-line output supply. Proposed conversion method was simulated in SIMULINK/MATLAB environment. In the proposed method, only five secondary windings were used in place of nine [9]. Hence, substantially reduced number of secondary will result in lower copper consumption (i.e. cost effective) together with reduced dimension (i.e. smaller in size) and relatively less insulation requirement.",
            "\tIn an embodiment, the disclosed connection topology as given in Diagram 2 for three-phase to asymmetrical line-line six-phase conversion comprises the following steps: at step 1, deploying three separate cores containing a primary winding, out of which two cores containing two secondary winding and one core containing one secondary with connection and turn ratios; and at step 2, connecting primary terminals via star connection while 10 secondary terminals are connected in phase or phase-opposition such that the voltages are added or subtracted to obtain line-line output in asymmetrical six-phase for practical loads.",
            "To further clarify the advantageous features of the present disclosure, a more particular description of the invention will be rendered by reference to specific embodiments thereof, which is illustrated in the appended drawings.  It is appreciated that these drawings depict only typical embodiments of the invention and are therefore not to be considered limiting of its scope. The invention will be described and explained with additional detail in the accompanying drawings.",
            "BRIEF DESCRIPTION OF DRAWINGS:",
            "These and other features, aspects, and advantages of the present disclosure will become better understood when the following detailed description is read with reference to the accompanying drawings in which like characters represent like parts throughout the drawings, wherein:",
            "\tFigure 1 illustrates conventional diagram of three-phase to six-phase conversion yielding (a) symmetrical output with phase displacement angle of 60 degree (b) asymmetrical output with phase displacement angle of 30 degree.",
            "\tFigure 2 illustrates a connection diagram for three-phase to line-line asymmetrical six-phase conversion using transformer winding connections in accordance with an embodiment of the present disclosure.",
            "\tFigure 3 illustrates (a) the block diagram of the proposed method (b) winding arrangement of primary and secondary of the proposed transformer with connection topology.",
            "\tFigure 4 illustrates voltage phasor diagram (a) line voltage of winding abc (b) line voltage of winding xyz (c) asymmetrical line-line six-phase secondary voltage.",
            "\tFigure 5 illustrates SIMULINK model diagram in accordance with an embodiment of the present disclosure of connection topology.",
            "\tFigure 6(a) illustrates diagram of an asymmetrical six-phase secondary output voltage of disclosed topology.",
            "\tFigure 6(b) illustrates diagram of an asymmetrical six-phase secondary load current with disclosed topology.",
            "\tFigure 7 illustrates diagram of real-time results of asymmetrical six-phase voltage and load current of disclosed topology.",
            "Further, skilled artisans will appreciate that elements in the drawings are illustrated for simplicity and may not have necessarily been drawn to scale. For example, the flow charts or diagrams illustrate the method in terms of the most prominent steps involved to help to improve understanding of aspects of the present disclosure. Furthermore, in terms of the construction of the device, one or more components of the device may have been represented in the drawings by conventional symbols, and the drawings may show only those specific details that are pertinent to understanding the embodiments of the present disclosure so as not to obscure the drawings with details that will be readily apparent to those of ordinary skill in the art having benefit of the description herein.",
            "DETAILED DESCRIPTION OF INVENTION AND DESCRIPTION OF EMBODIMENTS",
            "For the purpose of promoting an understanding of the principles of the invention, reference will now be made to the embodiment illustrated in the drawings and specific language will be used to describe the same. It will nevertheless be understood that no limitation of the scope of the invention is thereby intended, such alterations and further modifications in the illustrated system, and such further applications of the principles of the invention as illustrated therein being contemplated as would normally occur to one skilled in the art to which the invention relates. It will be understood by those skilled in the art that the foregoing general description and the following detailed description are exemplary and explanatory of the invention and are not intended to be restrictive thereof.",
            "\tReference throughout this specification to \u201can aspect\u201d, \u201canother aspect\u201d or similar language means that a particular feature, structure, or characteristic described in connection with the embodiment is included in at least one embodiment of the present disclosure. Thus, appearances of the phrase \u201cin an embodiment\u201d, \u201cin another embodiment\u201d and similar language throughout this specification may, but do not necessarily, all refer to the same embodiment.",
            "\tThe terms \u201ccomprises\u201d, \u201ccomprising\u201d, or any other variations thereof, are intended to cover a non-exclusive inclusion, such that a process or method that comprises a list of steps does not include only those steps but may include other steps not expressly listed or inherent to such process or method. Similarly, one or more devices or sub-systems or elements or structures or components proceeded by \u201ccomprises...a\u201d does not, without more constraints, preclude the existence of other devices or other sub-systems or other elements or other structures or other components or additional devices or additional sub-systems or additional elements or additional structures or additional components.",
            "\tUnless otherwise defined, all technical and scientific terms used herein have the same meaning as commonly understood by one of ordinary skill in the art to which this invention belongs. The system, methods, and examples provided herein are illustrative only and not intended to be limiting. Embodiments of the present disclosure will be described below in detail with reference to the accompanying drawings.",
            "\tReferring to Figure 2 illustrates the method for three-phase to asymmetrical line-line six-phase conversion using transformer winding connections in accordance with an embodiment of the present disclosure. The method for three-phase to six-phase conversion comprises the following steps: at step 1, deploying three separate cores containing the primary and secondary windings with connection and turn ratios; and at step 2, connecting primary terminals in star connection while 10 secondary terminals are connected such that the voltages are added or subtracted to obtain line-line output in six-phase for three-phase to asymmetrical six-phase conversion.",
            "\tIn an embodiment, the method wherein, line-line output voltages with requisite phase displacement angles of 30 degrees between terminal voltage of two sets of three-phase secondary windings (designated as abc and xyz) is obtained using appropriate turn ratios; wherein, the ratios are different in each phase and choice of turn ratio is the key in creating the required phase displacement in the output voltages. Three separate iron cores are designed in which three primary windings and five secondary windings are embedded, which are connected in star and open-delta arrangement; and a multiphase transformer is developed that converts three-phase balanced AC input to line-line asymmetrical six-phase AC output.",
            "\tFigure 3 illustrates (a) the block diagram of the proposed method; (b) winding arrangement of primary and secondary of the transformer with connection topology.",
            "\tIn an implementation, a three-phase AC supply with a fixed voltage and fixed frequency can be converted to an asymmetrical six-phase AC supply with a fixed voltage and fixed frequency. However, variable output may be obtained by using an autotransformer at either the input or output side of disclosed transformer. The block diagram of the proposed method is shown in Figure 3a. The input and output are organized as per the requirement: Input in star and output in star and open-delta.",
            "\tThe primary and secondary windings are housed in three distinct cores; each with the connection and turn ratios for disclosed connection topology is illustrated in Figure 3b. The 10 secondary terminals are connected in phase or phase opposition such that the voltages are added or subtracted, resulting in an asymmetrical six-phase line-line output. Using suitable turn ratios, output terminal line-line voltages are obtained with required phase displacement angle of 30 degrees between two sets of three-phase are generated, i.e. asymmetrical six-phase output. In order to get the appropriate phase displacement i.e. 30 degrees for asymmetrical six-phase output voltages, the turn ratio must be selected specifically given in Table I.",
            "\tTable I: Specification of Primary to Secondary Windings Turn Ratio",
            "\tPrimary\tSecondary\tTurn Ratio (N_P/N_S)",
            "\tPhase R\ta1a2\t1.000",
            "\ta3a4\t0.577",
            "\tPhase Y\tb1b2\t1.000",
            "\tb3b4\t0.577",
            "\tPhase B\tc1c2\t1.000",
            "\tIn the disclosed winding connection, the primary windings of three separate cores are connected in star and a balanced three-phase voltage v_A, v_B and v_C is fed to the input terminals A, B and C. Secondary side is constituted by the two sets of three-phase windings designated as abc and xyz. First set of three-phase (from winding set abc) line-line terminal voltage is constituted from open-delta connection of two secondary windings a_1 a_2 and b_1 b_2. In open-delta winding configuration, a balanced set of three-phase voltage (line to line voltage) is obtained [10] i.e.,v_ab, v_bc and v_ca across terminals a_1 a_2, b_1 b_2  and b_2 a_1 respectively. Second set of three-phase (from winding set xyz) line-line terminal voltage is obtained from star connection of remaining three secondary windings a_3 a_4, b_3 b_4 and c_1 c_2. Hence, line-line terminal voltages v_xy is obtained by the phasor subtraction of voltage across terminals b_3 b_4 from voltage across terminals a_3 a_4. Line-line terminal voltages v_yz is obtained by the phasor subtraction of voltage across terminals c_1 c_2 from voltage across terminals b_3 b_4. Similarly, line-line terminal voltages v_zx is obtained by the phasor subtraction of voltage across terminals a_3 a_4 from voltage across terminals c_1 c_2. Hence, other set of line-line three-phase voltage v_xy, v_yz and v_zx is obtained. These secondary terminal voltages (i.e. v_xy, v_yz and v_zx ) when compared with primary give the turn ratio to be equal to 0.577 (i.e. 1/v3). Hence, insulation required by star connected winding is low i.e. 0.577 times w.r.t. open-delta and primary winding. In the winding connection topology, in which primary to secondary turn ratio (N_P/N_S) is disclosed in Table I. It may be noted here that the first set of secondary line voltage (v_ab, v_bc and v_ca) is exhibiting a phase shift of 30 degree (lagging) with respect to the second set of secondary voltage (v_xy, v_yz and v_zx) resulting in an asymmetry of six-phase output. Connection topology is shown in Figure 3b and the phasor diagram of output line-line asymmetrical six-phase voltage at the terminals a_1 a_2, b_1 b_2, b_2 a_1 and a_3 a_4, b_3 b_4, c_1 c_2 are shown in Figure 4a and Figure 4b respectively. Asymmetrical six-phase line-line secondary voltage phasor is shown in Figure 4c.",
            "\tThe disclosed connection topology produces an asymmetrical six-phase line-line output with a RL load in star connection in both sets of three-phase secondary winding sets (abc and xyz) is illustrated in Figure 5. The planned transformer is initially simulated under MATLAB/Simulink environment. To replicate the conceptual design, the inbuilt transformer blocks are used where the necessary turn ratios are selected prior to the start of simulation. It may be noted that with the disclosed connection topology, terminal voltage across winding set abc (i.e. v_ab, v_bc and v_ca) is exhibiting a phase difference of 30 degree with respect to other winding set as xyz (i.e. v_xy, v_yz and v_zx) as shown in Figure 6 (a). Same phase difference is also noted in load current as shown in Figure 6 (b). Disclosed connection topology was further validated experimentally under real-time environment by using MULTISIM as virtual platform. During the test process, proposed transformer was operated under load at 0.85 lagging power factor. Three-phase star connected load was used in which each branch has resistance and inductance value of 100 ? and 0.20 H respectively. Both voltage and load current are shown for terminals a and x, b and y and, c and z in Figure 7a, Figure 7b and Figure 7c respectively. Existence of phase difference by 30 degree in both output terminal voltage and current is validating the disclosed transformer topology.",
            "The drawings and the forgoing description give examples of embodiments. Those skilled in the art will appreciate that one or more of the described elements may well be combined into a single functional element. Alternatively, certain elements may be split into multiple functional elements. Elements from one embodiment may be added to another embodiment. For example, orders of processes described herein may be changed and are not limited to the manner described herein. Moreover, the actions of any flow diagram need not be implemented in the order shown; nor do all of the acts necessarily need to be performed. Also, those acts that are not dependent on other acts may be performed in parallel with the other acts. The scope of embodiments is by no means limited by these specific examples. Numerous variations, whether explicitly given in the specification or not, such as differences in structure, dimension, and use of material, are possible. The scope of embodiments is at least as broad as given by the following claims.",
            "\tBenefits, other advantages, and solutions to problems have been described above with regard to specific embodiments. However, the benefits, advantages, solutions to problems, and any component(s) that may cause any benefit, advantage, or solution to occur or become more pronounced are not to be construed as a critical, required, or essential feature or component of any or all the claims.",
            "\tReferences",
            "\tG. K. Singh, \u201cMulti-phase induction machine drive research\u2014a survey,\u201d Elect. Power Syst. Res., vol. 61, pp. 139\u2013147, 2002.",
            "\tE. Levi, \u201cMultiphase electric machines for variable-speed applications,\u201d IEEE Trans Ind. Electron., vol. 55, no. 5, pp. 1893\u20131909, May 2008.",
            "\tE. Levi, R. Bojoi, F. Profumo, H. A. Toliyat, and S. Williamson, \u201cMultiphase induction motor drives-A technology status review,\u201d IET. Electr. Power Appl., vol. 1, no. 4, pp. 489\u2013516, Jul. 2007.",
            "\tK. A. Chinmaya, and G. K. Singh, \u201cPerformance evaluation of multiphase induction generator in stand-alone and grid connected wind energy conversion system,\u201d IET Renew. Power Gen., vol. 12, no. 7, pp. 823\u2013883, May 2018.",
            "\tS. N. Tewari, G. K. Singh, and A. B. Saroor, \u201cMultiphase power transmission research-a survey,\u201d Elect. Power Syst. Res., vol. 24, pp. 207\u2013215, 1992.",
            "\tA. Iqbal, S. Moinuddin, M. R. Khan, S. M. Ahmed and H. Abu-Rub, \u201cA novel three-phase to five-phase transformation using a special transformer connection\u201d, IEEE Trans. Power Del., vol. 25, no. 3, pp. 1637\u20131644, Jul. 2010.",
            "\tS. Moinuddin, A. Iqbal, H. Abu-Rub, M. R. Khan and, S. M. Ahmed, \u201cThree-phase to seven-phase power converting transformer\u201d, IEEE Trans. Energy Conv., vol. 27, no. 3, pp. 757\u2013766, Sep.  2012.",
            "\tR.H. Nelson, and P.C. Krause, \u201cInduction machine analysis for arbitrary displacement between multiple winding sets\u201d, IEEE Trans. Power Appar. and Syst., vol. 93, no. 3, pp. 841-848, May 1974.",
            "\tA. Iqbal and G. K. Singh, \u201cThree-Phase to Six-Phase (Asymmetrical Double Star) Transformer,\u201d IEEE Trans. Power Del., vol. 37, no. 5, pp. 4481 \u2013 4484, Oct. 2022, doi: 10.1109/TPWRD.2022.3181847.",
            "\tP. S. Bimbhra, \u201cGeneralized theory of Electrical Machines, Khanna Publishers, Delhi, India, 2012.",
            "\t, Claims:WE CLAIM",
            "\t1)\tA method for three-phase to line-line asymmetrical six-phase conversion with five secondary windings comprises by:",
            "\t-\tdeploying three separate cores containing a primary winding, out of which two cores containing two secondary winding and one core containing one secondary with connection and turn ratios, which are connected in star and open-delta arrangement.",
            "\t-\tconnecting primary terminals via star connection while 10 secondary terminals are connected in phase or phase-opposition such that the voltages are added or subtracted to give an asymmetrical six-phase output.",
            "\t2)\tIn claim 1, secondary terminal voltages are asymmetrical six-phase with requisite phase  displacement angles of 30 degrees between two sets of three-phase voltages, which is obtained by using the turn ratios of 1:(1.000:0.577:1.000:0.577:1.000)."
        ],
        "Inventors": [
            {
                "Name": "Arif Iqbal",
                "Address": "Department of Electrical Engineering, Rajkiya Engineering College, Ambedkar Nagar, U.P., Pin-224122, India",
                "Country": "India",
                "Nationality": "India"
            },
            {
                "Name": "Dr. Farhad Ilahi Bakhsh",
                "Address": "Department of Electrical Engineering, National Institute of Technology Srinagar, Hazratbal-190006, Srinagar (J&K), India",
                "Country": "India",
                "Nationality": "India"
            }
        ],
        "Applicants": [
            {
                "Name": "Arif Iqbal",
                "Address": "Department of Electrical Engineering, Rajkiya Engineering College, Ambedkar Nagar, U.P., Pin-224122, India",
                "Country": "India",
                "Nationality": "India"
            },
            {
                "Name": "Dr. Farhad Ilahi Bakhsh",
                "Address": "Department of Electrical Engineering, National Institute of Technology Srinagar, Hazratbal-190006, Srinagar (J&K), India",
                "Country": "India",
                "Nationality": "India"
            }
        ]
    }
}