{
    "202441066251": {
        "Invention Title": "A PROCESS OF PREPARATION OF HERBAL-INFUSED SUGAR CANDY FOR COMPREHENSIVE RELIEF OF COLD SYMPTOMS",
        "Publication Number": "37/2024",
        "Publication Date": "13/09/2024",
        "Publication Type": "INA",
        "Application Number": "202441066251",
        "Application Filing Date": "02/09/2024",
        "Priority Number": "",
        "Priority Country": "",
        "Priority Date": "",
        "Field Of Invention": "FOOD",
        "Classification (IPC)": "A23G3/34, A23G3/36, A61K36/53, A61K36/9068, A61K36/81, A61P11/00",
        "Abstract": "TITLE:\t\tA PROCESS OF PREPARATION OF HERBAL-INFUSED SUGAR \r\n\t\t\tCANDY FOR COMPREHENSIVE RELIEF OF COLD SYMPTOMS\r\n \r\nAPPLICANT:\tSREE BALAJI MEDICAL COLLEGE AND HOSPITAL\r\n\r\n\r\n\r\nABSTRACT\r\nThe present invention discloses a process of preparation of herbal-infused sugar candy for comprehensive relief of cold symptoms comprises of following steps;\r\n\r\na.\tadding leaves of Ocimum sanctum, grated rhizome of Zingiber officinale and leaves of Solanum trilobatum to water and boiling followed by cooling and straining to form herbal infused filtrate in which residue is discarded;\r\nb.\tmixing sugars and the herbal infused filtrate in a heavy bottomed pot and heated until sugar dissolved completely followed by adding Curcuma longa rhizome powder, Citrus limon fresh fruit juice, and honey and stirring followed by boiling until reaching a hard crack stage to form hot mixture;\r\nc.\tpouring the hot mixture on to a baking sheet with parchment paper dusted with powdered sugar and spreading evenly followed by cooling and shaping into required shapes and coating with powdered sugar to form herbal-infused sugar candy and storing in air tight container.",
        "Description": [
            "Description:Form 2",
            "\tTHE PATENT ACT, 1970",
            "\t(39 of 1970)",
            "\t&",
            "\tTHE PATENT RULES, 2003",
            "\tCOMPLETE SPECIFICATION",
            "\t(See section 10 and rule 13)",
            "\t\u201cA PROCESS OF PREPARATION OF HERBAL-INFUSED SUGAR CANDY FOR COMPREHENSIVE RELIEF OF COLD SYMPTOMS\u201d",
            "\tin the name of SREE BALAJI MEDICAL COLLEGE AND HOSPITAL an Indian national having address at NO 7, WORKS ROAD, CHROMEPET, CHENGALPATTU, CHENNAI - 600 044, TAMIL NADU, INDIA.",
            "\tThe following specification particularly describes the invention and the manner in which it is to be performed.",
            "\tSOURCE AND GEOGRAPHICAL ORIGIN OF THE BIOLOGICAL MATERIAL:",
            "\tSL.",
            "\tNO\tCOMMON NAME\tSCIENTIFIC NAME\tPART OF BIOLOGICAL SOURCES\tSOURCE OF ACCESS\tDETAILS OF GEOGRAPHICAL LOCATION",
            "\t1.\tTulsi\tOcimum sanctum\tLeaves\tCultivated\t(i) Village / Panchayat:  Chrompet",
            "\t(ii) Town/ Taluk: Sriperumbudur",
            "\t(iii) District: Chennai",
            "\t(iv) State:",
            "\tTamil Nadu",
            "\t2.\tGinger\tZingiber officinale\tRhizome\tmarket\t(i) Name of the Market:",
            "\tKovai Pazhamudir Nilayam.",
            "\t(ii) Contact details: Sri Akilandeswari Amman Fruits, 144, Grand Southern Trunk Rd, opp. to Vettri Theatres, Lakshmi Nagar, Chrompet,",
            "\tChennai - 600044, Tamil Nadu,",
            "\tIndia.",
            "\t3.\tPurple Fruited Pea Egg Plant\tSolanum trilobatum\tLeaves\tMarket \t(i) Name of the Market:",
            "\tVasantham Vegetables Shop.",
            "\t(ii) Contact details: No. 106, Station Rd, Chrompet,",
            "\tChennai - 600044, Tamil Nadu,",
            "\tIndia.",
            "\t4.\tTurmeric\tCurcuma longa\tRhizome\tMarket\t(i) Name of the Market:",
            "\tVasantham Vegetables Shop.",
            "\t(ii) Contact details: No. 106, Station Rd, Chrompet,",
            "\tChennai - 600044, Tamil Nadu,",
            "\tIndia.",
            "\t5.\tLemon\tCitrus limon\tFruit\tMarket\t(i) Name of the Market:",
            "\tKovai Pazhamudir Nilayam.",
            "\t(ii) Contact details: Sri Akilandeswari Amman Fruits, 144, Grand Southern Trunk Rd, opp. to Vettri Theatres, Lakshmi Nagar, Chrompet,",
            "\tChennai - 600044, Tamil Nadu,",
            "\tIndia.",
            "\t6.\tAsian honey bee\tApis cerana\tCrop - honey\tMarket\t(i) Name of the Market:",
            "\tKovai Pazhamudir Nilayam.",
            "\t(ii) Contact details: Sri Akilandeswari Amman Fruits, 144, Grand Southern Trunk Rd, opp. to Vettri Theatres, Lakshmi Nagar, Chrompet,",
            "\tChennai - 600044, Tamil Nadu,",
            "\tIndia.",
            "FIELD OF THE INVENTION:",
            "\tThe present invention generally relates to a candy. Specifically, the present invention relates to a process for preparing herbal-infused sugar candy. More particularly, the present invention relates to a process for preparing herbal-infused sugar candy for comprehensive relief of cold symptoms and product thereof.",
            "BACKGROUND OF THE INVENTION:",
            "\tThe common cold is an acute, self-limiting viral infection of the upper respiratory tract involving the nose, sinuses, pharynx and larynx. The common cold is one of the most widespread illnesses, and is most caused by rhinoviruses The virus is spread by hand contact with secretions from an infected person (direct or indirect) or aerosol of the secretions and virus. Symptoms include sore throat, rhinitis, rhinorrhea, cough and malaise.",
            "\tPharmacotherapy is directed at alleviating associated symptoms. Treatments with proven effectiveness for cold symptoms include over-the-counter analgesics, zinc, nasal decongestants, antihistamines, cough suppressants and ipratropium. Other medications include orally inhaled anticholinergics, inhaled corticosteroids and nonsteroidal anti-inflammatory drugs (NSAIDs). Prescription of antibiotics for the common cold may cause significant adverse effects. While medications and syrups can be effective, they often lack convenience, taste and appeal, particularly for children.",
            "\tThere are reports available in the state of the art relating to compositions treating common cold.",
            "\tCombinations of active ingredients, e.g. decongestants, cough",
            "\tsuppressants and paracetamol, are available for use as over-the-",
            "\tcounter (OTC) product",
            "\tCombinations of active ingredients, e.g. decongestants, cough",
            "\tsuppressants and paracetamol, are available for use as over-the-",
            "\tcounter (OTC) product",
            "\tWO1985004589A1 discloses a pharmaceutical compositions and methods of using same comprising a non-steroidal anti-inflammatory drug in combination with at least one other active component selected from an antihistamine, decongestant, cough suppressant (antitussive) or expectorant are provided for the relief of cough, cold and cold-like symptoms.",
            "\tUSRE33465E discloses a method of administering an agent to reduce duration of common cold symptoms in humans, which includes reducing the duration of nasal drainage, nasal congestion, headache, fever, myalgia, sneezing, sore throat, scratchy throat, cough, and hoarseness when such symptoms evidence existence of a common cold, comprising: applying, in the form of a lozenge, zinc gluconate to the oral mucosa of a human in need of treatment; permitting zinc to remain in contact with the mucosa for a period of time necessary for lozenges to dissolve; and applying additional dosages of zinc until the symptoms have disappeared.",
            "\tCN102038704A discloses a pharmaceutical composition that is used for infantile common cold, include effective constituent dextromethorphan hydrobromide, chlorphenamine maleate, ammonium chloride, it is characterized in that dextromethorphan hydrobromide is earlier with being made into preparation again behind the molecule inclusion technology enclose, in addition, also comprise flavouring agent, antiseptic and water in the prescription, this drug regimen can be made syrup, oral administration solution, the drop that children's is easy to accept.",
            "\tThough conventional remedies for managing common cold exhibits advantages in the prior arts, they do have disadvantages such as containing chemical ingredients, coloring and flavoring agents, unpleasant taste, inconvenience to children and being expensive.",
            "\tThus, there exist a need in the state of the art for an alternative composition with herbal ingredients for managing multiple common cold symptoms.",
            "\tHence an attempt has been made to develop an herbal-infused sugar candy for comprehensive relief of various cold symptoms overcoming the above said drawbacks.",
            "\tOBJECT OF THE INVENTION:",
            "\tThe main object of the present invention is to develop a process for preparing herbal-infused sugar candy.",
            "\tAnother object of the present invention is to develop a process for preparing herbal-infused sugar candy for managing common cold symptoms.",
            "\tYet another object of the present invention is to prepare an herbal-infused sugar candy employing Ocimum sanctum, Zingiber officinale, Solanum trilobatum, Curcuma longa, Citrus limon, and honey.",
            "\tFurther object of the present invention is to utilize the prepared herbal-infused sugar candy for comprehensive relief of various cold symptoms.",
            "BRIEF DESCRIPTION OF DRAWINGS:",
            "\tFigure 1 depicts herbal-infused sugar candy of the present invention.",
            "SUMMARY OF THE INVENTION:",
            "\tThe present invention discloses a process of preparation of herbal-infused sugar candy for comprehensive relief of cold symptoms. The process of the present invention comprises of following steps;",
            "\ta.\tadding leaves of Ocimum sanctum, grated rhizome of Zingiber officinale and leaves of Solanum trilobatum to water and boiling followed by cooling and straining to form herbal infused filtrate in which residue is discarded;",
            "\tb.\tmixing sugars and the herbal infused filtrate in a heavy bottomed pot and heated until sugar dissolved completely followed by adding Curcuma longa rhizome powder, Citrus limon fresh fruit juice, and honey and stirring followed by boiling until reaching a hard crack stage to form hot mixture;",
            "\tc.\tpouring the hot mixture on to a baking sheet with parchment paper dusted with powdered sugar and spreading evenly followed by cooling and shaping into required shapes and coating with powdered sugar to form herbal-infused sugar candy and storing in air tight container.",
            "\tThe present invention also discloses an herbal-infused sugar candy for comprehensive relief of cold symptoms prepared by the process as described above.",
            "DETAILED DESCRIPTION OF THE INVENTION:",
            "\tThe present invention discloses a process of preparation of herbal-infused sugar candy for comprehensive relief of cold symptoms.",
            "\tThe present invention is a novel sugar candy infused with a unique combination of medicinal herbs; Tulsi (Ocimum sanctum), Ginger (Zingiber officinale), Turmeric (Curcuma longa), Thuthuvalai (Solanum trilobatum), Lemon (Citrus limon), and Honey. These herbal ingredients are selected for their synergistic properties, providing comprehensive relief from cold symptoms such as sore throat, cough, and congestion, while also offering immune support to promote faster recovery.",
            "\tThe process for preparing herbal-infused sugar candy comprises of adding leaves of Ocimum sanctum, grated rhizome of Zingiber officinale and leaves of Solanum trilobatum to water and boiling followed by cooling and straining through a strainer or cheesecloth to form herbal infused filtrate in which the residue is discarded. Then, mixing sugars and the herbal infused filtrate in a heavy bottomed pot and heated until sugar dissolves completely. Then, adding Curcuma longa rhizome powder, Citrus limon fresh fruit juice, and honey to the mixture and stirring followed by boiling until reaching a hard crack stage to form hot mixture. Finally, pouring the hot mixture on to a baking sheet with parchment paper dusted with powdered sugar and spreading evenly followed by cooling and shaping into required shapes and coating with powdered sugar to form herbal-infused sugar candy and storing in air tight container.",
            "\tThe herbal-infused sugar of the present invention provides a pleasant and accessible way to consume these beneficial herbs, which is particularly advantageous for children and those who prefer not to consume raw or highly concentrated forms of the herbs. The herbal-infused sugar candy ensures ease of consumption, making it ideal for both adults and children. The present invention provides a holistic, effective, and user-friendly solution for managing cold symptoms.",
            "\tTable 1: Composition of herbal-infused sugar candy of the present invention.",
            "\tS.NO\tIngredients\tQuantity",
            "\t1.\tOcimum sanctum\t10-12 leaves",
            "\t2.\tGrated rhizome of Zingiber officinale\t10 -15 gms",
            "\t3.\tSolanum trilobatum\t5-6 leaves",
            "\t4.\tSugar\t250 gms",
            "\t5.\tCurcuma longa rhizome powder\t3.5 - 5 gms",
            "\t6.\tCitrus limon fresh fruit juice\t10 -12 mL",
            "\t7.\tHoney\t60 mL",
            "\tSensory evaluation of herbal-infused sugar candy: Hedonic scale is a scale that shows the quantity of respondent\u2019s usual liking or disliking for products. Sensory evaluations were done by a panel using a 9-point hedonic scale, the results were determined. It ranges from 1 to 9 with 1 indicating \u201cdislike extremely\u201d and 9 indicating \u201clike extremely\u201d. The full scale is as follows:",
            "\tDislike extremely - 1",
            "\tDislike very much - 2",
            "\tDislike moderately - 3",
            "\tDislike slightly - 4",
            "\tNeither like nor dislike - 5",
            "\tLike slightly - 6",
            "\tLike moderately - 7",
            "\tLike very much - 8",
            "\tLike extremely - 9",
            "\tThe herbal-infused sugar candy which are composed of Ocimum sanctum, Zingiber officinale, Solanum trilobatum, Curcuma longa, Citrus limon, and honey was evaluated for color, appearance, flavor, consistency, taste, texture and overall acceptability. These quality characteristics of herbal-infused sugar candy were examined by 9-point hedonic scales. According to the sensory evaluation the average values of the ratings given by all the members were then calculated and used for further analysis.",
            "\tTable 2: Sensory evaluation of herbal-infused sugar candy of the present invention.",
            "\tS.NO\tProperty\tHerbal-infused sugar candy of the present invention",
            "\t1.\tColour\t9",
            "\t2.\tAppearance (shape, uniformity, surface)\t9",
            "\t3.\tFlavour\t9",
            "\t4.\tConsistency\t9",
            "\t5.\tTaste\t9",
            "\t6.\tTexture\t9",
            "\t7.\tOverall acceptability\t9",
            "\tThe prepared herbal-infused sugar candy was then subjected to experimental studies to determine its antiviral activity.",
            "\tAntiviral activity: The antiviral performance of the prepared herbal-infused sugar candy was investigated against Rhinoviruses. Mueller-Hinton agar plates were prepared. Then, the respective cultures (Rhinoviruses) were swabbed on the agar surface using cotton swab. A small piece of the herbal-infused sugar candy then placed on the agar surface. The plate was then incubated at 37\u00baC for 24hrs. The zone of inhibition was measured after incubation and found to be 32mm.",
            "\tThus, from the above it was found that the prepared herbal-infused sugar candy of the present invention provide relief from common cold symptoms while supporting overall immune function.",
            "\tAdvantages:",
            "\t\u2022\tComprehensive Symptom Relief: The herbal-infused sugar candy addresses multiple cold symptoms through the combined effects of the selected herbs.",
            "\t\u2022\tConvenient and Palatable Form: The herbal-infused sugar candy ensures ease of consumption, making it ideal for both adults and children.",
            "\t\u2022\tEnhanced Efficacy: The specific blend of herbs enhances the overall therapeutic effect, providing a more effective solution than existing single-ingredient products.",
            "\t\u2022\tImmune Support: The herbal-infused sugar candy also boosts the immune system, aiding in quicker recovery.",
            "\t\u2022\tConvenient Consumption: The herbal-infused sugar candy is easy to carry and consume.",
            "\t\u2022\tMulti-Symptom Relief: The combined properties of the infused herbs offer comprehensive relief from various cold symptoms, making it a versatile product.",
            "\t\u2022\tAppeal: The pleasant taste of the candy makes it more appealing, especially for children or individuals who may be reluctant to take medicines.",
            "\t\u2022\tTargeted Relief: The herbal-infused sugar candy is specifically formulated to address common cold symptoms such as sore throat, cough, and congestion, providing targeted relief tailored to the needs of individuals experiencing colds.",
            "\t\u2022\tSafety and Compatibility: The ingredients used in the candy formulation are carefully selected for their compatibility and minimizing the risk of adverse reactions or interactions with medications.",
            "\tIn one of the preferred embodiments, the present invention shall disclose a process of preparation of herbal-infused sugar candy for comprehensive relief of cold symptoms. The process comprises of following steps;",
            "\ta.\tadding leaves of Ocimum sanctum, grated rhizome of Zingiber officinale and leaves of Solanum trilobatum to water and boiling followed by cooling and straining to form herbal infused filtrate in which residue is discarded;",
            "\tb.\tmixing sugars and the herbal infused filtrate in a heavy bottomed pot and heated until sugar dissolved completely followed by adding Curcuma longa rhizome powder, Citrus limon fresh fruit juice, and honey and stirring followed by boiling until reaching a hard crack stage to form hot mixture;",
            "\tc.\tpouring the hot mixture on to a baking sheet with parchment paper dusted with powdered sugar and spreading evenly followed by cooling and shaping into required shapes and coating with powdered sugar to form herbal-infused sugar candy and storing in air tight container.",
            "\tIn another preferred embodiment, the present invention shall disclose an herbal-infused sugar candy for comprehensive relief of cold symptoms prepared by the process as described above.",
            "\tIn yet another preferred embodiment, the present invention shall disclose a process of preparation of herbal-infused sugar candy for comprehensive relief of cold symptoms. The process comprises of following steps;",
            "\ta.\tadding 10-12 leaves of Ocimum sanctum, 10- 15 grams of grated rhizome of Zingiber officinale and 5-6 leaves of Solanum trilobatum to 250 mL of water and boiling for 10 mins followed by cooling and straining to form herbal infused filtrate in which residue is discarded;",
            "\tb.\tmixing 250 grams of sugars and the herbal infused filtrate in a heavy bottomed pot and heated until sugar dissolved completely followed by adding 3.5 to 5 grams of Curcuma longa rhizome powder, 10-12 ml of Citrus limon fresh fruit juice, and 60 mL of honey and stirring followed by boiling 150\u00b0C until reaching a hard crack stage to form hot mixture;",
            "\tc.\tpouring the hot mixture on to a baking sheet with parchment paper dusted with powdered sugar and spreading evenly followed by cooling until formation of jelly like thick consistency and shaping into required shapes and coating with powdered sugar to form herbal-infused sugar candy and storing in air tight container.",
            "\tIn further preferred embodiment, the present invention shall disclose an herbal-infused sugar candy for comprehensive relief of cold symptoms prepared by the process as described above.",
            "\tWorking example:",
            "\tProcess of preparation of herbal-infused sugar candy.",
            "\t10-12 leaves of Ocimum sanctum, 10-15 grams of grated rhizome of Zingiber officinale and 5-6 leaves of Solanum trilobatum were added to 250 mL of water and boiled for 10 mins further cooled and strained to form herbal infused filtrate in which residue was discarded. 250 grams of sugars and the herbal infused filtrate were mixed in a heavy bottomed pot and heated until sugar dissolved completely further 3.5 to 5 grams of Curcuma longa rhizome powder, 10-12 ml of Citrus limon fresh fruit juice, and 60 mL of honey were added and stirred and boiled at 150\u00b0C until reaching a hard crack stage to form hot mixture. The hot mixture was poured on to a baking sheet with parchment paper dusted with powdered sugar and spread evenly further cooled until formation of jelly like thick consistency and shaped into required shapes and coated with powdered sugar to form herbal-infused sugar candy and stored in air tight container.",
            "\tAlthough the invention has now been described in terms of certain preferred embodiments and exemplified with respect thereto, one skilled in art can readily appreciate that various modifications, changes, omissions and substitutions may be made without departing from the scope of the following claims.",
            "\t, Claims:WE CLAIM:",
            "\t1.\tA process of preparation of herbal-infused sugar candy for comprehensive relief of cold symptoms, the claimed process comprises of following steps;",
            "\ta.\tadding leaves of Ocimum sanctum, grated rhizome of Zingiber officinale and leaves of Solanum trilobatum to water and boiling followed by cooling and straining to form herbal infused filtrate wherein residue is discarded;",
            "\tb.\tmixing sugars and the said herbal infused filtrate in a heavy bottomed pot and heated until sugar dissolved completely followed by adding Curcuma longa rhizome powder, Citrus limon fresh fruit juice, and honey and stirring followed by boiling until reaching a hard crack stage to form hot mixture;",
            "\tc.\tpouring the said hot mixture on to a baking sheet with parchment paper dusted with powdered sugar and spreading evenly followed by cooling and shaping into required shapes and coating with powdered sugar to form herbal-infused sugar candy and storing in air tight container.",
            "\t2.\tAn herbal-infused sugar candy for comprehensive relief of cold symptoms prepared by the process as claimed in claim 1.",
            "\t3.\tA process of preparation of herbal-infused sugar candy for comprehensive relief of cold symptoms, the claimed process comprises of following steps;",
            "\ta.\tadding 10-12 leaves of Ocimum sanctum, 10- 15 grams of grated rhizome of Zingiber officinale and 5-6 leaves of Solanum trilobatum to 250 mL of water and boiling for 10 mins followed by cooling and straining to form herbal infused filtrate wherein residue is discarded;",
            "\tb.\tmixing 250 grams of sugars and the said herbal infused filtrate in a heavy bottomed pot and heated until sugar dissolved completely followed by adding 3.5 to 5 grams of Curcuma longa rhizome powder, 10-12 ml of Citrus limon fresh fruit juice, and 60 mL of honey and stirring followed by boiling 150\u00b0C until reaching a hard crack stage to form hot mixture;",
            "\tc.\tpouring the said hot mixture on to a baking sheet with parchment paper dusted with powdered sugar and spreading evenly followed by cooling until formation of jelly like thick consistency and shaping into required shapes and coating with powdered sugar to form herbal-infused sugar candy and storing in air tight container.",
            "\t4.\tAn herbal-infused sugar candy for comprehensive relief of cold symptoms prepared by the process as claimed in claim 3.",
            "\tDated this 30th day of AUG 2024",
            "\tFor SREE BALAJI MEDICAL COLLEGE AND HOSPITAL",
            "\tBy its Patent Agent",
            "\tDr.B.Deepa",
            "\tIN/PA 1477"
        ],
        "Inventors": [
            {
                "Name": "DEEPALAKKSHMI BALAKRISHNAN",
                "Address": "DEPARTMENT OF RESEARCH AND DEVELOPMENT,\r\nSREE BALAJI MEDICAL COLLEGE AND HOSPITAL, \r\nNO 7, WORKS ROAD, CHROMEPET,\r\nCHENGALPATTU\r\nCHENNAI\r\nTAMIL NADU\r\nINDIA\r\n600044",
                "Country": "India",
                "Nationality": "India"
            },
            {
                "Name": "SARAMMA MINI JACOB",
                "Address": "DEPARTMENT OF RESEARCH AND DEVELOPMENT,\r\nSREE BALAJI MEDICAL COLLEGE AND HOSPITAL, \r\nNO 7, WORKS ROAD, CHROMEPET,\r\nCHENGALPATTU\r\nCHENNAI\r\nTAMIL NADU\r\nINDIA\r\n600044",
                "Country": "India",
                "Nationality": "India"
            }
        ],
        "Applicants": [
            {
                "Name": "SREE BALAJI MEDICAL COLLEGE AND HOSPITAL",
                "Address": "NO 7,\r\nWORKS ROAD, CHROMEPET,\r\nCHENGALPATTU\r\nCHENNAI\r\nTAMIL NADU\r\nINDIA\r\n600 044",
                "Country": "India",
                "Nationality": "India"
            }
        ]
    }
}