{
    "202441069357": {
        "Invention Title": "A BRAKE DRUM ASSEMBLY",
        "Publication Number": "38/2024",
        "Publication Date": "20/09/2024",
        "Publication Type": "INA",
        "Application Number": "202441069357",
        "Application Filing Date": "13/09/2024",
        "Priority Number": "",
        "Priority Country": "",
        "Priority Date": "",
        "Field Of Invention": "BIOTECHNOLOGY",
        "Classification (IPC)": "A61K0036280000, D01H0001115000, D01H0004020000, H01M0004380000, C07C0235340000",
        "Abstract": "A brake drum assembly (100) for a vehicle is disclosed. The brake drum assembly (100) comprises a brake drum component (102) and a metallic thermal jacket (104) arranged to encase the brake drum component (102). Further, the brake drum assembly (100) comprises one or more hollow pockets (106, 108) protruding out from an outer surface of the metallic thermal jacket (104). The one or more hollow pockets (106, 108) are filled with a phase changing material (PCM) arranged to conduct heat from a first end (110) of the one or more hollow pockets (106, 108) towards a second end (112) of the one or more hollow pockets (106, 108) to implement a cooling mechanism. \nFig. 1",
        "Description": [
            "Description:TECHNICAL FIELD",
            "\t[0001]\tThe present disclosure relates generally to vehicles. In particular aspects, the disclosure relates to a brake drum assembly in vehicles.",
            "\tBACKGROUND",
            "\t[0002]\tGenerally, considerable heat is generated in the brake drum assembly of a vehicle during braking. The heat generated by braking heats up  a  brake-drum component. Due to conduction the brake drum assembly heats up as well. If the brake drum component temperature increases excessively, then the brake performance worsens. High temperatures will also affect the brake pad and increase the rate of pad wearing off. Conventionally, cooling of the hub and brake drum assembly is dependent on an ambient air flow taking place around the brake drum component and temperature difference between the brake drum component temperature and the ambient temperature.",
            "\t[0003]\tHowever, the velocity of air flow around the brake drum component is very low and insufficient to cool the brake drum assembly to the required temperature. Therefore, effective brake cooling is essential for optimum brake performance.",
            "\tSUMMARY",
            "\t[0004]\tIt is therefore an object of the present disclosure to provide a brake drum assembly comprising a cooling mechanism.",
            "\t[0005]\tAccording to a first aspect of the present disclosure, a brake drum assembly is provided. The brake drum assembly comprises a brake drum component and a metallic thermal jacket arranged to encase the brake drum component. Further, the brake drum assembly comprises one or more hollow pockets protruding out from an outer surface of the metallic thermal jacket. In addition, the one or more hollow pockets are filled with a phase changing material (PCM) arranged to conduct heat from a first end of the one or more hollow pockets towards a second end of the one or more hollow pockets to implement a cooling mechanism.",
            "\t[0006]\tIn some examples, the first end of the one or more hollow pockets is at a high temperature value and the second end of the one or more hollow pockets is at a low temperature value.",
            "\t[0007]\tIn some examples, the PCM is in a solid state and is capable of being transitioned from the solid state to a liquid state in response to a temperature value of the metallic thermal jacket, wherein the PCM in the solid state absorb heat and transitions to the liquid state.",
            "\t[0008]\tIn some examples, once the PCM transitions to the liquid state, the PCM flows inside the one or more hollow pockets under an effect of centrifugal force due to rotation of a wheel in the brake drum assembly. Further, the PCM in liquid state flows from the first end of the one or more hollow pockets which is at the high temperature, towards the second end of the one or more hollow pockets which is at the low temperature to dissipate the absorbed heat from the brake drum component into atmosphere by convection. In addition, it is not necessary for the PCM to revert to its solid state, as the continuous flow and rotation of the wheel hub will keep the PCM in motion, allowing for iterative heat rejection.",
            "\t[0009]\tIn some examples, the one or more hollow pockets protruding out from the outer surface of the metallic thermal jacket are designed to enhance the turbulence within surrounding ambient air. This increased turbulence facilitates improved heat transfer and promotes outward flow of air, thereby aiding in an efficient expulsion of air from the wheel.",
            "\t[0010]\tIn some examples, the metallic thermal jacket is constructed by one or more of aluminium, cast iron, or steel. Further, in an example, the metallic thermal jacket constructed of aluminium has a superior heat transfer rate, thereby enhancing the efficiency of heat transfer from the brake drum component into the atmosphere.",
            "\t[0011]\tIn some examples, the metallic thermal jacket comprises a circular geometry to encase the brake drum component.",
            "\t[0012]\tIn another examples, the PCM is capable of being transitioned from a first solid crystalline structure to a second solid crystalline structure in response to a temperature value of the metallic thermal jacket.",
            "\t[0013]\tIn some examples, the absorbed heat by the first solid crystalline structure of PCM is transferred to the second solid crystalline structure through conduction.",
            "\t[0014]\tIn some examples, specification of the PCM can be customized to meet cooling requirements of the brake drum assembly.",
            "\t[0015]\tIn some examples, to enhance thermal conductivity and ensure optimal thermal contact between the brake drum component and the metallic thermal jacket, a thermally conductive adhesive is applied, facilitating increased heat absorption and conduction.",
            "\t[0016]\tIn some examples, the metallic thermal jacket is retained using a snap-fit mechanism, thermally conductive adhesive, and bolt tightening, to ensure secure attachment and preventing loosening under operational conditions, including heavy braking event.",
            "\t[0017]\tIn some examples, a configuration, a routing, and a diameter of the one or more hollow pockets are designed to be optimized in accordance with a geometry and specified cooling requirements of the brake drum component. In addition, positioning of the one or more hollow pockets is arranged so as not to interfere with operational functionality of the brake drum component.",
            "\t[0018]\tIn some examples, the metallic thermal jacket may radially expand during one or more braking events to accommodate thermal expansion.",
            "\t[0019]\tIn some examples, the one or more hollow pockets may protrude out of the metallic thermal jacket at an inclination angle or pocket angle. Further, in an example, the inclination angle or pocket angle and a spacing between the one or more hollow pockets may be adjusted in accordance with the wheel and brake drum component specification.",
            "\t[0020]\tIn some examples, the pocket angle of the one or more hollow pockets may function as a blade arranged to push out air surrounding the wheel towards one or more wheel vent holes. In addition, the wheel comprises a wheel cap arranged to assist the air to flow outwards of the wheel.",
            "\t[0021]\tAdvantageously, the cooling mechanism of the brake drum assembly effectively dissipates heat from the brake drum component into the atmosphere. This process allows enhanced brake cooling and therefore, resulting in optimal brake performance. Additionally, bearings, sealings, grease operate at a lower temperature extending their operational lifespan.",
            "\t[0022]\tOther advantages may be readily apparent to one having skill in the art. Certain examples may have some, or all of the recited advantages.",
            "BRIEF DESCRIPTION OF THE DRAWINGS",
            "[0023]\tThe foregoing will be apparent from the following more particular description of the examples, as illustrated in the accompanying drawings in which like reference characters refer to the same parts throughout the different views. The drawings are not necessarily to scale, emphasis instead being placed upon illustrating the examples.",
            "\t[0024]\tFIG. 1 discloses a cross-section view of a brake drum assembly comprising a cooling mechanism according to some examples of the present invention; and",
            "\t[0025]\tFIG. 2 discloses an isometric view of a metallic thermal jacket in the brake drum assembly according to some examples of the present invention.",
            "DETAILED DESCRIPTION",
            "\t[0026]\tAspects of the present disclosure will be described more fully hereinafter with reference to the accompanying drawings. The system disclosed herein can, however, be realized in many different forms and should not be construed as being limited to the aspects set forth herein. Like numbers in the drawings refer to like elements throughout.",
            "\t[0027]\tThe terminology used herein is for describing particular aspects of the disclosure only and is not intended to limit the invention. It should be emphasized that the term \u201ccomprises/comprising\u201d when used in this specification is taken to specify the presence of stated features, integers, steps, or components, but does not preclude the presence or addition of one or more other features, integers, steps, components, or groups thereof. As used herein, the singular forms \"a\", \"an\" and \"the\" are intended to include the plural forms as well, unless the context clearly indicates otherwise.",
            "\t[0028]\tFig. 1 discloses a cross-section view of a brake drum assembly 100. The brake drum assembly 100 assembly comprises a brake drum component 102 and a metallic thermal jacket 104 arranged to encase the brake drum component 102. Further, the brake drum assembly comprises one or more hollow pockets 106, 108 protruding out from an outer surface of the metallic thermal jacket 104. In addition, the one or more hollow pockets 106, 108 are filled with a phase changing material (PCM) arranged to conduct heat from a first end 110 of the one or more hollow pockets 106, 108 towards a second end 112 of the one or more hollow pockets 106, 108 to implement a cooling mechanism.",
            "\t[0029]\tIn some examples, the first end 110 of the one or more hollow pockets 106, 108 is at a high temperature value and the second end 112 of the one or more hollow pockets 106, 108 is at a low temperature value.",
            "\t[0030]\tIn some examples, the PCM is in a solid state and is capable of being transitioned from the solid state to a liquid state in response to a temperature value of the metallic thermal jacket 104, wherein the PCM in the solid state absorb heat and transitions to the liquid state.",
            "\t[0031]\tIn some examples, once the PCM transitions to the liquid state, the PCM flows inside the one or more hollow pockets 106, 108 under an effect of centrifugal force due to rotation of a wheel (shown) in the brake drum assembly 100. Further, the PCM in liquid state flows from the first end 110 of the one or more hollow pockets 106, 108 which is at the high temperature, towards the second end 112 of the one or more hollow pockets 106, 108 which is at the low temperature to dissipate the absorbed heat from the brake drum component 102 into atmosphere by convection. In addition, it is not necessary for the PCM to revert to its solid state, as the continuous flow and rotation of the wheel (not shown) will keep the PCM in motion, allowing for iterative heat rejection.",
            "\t[0032]\tIn some examples, the one or more hollow pockets 106, 108 protruding out from the outer surface of the metallic thermal jacket 104 are designed to enhance the turbulence within surrounding ambient air. This increased turbulence facilitates improved heat transfer and promotes outward flow of air, thereby aiding in an efficient expulsion of air from the wheel (not shown).",
            "\t[0033]\tIn some examples, the metallic thermal jacket 104 is constructed by one or more of aluminium, cast iron, or steel. Further, in an example, the metallic thermal jacket 104 constructed of aluminium has a superior heat transfer rate, thereby enhancing the efficiency of heat transfer from the brake drum component 102 into the atmosphere.",
            "\t[0034]\tIn some examples, the metallic thermal jacket 104 comprises a circular geometry to encase the brake drum component 102.",
            "\t[0035]\tIn another examples, the PCM is capable of being transitioned from a first solid crystalline structure to a second solid crystalline structure in response to a temperature value of the metallic thermal jacket 104.",
            "\t[0036]\tIn some examples, the absorbed heat by the first solid crystalline structure of PCM is transferred to the second solid crystalline structure through conduction.",
            "\t[0037]\tIn some examples, specification of the PCM can be customized to meet cooling requirements of the brake drum assembly.",
            "\t[0038]\tIn some examples, to enhance thermal conductivity and ensure optimal thermal contact between the brake drum component 102 and the metallic thermal jacket 104, a thermally conductive adhesive (not shown) is applied, facilitating increased heat absorption and conduction.",
            "\t[0039]\tFurther, Fig. 2 depicts an isometric view of the metallic thermal jacket 104 according to some examples of the present invention.",
            "\t[0040]\tIn some examples, the metallic thermal jacket 104 is retained using a snap-fit mechanism 114 (referring to Fig. 1), thermally conductive adhesive (not shown), and bolt tightening 116, to ensure secure attachment and preventing loosening under operational conditions, including heavy braking.",
            "\t[0041]\tIn some examples, a configuration, a routing, and a diameter of the one or more hollow pockets 106, 108 on the metallic thermal jacket 104 are designed to be optimized in accordance with a geometry and specified cooling requirements of the brake drum component 102. In addition, positioning of the one or more hollow pockets 106, 108 is arranged so as not to interfere with operational functionality of the brake drum component 102.",
            "\t[0042]\tIn some examples, the metallic thermal jacket 104 may radially expand during one or more braking events to accommodate thermal expansion.",
            "\t[0043]\tIn some examples, the one or more hollow pockets 106, 108 may protrude out of the metallic thermal jacket 104 at an inclination angle or pocket angle (not shown). Further, in an example, the inclination angle or pocket angle and a spacing between the one or more hollow pockets 106, 108 may be adjusted in accordance with the wheel (not shown) and brake drum component 102 specification.",
            "\t[0044]\tIn some examples, the inclination angle or pocket angle (not shown) of the one or more hollow pockets 106, 108 may function as a blade arranged to push out air surrounding the wheel (not shown) towards one or more wheel vent holes (not shown). In addition, the wheel (not shown) comprises a wheel cap (not shown) arranged to assist the air to flow outwards of the wheel (not shown).",
            "\t[0045]\tAdvantageously, the cooling mechanism of the brake drum assembly 100 effectively dissipates heat from the brake drum component 102 into the atmosphere. This process allows enhanced brake cooling and therefore, resulting in optimal brake performance. Additionally, bearings, sealings, grease operate at a lower temperature extending their operational lifespan.",
            "\t[0046]\tIt is to be understood that the present disclosure is not limited to the aspects described above and illustrated in the drawings; rather, the skilled person will recognize that many changes and modifications may be made within the scope of the present disclosure and appended claims. In the drawings and specification, there have been disclosed aspects for purposes of illustration only and not for purposes of limitation, the scope of the disclosure being set forth in the following claims. , Claims:1.\tA brake drum assembly (100) for a vehicle, comprising:",
            "\ta brake drum component (102);",
            "\ta metallic thermal jacket (104) arranged to encase the brake drum component (102); and",
            "\tone or more hollow pockets (106, 108) protruding out from an outer surface of the metallic thermal jacket (104);",
            "\twherein the one or more hollow pockets (106, 108) are filled with a phase changing material (PCM) arranged to conduct heat from a first end (110) of the one or more hollow pockets (106, 108) towards a second end (112) of the one or more hollow pockets (106, 108) to implement a cooling mechanism.",
            "\t2.\tThe brake drum assembly (100) as claimed in claim 1, wherein the PCM is in a solid state and is capable of being transitioned from the solid state to a liquid state in response to a temperature value of the metallic thermal jacket (104), wherein the PCM in the solid state absorb heat and transitions to the liquid state.",
            "\t3.\tThe brake drum assembly (100) as claimed in claim 1, wherein the PCM is capable of being transitioned from a first solid crystalline structure to a second solid crystalline structure in response to a temperature value of the metallic thermal jacket (104).",
            "\t4.\tThe brake drum assembly (100) as claimed in claim 1, wherein the first end (110) of the one or more hollow pockets (106, 108) comprises a high temperature value and the second end (112) of the one or more hollow pockets (106, 108) comprises a low temperature value."
        ],
        "Inventors": [
            {
                "Name": "Naveen Shankar",
                "Address": "Ashirwad Nilaya, Sir MV Extn, Doddagattiganbbe Road, Sir MV Extn, Hoskote, Bangalore - 562114, Karnataka, India",
                "Country": "India",
                "Nationality": "India"
            },
            {
                "Name": "Alokekumar Das",
                "Address": "C/1 Kumkum Duplex, Behind Arunachal Soc, Subhanpura, Vadodara - 390023, Gujarat, India",
                "Country": "India",
                "Nationality": "India"
            }
        ],
        "Applicants": [
            {
                "Name": "VOLVO TRUCK CORPORATION",
                "Address": "405 08 G\u00f6teborg, Sweden",
                "Country": "Sweden",
                "Nationality": "Sweden"
            }
        ]
    }
}