{
    "202441068448": {
        "Invention Title": "A compact wideband corrugated horn antenna to illuminate a shaped reflector for satellite applications in C- Band",
        "Publication Number": "38/2024",
        "Publication Date": "20/09/2024",
        "Publication Type": "INA",
        "Application Number": "202441068448",
        "Application Filing Date": "11/09/2024",
        "Priority Number": "",
        "Priority Country": "",
        "Priority Date": "",
        "Field Of Invention": "MECHANICAL  ENGINEERING",
        "Classification (IPC)": "E21B0043160000, H04M0003510000, C12M0001420000, A01N0001020000, F16B0035060000",
        "Abstract": "The Broadband presentation in satellite communication systems has become a continuously interesting and important challenge. The main advancement in modern satellite communications is the ability to utilize a wider frequency band. The feed option for antennas is corrugated horns. The primary characteristic of corrugated horn antennas is their broad frequency range of operation and absence of resonant components. The development of a wideband horn antenna in dual band to accomplish large illumination, spillover efficiencies, maximum cross polar discrimination, lower side lobes has been carried out. An envisaged model allows for a corrugated horn with a common aperture. The horn of suitable specifications with rotationally symmetric radiation pattern and wide beam width in main planes (E&H) for the transmission of hybrid modes in C-band. The corrugated horn covers both transmit and receive bands of 6 GHz and 4 GHz in C-band.",
        "Description": [
            "Description:DESCRIPTION:",
            "Field of the Invention: Present invention related to the field of satellite communications in earth station antennas, remote sensing applications.",
            "\tBackground of Invention:",
            "\tBroader frequency band utilization is the primary innovation in contemporary satellite communications. As the main radiators of microwave reflector antennas, horn antennas are among of the most noticeable and recognizable.",
            "\tPrior art patents relating to horn antennas include Indian patent 20231105787 entitled \u201cA system and method for gain enhancement in pyramidal horn antenna using band pass gain boosting surface (GBS)\u201d. The designed horn antenna has an overall dimension of 62x45x65.5 mm. It provides E-plane and H-plane patterns at X-band frequency.  The pyramidal horn provides enhanced gain about 134%. The horn antenna without GBS has achieved a measured gain of 10.5 dBi, The horn antenna with the single layer slotted GBS provides the enhanced gain about 14. 2 dBi. This design not provides high aperture efficiency.",
            "\tIndian patent No. 202041056215 discloses a compact multiband coaxial horn for deep dish prime focus reflector antenna having low ratio of focal distance to diameter (f/D\u22480.3) that functions across several radio frequency bands. An outer RF feed horn that functions at two lower, widely separated frequency bands and an inner RF feed horn that operates at the highest frequency band make up the coaxial multiband horn.  The outer RF feed horn is excited by four probes in quadrature phase to achieve circular polarization. The probes have a metallic cap and are sandwiched between four rectangular posts. The inner feed horn is excited by two probes in quadrature phase to achieve circular polarization. Both feed horns illuminate the reflector through a common aperture and are backed by a metallic wall. This invention is implemented to provide a compact antenna feed systems that can operate at multiple frequency bands. The illumination pattern of the three RF signals on reflector antenna is substantially the same and radiation intensity at the rim of reflector is between 8dB to 15dB lower the intensity at the center of reflector and it provide a multiple RF bands at a common phase center, circular polarization where highest band is operated from an inner RF feed horn and two lower bands are operated from an outer RF feed.",
            "\tThe Method of producing a horn antenna array is disclosed in Indian patent 201814023537. In this design, first and second dies are needed; they are then assembled; an internal space between the first and second dies is filled with a fluid material, which is then solidified; and finally, the material is separated from the first and second die after it has solidified. This is one method of creating a horn antenna array. The first die features two protrusions and a groove between the two protrusions, while the second die has a protrusion in the section that corresponds to each horn antenna element. When the first and second dies are assembled, there is a space between the bottom face of each groove and the tip end of each protrusion of the second die.",
            "\tPrior art patents relating to corrugated horn antennas include Japanese patent JP59185409A2 entitled \u201cCorrugated Horn of Opening Surface Antenna' by Miyata Yoshi hide et al., and European patent EP060922A1 entitled \u201cWide band Corrugated Horn' invented by Morz. Neither of these prior art designs achieves high aperture efficiency. They typically provide HE11 mode (as is evident from field Strength versus conventional corrugated horn\u2019s radius plot). The aperture efficiency of these structure is around 70%.",
            "\tIn archipelago nations like Indonesia, the advancement in communications technologies poses a problem in effective wireless systems. In comparison to C-Band VSAT, which has a bigger capacity and a smaller receiver power, Ku frequency Band of VSAT is a smaller and more reasonably priced technologies. Due to its vulnerability to weather changes, particularly weak signals as well rain at border areas, Ku-Band VSAT has a drawback. As a result, this research requires a larger antenna gain. In order to attain a larger gain, it suggest using a antenna for VSAT applications, along with an internal wire medium that functions like paraboloid feed for Ku frequency bands.",
            "\tA corrugated horn antenna is one kind of horn antenna that can create a rotationally symmetric illumination pattern with substantially similar beamwidths in the E and H planes. Circumferential Slots, or corrugations, typically appear along the inside walls of an antenna for a corrugated horn. When compared to a smooth wall, the depth of the corrugations typically equals /4 of a wavelength at the operating frequency, which significantly raises the surface impedance of the wall. The corrugated horn antenna's symmetrical radiation pattern or low cross-polarization, which results in approximately equal magnetic and electric field planes, is caused by the higher surface impedance. Corrugated horn antennas offer wider bandwidth operation and are commonly used as direct radiators or feeds for reflector antennas, but single antennas may not be suitable for multi-band ring focus reflector systems. Controlling the horn's length and/or customizing its shape are usual methods for controlling a corrugated horn's radiation pattern. When space constraints limit the horn's length, profile shaping is essential to achieving the intended radiation pattern.",
            "\tA corrugated horn's profile can be optimized by combining one or more conventional profiles into a hybrid profile, or by utilizing the data that is currently available regarding the impact of conventional profiles. Selectively adjusting each corrugation's profile and/or slot depth can help corrugated horn antennas be further optimized. Even with the availability of such techniques, optimizing a single corrugated horn antenna to generate an appropriate illumination pattern at widely separated frequencies of interest is not always achievable. Coaxial horns can be used to provide a common feed for widely separated frequencies of interest, as reported in U.S. Pat. No. 5907309 to Anderson et al. and U.S. Pat. No. 6323819 to Ergene. However, they do not offer the same advantages as corrugated horn antennas.",
            "\tTherefore, the most popular feed option for antennas is corrugated horns. Since they don't have any resonant parts, corrugated horn antennas are primarily capable of operating throughout a broad frequency range. In order to provide high illumination, maximum cross-polarization discrimination, minimum side lobes, maximum spillover efficiency, and optimal gain, a wideband horn antenna in dual band for use in Satellite communication Systems is developed, in this present invention.",
            "\tObjectives of Invention:",
            "\t\u2022\tDevelopment of a compact wide band feed to illuminate a shaped reflector antenna",
            "\t\u2022\tHigh cross polarization discrimination for frequency re use applications",
            "\t\u2022\tRotationally symmetric primary feed pattern",
            "\t\u2022\tLow spill over and uniform illumination efficient dual reflector system employing the hybrid mode feed.",
            "Summary of the Invention:",
            "\tA compact wideband corrugated horn operating in the frequency band of 3.4 to 4.8 GHz and 5.85 to 7.025 GHz has been developed for reception and transmission of satellite earth stations. The novelty is compactness with enhanced performance of edge taper at the shaped sub reflector edge to improve the overall efficiency of the dual reflector system. At the same time the cross-polarization discrimination is maximized to enable the antenna system to work with collocated satellites operating in dual orthogonal polarizations. Typically return loss in excess of 25 dB and 29 dB at receive band (3.4 to 4.8 GHz) and transmit band (5.857 to 7.025 GHz) respectively, cross polarization discrimination of more than 35 dB and edge taper of 18 dB are achieved in arriving at optimum gain of the antenna system.",
            "\tAlso, the designed corrugated horn antenna provides a rotationally symmetric radiation pattern contributing to increased illumination and spill over efficiencies in arriving at high efficiency of the antenna system.",
            "Brief description of the Invention:",
            "The detailed description and accompanying drawing figures provide a clear understanding of the features and advantages of the present invention.",
            "\tFIG. 1 shows the geometry of Corrugated horn in design view, 3-D View and Prototype of horn antenna",
            "\tFIG. 2 illustrates the Corrugated horn antenna performance parameter, i.e. return loss across the frequency band (a) 3.4 to 4.8 GHz and ( b) 5.85 to 7.025 GHz",
            "\tFIG. 3 indicates the normalized radiation pattern and cross-polarization discrimination at 3.4 GHz, 4.8 GHz and 5.85 GHz of corrugated antenna",
            "Detailed description:",
            "\tIntroduction:",
            "\tIn recent years, the broadband exhibition of satellite correspondence frameworks has become an intriguing issue of consistent significance. The primary development in current satellite communications is the capacity to exploit a more extensive recurrence band with as barely any reception apparatuses as conceivable in a similar framework so correspondence clients can acquire multipath activity through the framework.",
            "\tThe horn antennas are among the most prominent and widely seen in microwave reflector antennas as the primary radiators. Horn feeds with rectangular, square and circular apertures are categorized like various horn structures, conical and pyramidal structures. These endure from pattern imbalance with disparate beam widths, resulting in reduced antenna gain when used like main radiating element. The antenna develop rotational uniform patterns, enhancing CPD, relative to planar structure feeds. Grooves is included to the planar horn for improve the pattern highlights. In accordance with TE11 mode of a circular waveguide, the TM11 mode is developed explicitly to adapt the wave dissemination of the TE11 mode both H-plane and E plane.",
            "\tThis has been owing to the special interest in attaining symmetric distributions of radiation to give low side lobes with high efficiency. From that point, horn antenna become favored feed reception apparatus alternative satellite applications. It is because of their enhanced effectiveness in generation and particularly their expanded evenness of co polar examples and lower CPD. Actually, as far as TM and TE modes, it characterize the corrugated horn. A corrugation wavelength is efficiently decreased from \u03bb/2 to \u03bb/4.",
            "\tIn this study, a compact antenna is enacted to defeat the larger size limitations and to serve in the dual band, i.e. 3.-4.8 GHz and 5.85-7.025 GHz frequency range. The optimized results ensure the consistency of the implemented corrugated horn antenna that has the benefit of narrower aperture, minimal reflection, consistency of patterns.",
            "\tPrinciple of Operation and Analysis:",
            "\tThe fundamental concept of a corrugated horn will be interpreted when reflecting about how the corrugated structure governs the utilization of the field within a ridged waveguide. As appeared, ridges adjust the region that movement through the folded horn waveguide to make attractive emanating attributes of a balance of axial shaft, low CPD,  better reflection coefficient. The profile of  waveguide, here w is the width of slot, d is the depth, d is pitch. A linear electric field employs pure TE or TM modes to acquire low polar cross-level.",
            "\tAn intended corrugated horn comprises input taper, mode converter and output flare. The radius of input taper should be configured in such a way that the wavelength of the lowest frequency will be less than the cutoff wavelength to carry into the TE11 mode. In general, the taper's input radius ai is ascertained by using the analysis as 25 mm to minimize the return loss. The transforming section is the most significant portion of a horn, which changes over the TE11 method of the contribution to the HE11 mode. Here, a broadband radio wire is acknowledged by utilizing direct profile with a pitch. The mode converter wall configuration and all of its specifications are analyzed. The solution of the parallel radial wave equation for each radiation that is propagated in free space is decomposed as Gaussian modes.",
            "\tAnalysis of Horn Antenna:",
            "\tThe model of Corrugated horn is studied, it consists of input waveguide, parallel slot, corrugated shape, mode launcher, pitch of the slot, common aperture, width to pitch ratio,  teeth width and depth of slot. Here inside wall is consisting sequence of teeth and slots. The function of horn is to acquire the medium inside the horn of hybrid mode to sustain dissemination.",
            "\tCorrugated horns of this kind are frequently used as feed for Cassegrain reflector antennas. A thin copular radiation pattern is produced by the large aperture diameter. There is a long horn due to the narrow flare angle. Generally, the semi- flare angle is smaller than 14 degrees and the aperture diameter is larger than 4\u03bb. It is possible to treat horn like open ended waveguide because of its narrow flare angle. The following is the design process:",
            "\ti) Select the aperture diameter so that the reflector's edge taper is satisfied.",
            "\tii) Selecting the corrugations' geometry establishes the frequency at which the lowest degree of cross-polarization happens. The slot depth in horns with D/\u03bb > 6 can typically be 0.25\u03bb, ratio of width of ridge to width of slot should be between 0.45 and 1",
            "\tiii) Select the horn's flare angle. If a linear tapper is employed, the aperture's size will already impose a constraint, hence dictating the flare angle. If a limited bandwidth is needed, go for a semi-flaring angle to cut down on manufacturing costs and length.",
            "\tiv) Construct the horn's throat part and connection.",
            "\tThe horn will develop predictable electrical aperture fields to establish E and H-plane as symmetrical structures with quite optimal cross polarization. The composite form only can obtain the electric fields that are required. On a basic level, half and half mode is a blend of TM, TE modes. The objective of the corrugated overlay is to obtain asserts to stimulate the dissemination of composite forms within the horn. These composite modes can be obtained by the horn with an internal corrugated layer. In reality, corrugations along the horn surfaces affect the magnetic and electric fields in such a way that the horn delivers symmetrical co polarization lines with small cross polarized radiation.",
            "\tThe designed antenna has linear type corrugations profile with 25 mm input radius and 117 mm output radius.  The width to pitch ratio is 0.8 mm and number of slots is 118. The corrugated horn has mode launcher as variable depth slots and it has 3 slots. The overall length of corrugated horn is 400 mm as illustrated in FIG. 1. In addition, to disseminate as a separate entity with a predominant disseminating intensity, the waveguide should have diffraction base reaction. FIG. 1, demonstrates the interfacing antenna to a circular, plane wall input waveguide. The fundamental method of this guide is the TEll mode, transition from the smooth wall input waveguide, ridged horn antenna structure allows a purported mode launcher. The 3D view of the horn is exhibited in FIG. 1. This model is implemented using CHAMP software.",
            "\tThe optimization and simulation of corrugated horn is carried out by using CHAMP soft-ware. The return loss of feed to both frequency bands are demonstrated in FIG. 2. It very well may be seen from FIG. 2, the suggested model having reflection coefficient of -24 dB in the range of 3.4 to 4.8 GHz and  reflection coefficient of  -30 dB in the range of 5.85 to 7.025 GHz.",
            "\tThe intended feed peak gain are studied. The implemented feed gain over the whole frequency range is greater than 21 dBi. In fact, peak gain across the both the frequency band is almost constant.",
            "\tCross-polarization discrimination has the power to maintain radiated or acquired stability of polarization between vertically and horizontally polarized signals. FIG. 3 reveals there is an incredible alignment among the E-plane and the H-plane of the antenna's far-field patterns under half beam angles of -30  to 30 degrees and the cross polarization is better than -35 dB across the range. The developed antenna provides symmetric radiation pattern with edge taper of more than 20 dB. The developed corrugated horn antenna achieved illumination and spill over efficiencies of more than 95 percent.",
            "\tThus, a compact horn antenna operating from 3.4 to 4.8 GHz and 5.85-7.025 GHz is analyzed and developed. The configured feed provides better return loss, symmetrical pattern of radiation on both E- and H- planes and optimal gain. An intended prototype exhibits high cross polar discrimination. The cross polar discrimination is excess of 35 dB. The developed corrugated horn antenna provides the symmetric radiation pattern with edge taper of more than 20 dB.The significant advantage of developed feed is that it is structurally simpler also minimal in size. The design encompasses satellite applications. , Claims:We Claim:",
            "\t1)\tA compact wide band corrugated horn operating from 3.4 to 4.8 GHz and 5.85 to 7.025 GHz for receive and transmit applications",
            "\t2)\tCross polar discrimination is excess of 35 dB",
            "\t3)\tSymmetric radiation pattern with edge taper of more than 20 dB",
            "\t4)\tIllumination and spill over efficiencies of more than 90 and 95 percent."
        ],
        "Inventors": [
            {
                "Name": "CH V R S Gopala Krishna",
                "Address": "CVR COLLEGE OF ENGINEERING, Vastunagar, Mangalpalli (V), Ibrahimpatnam (M), Rangareddy (Dist), Telangana 501510, India.",
                "Country": "India",
                "Nationality": "India"
            },
            {
                "Name": "Dr L Nageswara Rao",
                "Address": "CVR COLLEGE OF ENGINEERING, Vastunagar, Mangalpalli (V), Ibrahimpatnam (M), Rangareddy (Dist), Telangana 501510, India.",
                "Country": "India",
                "Nationality": "India"
            },
            {
                "Name": "Dr K Yedukondalu",
                "Address": "CVR COLLEGE OF ENGINEERING, Vastunagar, Mangalpalli (V), Ibrahimpatnam (M), Rangareddy (Dist), Telangana 501510, India.",
                "Country": "India",
                "Nationality": "India"
            }
        ],
        "Applicants": [
            {
                "Name": "CVR COLLEGE OF ENGINEERING",
                "Address": "CVR COLLEGE OF ENGINEERING, Vastunagar, Mangalpalli (V), Ibrahimpatnam (M), Rangareddy (Dist), Telangana 501510, India.",
                "Country": "India",
                "Nationality": "India"
            }
        ]
    }
}