{
    "202441067724": {
        "Invention Title": "MONTMORILLONITE-ALGINATE/CHITOSAN MATRIX ENCAPSULATED FINERENONE: AN IN SILICO APPROACH TO SUSTAINED RELEASE CAPSULE FORMULATION",
        "Publication Number": "37/2024",
        "Publication Date": "13/09/2024",
        "Publication Type": "INA",
        "Application Number": "202441067724",
        "Application Filing Date": "06/09/2024",
        "Priority Number": "",
        "Priority Country": "",
        "Priority Date": "",
        "Field Of Invention": "CHEMICAL",
        "Classification (IPC)": "A61K0009000000, A61P0035000000, A61P0043000000, A61P0009000000, A61K0009200000",
        "Abstract": "Abstract \r\nThis invention relates to an oral pharmaceutical composition designed for the sustained release of Finerenone, a therapeutic agent used in treating chronic kidney disease (CKD) and heart failure. The composition features Finerenone encapsulated within a Montmorillonite-Alginate/Chitosan matrix. Montmorillonite serves as the primary drug carrier, stabilizing Finerenone and facilitating controlled release. The Alginate and Chitosan components form a biocompatible and biodegradable gel that further regulates drug release, ensuring consistent therapeutic levels over an extended period. The formulation is optimized using in silico modeling techniques, which simulate drug-matrix interactions and predict release kinetics to enhance therapeutic efficacy. This sustained release system improves patient compliance by reducing dosing frequency and minimizing side effects. The invention represents a significant advancement in drug delivery technology, particularly for managing chronic conditions where stable drug levels are crucial for effective treatment.",
        "Description": [
            "Description:Montmorillonite-Alginate/Chitosan Matrix Encapsulated Finerenone: An In Silico Approach to Sustained Release Capsule Formulation",
            "Field of the Invention:",
            "\tThe present invention relates to the field of pharmaceutical formulations, specifically to a novel sustained release formulation of Finerenone encapsulated within a Montmorillonite-Alginate/Chitosan matrix. The invention utilizes an in silico approach to optimize the encapsulation process, release kinetics, and overall drug delivery performance.",
            "Background of the Invention:",
            "\tThe development of effective and patient-friendly drug delivery systems has been a focal point in pharmaceutical research. Among the many challenges faced by drug formulations, maintaining consistent therapeutic levels over extended periods while minimizing side effects is of utmost importance. Finerenone, a non-steroidal mineralocorticoid receptor antagonist, has gained attention for its efficacy in treating chronic kidney disease (CKD) and heart failure. However, the conventional oral formulations of Finerenone are associated with rapid drug release, which can lead to fluctuations in plasma concentration, requiring frequent dosing to maintain therapeutic levels. This can compromise patient adherence and increase the risk of adverse effects.",
            "\tSustained release formulations offer a solution by providing a controlled release of the drug over an extended period, thereby maintaining a steady therapeutic level, reducing dosing frequency, and enhancing patient compliance. However, achieving an effective sustained release formulation involves overcoming several challenges, such as ensuring drug stability, optimizing the release profile, and maintaining bioavailability.",
            "\tMontmorillonite, a clay mineral, has been explored for its potential in drug delivery systems due to its high surface area, cation exchange capacity, and biocompatibility. These properties make it an excellent candidate for drug encapsulation, as it can enhance the stability of the encapsulated drug and provide a controlled release mechanism. Additionally, Montmorillonite's ability to interact with various organic molecules, including drugs, further supports its use in pharmaceutical applications.",
            "\tAlginate and chitosan are natural polymers widely recognized for their biocompatibility, biodegradability, and ability to form hydrogels. Alginate, a polysaccharide derived from brown seaweed, is known for its gel-forming ability in the presence of divalent cations like calcium, making it an ideal material for encapsulation and controlled release applications. Chitosan, derived from chitin, is a cationic polymer that enhances the mucoadhesive properties of the formulation, thereby improving the drug's bioavailability. The combination of alginate and chitosan has been extensively studied for developing drug delivery systems, with the advantage of forming a polyelectrolyte complex that can further control the release rate of the encapsulated drug.",
            "\tThe advent of in silico modeling techniques has revolutionized the design and optimization of drug delivery systems. These computational approaches allow for the prediction of drug release profiles, encapsulation efficiency, and interactions between the drug and the delivery matrix, thereby reducing the need for extensive experimental trials. By simulating various parameters, such as matrix composition, drug diffusion, and polymer degradation, in silico models can optimize the formulation for desired therapeutic outcomes.",
            "\tIn light of these advancements, the present invention seeks to address the challenges associated with Finerenone's conventional formulations by developing a sustained release system utilizing a Montmorillonite-Alginate/Chitosan matrix. The innovative aspect of this invention lies in the integration of insilico modeling techniques to optimize the encapsulation process and drug release kinetics, resulting in a formulation that offers improved stability, bioavailability, and therapeutic efficacy. This approach not only enhances the drug's performance but also contributes to the development of more patient-friendly dosage forms, ultimately improving treatment outcomes for patients with CKD and heart failure.",
            "Summary of the Invention:",
            "\tThe present invention provides a novel sustained release formulation of Finerenone encapsulated within a Montmorillonite-Alginate/Chitosan matrix, optimized through in silico modeling techniques. This formulation is designed to address the limitations of conventional Finerenone delivery systems, such as rapid drug release and the need for frequent dosing.",
            "\tKey features of the invention include:",
            "\t1.\tMontmorillonite as a Drug Carrier: Montmorillonite, a clay mineral with high surface area and cation exchange capacity, is used as the primary drug carrier. Its ability to interact with Finerenone enhances drug stability and provides a controlled release mechanism.",
            "\t2.\tAlginate/Chitosan Matrix: The formulation incorporates a dual-polymer matrix composed of alginate and chitosan. Alginate's gel-forming properties, combined with chitosan's mucoadhesive characteristics, create a robust encapsulation system that further controls the drug release profile.",
            "\t3.\tIn Silico Optimization: The encapsulation process and release kinetics are optimized using in silico modeling techniques. These computational methods allow for precise control over key parameters, such as matrix composition, drug diffusion rates, and polymer degradation, ensuring a consistent and sustained release of Finerenone.",
            "\t4.\tEnhanced Therapeutic Efficacy: By maintaining steady therapeutic levels of Finerenone over an extended period, the formulation reduces the need for frequent dosing, minimizes side effects, and improves patient compliance. This sustained release system is particularly beneficial for patients with chronic kidney disease (CKD) and heart failure, where maintaining stable drug levels is critical.",
            "\tOverall, this invention represents a significant advancement in Finerenone drug delivery, offering a more effective and patient-friendly treatment option. The integration of Montmorillonite, Alginate/Chitosan matrix, and in silico modeling results in a formulation with improved bioavailability, stability, and therapeutic outcomes.",
            "Detailed Description of the Invention:",
            "\tThis invention introduces a sophisticated drug delivery system designed to provide a sustained release of Finerenone, a mineralocorticoid receptor antagonist, through encapsulation in a Montmorillonite-Alginate/Chitosan matrix. The innovation lies in the combination of advanced materials with in silico modeling techniques, creating a formulation that enhances the drug's bioavailability, stability, and therapeutic efficacy while reducing the dosing frequency and potential side effects.",
            "\tFinerenone is a critical medication for patients suffering from chronic kidney disease (CKD) and heart failure. However, its conventional formulations often lead to rapid drug release, causing fluctuations in plasma concentrations that necessitate frequent dosing. This challenge is addressed by the invention through the development of a sustained release formulation that maintains consistent therapeutic levels over an extended period, thereby improving patient compliance and treatment outcomes.",
            "\tThe core of this formulation is Montmorillonite, a clay mineral known for its high surface area, cation exchange capacity, and biocompatibility. Montmorillonite is widely recognized for its ability to adsorb organic molecules, making it an excellent candidate for drug delivery applications. In this invention, Montmorillonite is utilized as the primary drug carrier due to its capacity to stabilize Finerenone and provide a controlled release mechanism. The Montmorillonite is first purified and dispersed in deionized water to create a stable suspension, which serves as the foundation for drug encapsulation.",
            "\tThe encapsulation matrix is composed of alginate and chitosan, two biocompatible and biodegradable polymers with complementary properties. Alginate, derived from brown seaweed, is known for its gel-forming ability when exposed to divalent cations such as calcium. This property is exploited to form a stable encapsulation matrix around the drug-loaded Montmorillonite. Chitosan, a cationic biopolymer derived from chitin, is incorporated to enhance the matrix's mucoadhesive properties, improving the formulation's interaction with biological tissues and prolonging the residence time of the drug at the site of action.",
            "\tTo encapsulate Finerenone within the Montmorillonite-Alginate/Chitosan matrix, the drug is first dissolved in a suitable solvent and then added to the Montmorillonite suspension. The resulting mixture is then combined with the Alginate/Chitosan solution under controlled conditions, allowing the polymers to interact and form a cohesive matrix. The encapsulation process is completed by crosslinking the alginate in the presence of calcium chloride, which stabilizes the structure and prevents premature drug release.",
            "\tA key innovation of this invention is the use of in silico modeling techniques to optimize the encapsulation process and drug release kinetics. In silico methods allow for the simulation of various formulation parameters, including matrix composition, drug diffusion rates, and polymer degradation. These simulations provide valuable insights into the drug-matrix interactions and help predict the release profile of Finerenone from the encapsulated matrix. By adjusting these parameters based on the modeling results, the formulation is fine-tuned to achieve the desired sustained release profile, ensuring consistent drug delivery over the intended time frame.",
            "\tOnce the formulation is developed, it undergoes a series of characterization studies to assess its physical and chemical properties. Techniques such as scanning electron microscopy (SEM) are used to visualize the encapsulated matrix's structure, while Fourier-transform infrared spectroscopy (FTIR) and differential scanning calorimetry (DSC) are employed to confirm the encapsulation of Finerenone and to evaluate the stability of the formulation. In vitro drug release studies are conducted to validate the sustained release profile predicted by the in silico models, providing a comprehensive understanding of the formulation's performance.",
            "\tIn conclusion, this invention offers a novel approach to delivering Finerenone in a sustained release manner by encapsulating it within a Montmorillonite-Alginate/Chitosan matrix. The use of insilico modeling to optimize the formulation represents a significant advancement in drug delivery technology, enabling the precise control of drug release kinetics and improving therapeutic outcomes. This sustained release system is particularly beneficial for patients with chronic conditions such as chronic kidney disease (CKD) and heart failure, where maintaining stable drug levels is essential for effective treatment.",
            "\tThe working of this invention revolves around the encapsulation and sustained release of Finerenone, a therapeutic agent used to treat CKD and heart failure. The formulation operates by encapsulating Finerenone within a Montmorillonite-Alginate/Chitosan matrix, which is engineered to control the drug's release over an extended period. This controlled release mechanism is critical to maintaining consistent therapeutic levels of Finerenone in the patient's bloodstream, thereby improving the efficacy of the treatment and reducing the frequency of dosing.",
            "\tWhen the formulation is administered, typically orally, it begins to interact with the physiological environment of the gastrointestinal (GI) tract. The Montmorillonite component of the matrix plays a crucial role in the initial phase of the drug release process. Montmorillonite's large surface area and high cation exchange capacity allow it to adsorb and hold Finerenone molecules within its layered structure. As the formulation passes through the GI tract, the hydrated environment causes gradual swelling of the matrix, starting with the alginate and chitosan components.",
            "\tAlginate, a natural polysaccharide, is known for its ability to form gels in the presence of divalent cations such as calcium, which are abundant in the GI tract. As the matrix swells, the calcium ions present in the GI fluids further crosslink the alginate chains, reinforcing the gel structure and controlling the release of Finerenone. This swelling action also helps to open up the Montmorillonite layers, gradually releasing the adsorbed Finerenone molecules into the surrounding environment.",
            "\tChitosan, a biocompatible and biodegradable polymer, complements the alginate by providing additional structural integrity to the matrix and enhancing its mucoadhesive properties. This mucoadhesion allows the formulation to adhere to the mucosal lining of the GI tract, thereby prolonging its residence time. The extended contact with the mucosa facilitates a more sustained and controlled release of Finerenone, as the drug diffuses out of the matrix at a regulated rate.",
            "\tThe release of Finerenone from the Montmorillonite-Alginate/Chitosan matrix is further governed by the diffusion characteristics of the drug through the gel-like structure. As the matrix continues to swell and partially erode, the diffusion of Finerenone is carefully modulated to ensure that the drug is released slowly and steadily over time. This gradual release helps maintain a consistent plasma concentration of Finerenone, avoiding the peaks and troughs associated with immediate-release formulations.",
            "\tThe in silico modeling techniques employed during the development of this formulation ensure that the release kinetics are optimized for the desired therapeutic outcome. By simulating various physiological conditions and matrix parameters, the in silico models help predict the behavior of the formulation within the body, allowing for precise adjustments to the matrix composition and structure. This modeling ensures that the drug release is neither too rapid, which could lead to dose dumping, nor too slow, which could result in sub therapeutic levels.",
            "\tOverall, the working of this invention provides a sophisticated and reliable method for the sustained release of Finerenone. The Montmorillonite-Alginate/Chitosan matrix, optimized through in silico techniques, effectively manages the release of the drug, ensuring prolonged therapeutic action and improved patient outcomes, especially in the management of chronic conditions such as CKD and heart failure.",
            "\t, Claims:Claim:",
            "\t1.\tAn oral pharmaceutical composition for sustained release of Finerenone, comprising:",
            "\t?\tFinerenone encapsulated within a Montmorillonite-Alginate/Chitosan matrix, wherein the Montmorillonite acts as a primary drug carrier providing stabilization and controlled release of Finerenone, and the Alginate/Chitosan matrix forms a biocompatible, biodegradable gel that further controls the release of Finerenone over an extended period; and",
            "\t?\twherein the composition is optimized using in silico modeling techniques to regulate the drug release kinetics and ensure consistent therapeutic levels of Finerenone in the patient's bloodstream over an extended duration.",
            "\t2.\tThe composition of claim 1, wherein the Montmorillonite is purified and dispersed in deionized water before encapsulation to enhance the stability and release profile of Finerenone.",
            "\t3.\tThe composition of claim 1, wherein the Alginate is crosslinked with calcium ions in the gastrointestinal tract to form a gel that controls the release of Finerenone.",
            "\t4.\tThe composition of claim 1, wherein the Chitosan enhances the mucoadhesive properties of the matrix, increasing the residence time of the composition in the gastrointestinal tract.",
            "\t5.\tThe composition of claim 1, wherein the in silico modeling techniques simulate the drug-matrix interactions and predict the release profile of Finerenone to optimize the composition's therapeutic efficacy.",
            "\t6.\tThe composition of claim 1, wherein the ratio of Montmorillonite to Alginate/Chitosan is adjusted to achieve a specific release rate of Finerenone over a period of  12 to 24 hours.",
            "\t7.\tThe composition of claim 1, wherein the matrix composition is tailored to resist premature degradation in acidic conditions of the stomach, thereby ensuring a controlled release of Finerenone in the intestines.",
            "\t8.\tThe composition of claim 1, wherein the Montmorillonite-Alginate/Chitosan matrix is designed to gradually erode in the gastrointestinal tract, providing a continuous release of Finerenone as the matrix degrades."
        ],
        "Inventors": [
            {
                "Name": "Mr. Ashwin P M",
                "Address": "M.Pharm.,\r\nDepartment of Pharmaceutics,\r\nKMCH College of Pharmacy,\r\nCoimbatore \u2013 641048",
                "Country": "India",
                "Nationality": "India"
            },
            {
                "Name": "Dr. K. Suresh Kumar",
                "Address": "M. Pharm, Ph.D., \r\nVice Principal & HOD\r\nDepartment of Pharmaceutical Chemistry,\r\nKMCH College of Pharmacy,\r\nCoimbatore \u2013 641048",
                "Country": "India",
                "Nationality": "India"
            },
            {
                "Name": "Dr. C Sankar",
                "Address": "M. Pharm, Ph.D.,\r\nProfessor & HOD\r\nDepartment of Pharmaceutics,\r\nKMCH College of Pharmacy,\r\nCoimbatore \u2013 641048",
                "Country": "India",
                "Nationality": "India"
            },
            {
                "Name": "Dr. R Gayathri",
                "Address": "M. Pharm, Ph.D.,\r\nProfessor \r\nDepartment of Pharmaceutics,\r\nKMCH College of Pharmacy,\r\nCoimbatore \u2013 641048",
                "Country": "India",
                "Nationality": "India"
            },
            {
                "Name": "Ms. Kanisma R M",
                "Address": "M.Pharm.,\r\nDepartment of Pharmaceutics,\r\nKMCH College of Pharmacy,\r\nCoimbatore \u2013 641048",
                "Country": "India",
                "Nationality": "India"
            }
        ],
        "Applicants": [
            {
                "Name": "Mr. Ashwin P M",
                "Address": "M.Pharm.,\r\nDepartment of Pharmaceutics,\r\nKMCH College of Pharmacy,\r\nCoimbatore \u2013 641048",
                "Country": "India",
                "Nationality": "India"
            },
            {
                "Name": "Dr. K. Suresh Kumar",
                "Address": "M. Pharm, Ph.D., \nVice Principal & HOD\nDepartment of Pharmaceutical Chemistry,\nKMCH College of Pharmacy,\nCoimbatore \u2013 641048",
                "Country": "India",
                "Nationality": "India"
            },
            {
                "Name": "Dr. C Sankar",
                "Address": "M. Pharm, Ph.D.,\nProfessor & HOD\nDepartment of Pharmaceutics,\nKMCH College of Pharmacy,\nCoimbatore \u2013 641048",
                "Country": "India",
                "Nationality": "India"
            },
            {
                "Name": "Dr. R Gayathri",
                "Address": "M. Pharm, Ph.D.,\nProfessor \nDepartment of Pharmaceutics,\nKMCH College of Pharmacy,\nCoimbatore \u2013 641048",
                "Country": "India",
                "Nationality": "India"
            },
            {
                "Name": "Ms. Kanisma R M",
                "Address": "M.Pharm.,\nDepartment of Pharmaceutics,\nKMCH College of Pharmacy,\nCoimbatore \u2013 641048",
                "Country": "India",
                "Nationality": "India"
            }
        ]
    }
}