{
    "202441069005": {
        "Invention Title": "AUTOMATED BONE FRACTURE CLASSIFICATION SYSTEM IN X-RAY IMAGES AND METHOD EMPLOYED THEREOF",
        "Publication Number": "38/2024",
        "Publication Date": "20/09/2024",
        "Publication Type": "INA",
        "Application Number": "202441069005",
        "Application Filing Date": "12/09/2024",
        "Priority Number": "",
        "Priority Country": "",
        "Priority Date": "",
        "Field Of Invention": "COMPUTER SCIENCE",
        "Classification (IPC)": "G06T7/00, G06N3/0464, G06T5/60, G06V10/20",
        "Abstract": "Exemplary embodiments of the present disclosure are directed towards an automated bone fracture classification system in X-Ray images and method employed thereof. The system comprises an input image processing module is configured to receive an X-ray image and convert it into a suitable format for processing during the preprocessing phase, the preprocessed images are then fed into a classification phase that determines the normality or abnormality of the input image, utilizing at least two Convolutional Neural Network (CNN) architectures an 8-layer architecture and a VGG-16 architecture with transfer learning. A dense layer, tasked with classifying the input images. Finally, a soft-max layer, also referred to as the output layer, processes the output of the dense layer and classifies it into respective categories using a soft-max activation function, resulting in the proposed CNN architecture for detecting normal and abnormal bone categories in images, and the performance using standard evaluation metrics, including accuracy, precision, sensitivity, specificity, and recall. The comparison shows that the proposed CNN model outperforms the existing models.\nFig. 1A to Fig.1I.",
        "Description": [
            "Description:TECHNICAL FIELD",
            "\t[001]\tThe present disclosed subject matter relates to a detection of bone fractures in x-ray images. More particularly, the present disclosure relates to an automated bone fracture classification system in X-Ray images and method employed thereof.",
            "\tBACKGROUND",
            "\t[002]\tMusculoskeletal disorders, often resulting from bone diseases, are widespread and affect approximately 1.71 billion people globally. Among these conditions, fractures such as those of the femoral neck, knee osteoarthritis, and other bone injuries are particularly common, with the incidence expected to double over the next 30 years. Accurate and timely diagnosis of fractures is essential, yet in critical situations, such as accidents, fractures can be easily overlooked, especially when relying solely on manual methods. This underscores the need for an automated bone fracture classification system.",
            "\t[003]\tThe proposed work addresses this need by implementing an automated system for classifying bone fractures. In the medical field, particularly in computer-aided telemedicine, automatic classification of bone fractures plays a vital role and is a frequent necessity in orthopedic care. This automated approach is particularly beneficial in rural areas, where the demand for medical practitioners often exceeds supply.",
            "\t[004]\tBone fractures are typically diagnosed through X-rays, and in some cases, computerized tomography (CT) or magnetic resonance imaging (MRI) scans are used for a more comprehensive assessment. Fractures can occur due to accidental falls, osteoporosis, or excessive force applied to bones. They are broadly categorized into seven types: avulsion, comminuted, compression, impacted, oblique, spiral, and transverse. When fractures are complex, involving multiple bone fragments and significant soft tissue damage, accurate diagnosis becomes even more critical.",
            "\t[005]\tDue to the high costs associated with MRI and CT scans, X-ray images are generally preferred for fracture detection. Orthopedic specialists rely on X-ray images to assess the severity of fractures and make informed treatment decisions. The analysis of orthopedic X-rays typically involves two stages: bone region segmentation and fracture classification. Bone region segmentation isolates the bone portion in the image, while fracture classification identifies fractures within the radiograph.",
            "\t[006]\tIn contrast to existing methods, the proposed work employs a deep learning approach using Convolutional Neural Networks (CNNs) combined with transfer learning based on the VGG-16 architecture. This advanced methodology enhances the accuracy and efficiency of fracture detection and evaluation.",
            "\t[007]\tIn the light of aforementioned discussion, there exists a need for an automated bone fracture classification system in X-Ray images and method that would overcome or ameliorate the above-mentioned limitations.",
            "\tSUMMARY",
            "[008]\tThe following presents a simplified summary of the disclosure in order to provide a basic understanding of the reader. This summary is not an extensive overview of the disclosure and it does not identify key/critical elements of the invention or delineate the scope of the invention. Its sole purpose is to present some concepts disclosed herein in a simplified form as a prelude to the more detailed description that is presented later.",
            "\t[009]\tExemplary embodiments of the present disclosure are directed towards an automated bone fracture classification system in X-Ray images and method employed thereof.",
            "\t[0010]\tAn objective of the present disclosure is directed towards is to develop an automated bone fracture classification system (ABFCS) to assist orthopedic doctors and paramedical staff in accurately determining whether a given X-ray image shows normal or abnormal bone conditions.",
            "\t[0011]\tAnother objective of the present disclosure is directed towards is to implementation of automatic bone-fragment segmentation enhances the accuracy of fracture classification.",
            "\t[0012]\tAnother objective of the present disclosure is directed towards is to demonstrate that the 8-layer CNN provides a simplified architecture that effectively balances performance and complexity, ensuring high precision in fracture classification.",
            "\t[0013]\tAnother objective of the present disclosure is directed towards is to optimization of VGG-16, known for its depth and efficient feature extraction, is another key objective. This involves freezing certain layers in pre-trained models to retain important learned features while allowing task-specific fine-tuning. These advancements collectively improve the accessibility, effectiveness, and accuracy of bone fracture classification.",
            "\t[0014]\tAnother objective of the present disclosure is directed towards is to significantly improve the accuracy of X-ray image processing through the introduction of novel deep learning models within the ABFCS, particularly the 8-layer CNN and VGG-16.",
            "\t[0015]\tAnother objective of the present disclosure is directed towards is to effective utilization of CNN and VGG-16 deep learning models for bone fracture detection in X-ray images, due to their capability to recognize intricate patterns, is also an objective.",
            "\t[0016]\tAnother objective of the present disclosure is directed towards is to performance of the proposed ABFCS has been evaluated on a standard dataset, with results presented in terms of standard metrics, including accuracy, sensitivity, specificity, recall, and precision.",
            "\t[0017]\tAnother objective of the present disclosure is directed towards is to achieve a high overall accuracy, reporting 91.87% with the novel 8-layer CNN architecture and 89.96% with the VGG-16 transfer learning approach.",
            "\t[0018]\tAccording to an exemplary embodiment of the present disclosure, an automated bone fracture classification system includes an input image processing module is configured to receive an X-ray image and convert it into a suitable format for processing during the preprocessing phase, the preprocessed images are then fed into a classification phase that determines the normality or abnormality of the input image, utilizing at least two Convolutional Neural Network (CNN) architectures an 8-layer architecture and a VGG-16 architecture with transfer learning.",
            "\t[0019]\tAccording to an exemplary embodiment of the present disclosure, the Convolutional Neural Network (CNN) architectures, comprising a convolution layer, which is the first layer of the CNN, applied to the original image to perform operations such as blurring, sharpening, and edge enhancement of the input images.",
            "\t[0020]\tAccording to an exemplary embodiment of the present disclosure, the Convolutional Neural Network (CNN) architectures further comprising a pooling layer, designed to reduce the number of pixels by retaining only the most important information. In this system, sub-sampling is performed using a max-pooling layer to produce a feature map with reduced dimensionality, the resulting feature map is then converted into a 1-D feature vector in a flatten layer.",
            "\t[0021]\tAccording to an exemplary embodiment of the present disclosure, the Convolutional Neural Network (CNN) architectures further comprising a dense layer, tasked with classifying the input images. Finally, a soft-max layer, also referred to as the output layer, processes the output of the dense layer and classifies it into respective categories using a soft-max activation function, resulting in the proposed CNN architecture for detecting normal and abnormal bone categories in images.",
            "BRIEF DESCRIPTION OF THE DRAWINGS",
            "[0022]\tIn the following, numerous specific details are set forth to provide a thorough description of various embodiments. Certain embodiments may be practiced without these specific details or with some variations in detail.  In some instances, certain features are described in less detail so as not to obscure other aspects.  The level of detail associated with each of the elements or features should not be construed to qualify the novelty or importance of one feature over the others.",
            "\t[0023]\tFIG. 1A is a block diagram depicting an automatic bone fracture classification system, according to exemplary embodiments of the present disclosure.",
            "\t[0024]\tFIG. 1B is a diagram depicting a schematic representation of a proposed CNN Architecture for bone fracture classification, according to exemplary embodiments of the present disclosure.",
            "\t[0025]\tFIG. 1C is a diagram depicting a schematic representation of dimensions of various layers of the proposed CNN architecture, according to exemplary embodiments of the present disclosure.",
            "\t[0026]\tFIG. 1D is a diagram depicting a schematic representation of Transfer Learning for Bone Fracture Classification with a VGG16 Pre-trained Model, according to exemplary embodiments of the present disclosure.",
            "\t[0027]\tFIG. 1E is a diagram depicting a schematic representation of dimensions of trainable and non-trainable parameters of various layers utilized in the VGG16, according to exemplary embodiments of the present disclosure.",
            "\t[0028]\tFIG. 1F is a diagram depicting a schematic representation of classification of Normal and Abnormal bone images with Proposed CNN model, according to exemplary embodiments of the present disclosure.",
            "\t[0029]\tFIG. 1G is a diagram depicting a schematic representation of classification of Normal and Abnormal bone images with Proposed VGG16 Transfer Learning model, according to exemplary embodiments of the present disclosure.",
            "\t[0030]\tFIG. 1H is a diagram depicting a schematic representation of confusion Matrix of bone fracture classification for a proposed CNN and Transfer Learning with VGG-16, according to exemplary embodiments of the present disclosure.",
            "\t[0031]\tFIG. 1I is a diagram depicting a schematic representation of performance Chart for Bone Fracture Classification on MURA Datasets, according to exemplary embodiments of the present disclosure.",
            "\t[0032]\tFIG. 2 is a flow diagram depicting a method for operating an automated bone fracture classification system in X-Ray images with deep learning capabilities and transfer learning, according to exemplary embodiments of the present disclosure.",
            "DETAILED DESCRIPTION OF EXAMPLE EMBODIMENTS",
            "[0033]\tIt is to be understood that the present disclosure is not limited in its application to the details of construction and the arrangement of components set forth in the following description or illustrated in the drawings. The present disclosure is capable of other embodiments and of being practiced or of being carried out in various ways. Also, it is to be understood that the phraseology and terminology used herein is for the purpose of description and should not be regarded as limiting.",
            "\t[0034]\tThe use of \u201cincluding\u201d, \u201ccomprising\u201d or \u201chaving\u201d and variations thereof herein is meant to encompass the items listed thereafter and equivalents thereof as well as additional items. The terms \u201ca\u201d and \u201can\u201d herein do not denote a limitation of quantity, but rather denote the presence of at least one of the referenced item. Further, the use of terms \u201cfirst\u201d, \u201csecond\u201d, and \u201cthird\u201d, and so forth, herein do not denote any order, quantity, or importance, but rather are used to distinguish one element from another.",
            "\t[0035]\tReferring to FIG. 1A is a block diagram 100a, depicting an automatic bone fracture classification system, according to exemplary embodiments of the present disclosure. The an automated bone fracture classification system in X-Ray images comprising an input image 102 processing module 104 is configured to receive an X-ray image and convert it into a suitable format for processing during the preprocessing phase 104, the preprocessed images are then fed into a classification phase that determines the normality or abnormality of the input image, utilizing at least two Convolutional Neural Network (CNN) architectures 106 an 8-layer architecture 108 and a VGG-16 architecture with transfer learning 110. The output 112 from the Convolutional Neural Network (CNN) architectures 106 classifies the bone images into two categories normal 114a and abnormal 114b.",
            "\t[0036]\tReferring to FIG. 1B is a diagram 100b, depicting a schematic representation of a proposed CNN Architecture for bone fracture classification, according to exemplary embodiments of the present disclosure. The proposed CNN model processes preprocessed images, using distinct training and validation sets. For training, 640 images\u2014comprising both normal and abnormal bone images\u2014are resized to (640, 224, 224, 1) and used as input 116. For validation, 160 images\u2014again consisting of both normal and abnormal bone images\u2014are resized to (160, 224, 224, 1) and taken as input 116. The CNN architecture is built with four convolution layers and an equal number of max-pooling layers to extract feature 118 maps from the input bone images. The resulting 2-D feature maps are then passed through a flatten layer, converting them into a 1-D feature vector. The proposed system generates multiple models by varying the number of dense layers and their hidden neurons, using the 1-D feature vector as input to categorize the images into two classes. Finally, the output layer, equipped with a soft-max activation function, classifies 120 the images as either normal 114a or abnormal 114b. The dimensions of the various layers in the proposed CNN architecture are shown in FIG. 1C.",
            "\t[0037]\tReferring to FIG. 1D is a diagram 100d, depicting a schematic representation of Transfer Learning for Bone Fracture Classification with a VGG16 Pre-trained Model, according to exemplary embodiments of the present disclosure. The Convolutional Neural Network (CNN) architectures 100d, comprising the given input image 122 utilizes the standard VGG16 CNN architecture by employing the learned weights. A convolution layer 124a-124e, which is the first layer of the CNN, applied to the original image to perform operations such as blurring, sharpening, and edge enhancement of the input images. A pooling layer, designed to reduce the number of pixels by retaining only the most important information. In this system, sub-sampling is performed using a max-pooling layer to produce a feature map with reduced dimensionality, the resulting feature map is then converted into a 1-D feature vector in a flatten layer. A dense layer 126a-126c, tasked with classifying the input images. Finally, a soft-max layer, also referred to as the output layer, processes the output of the dense layer and classifies it into respective categories using a soft-max activation function, resulting in the proposed CNN architecture for detecting normal and abnormal bone categories in images. The dimensions of trainable and non-trainable parameters of various layers utilized in the VGG16 as shown in FIG. 1E.",
            "\t[0038]\tReferring to FIG. 1F is a diagram 100f, depicting a schematic representation of classification of Normal and Abnormal bone images with Proposed CNN model, according to exemplary embodiments of the present disclosure. In the proposed bone fracture classification system, several models \u2014referred to as Model 5, Model 6, Model 7, and Model 8\u2014are developed based on a transfer learning technique with a pre-trained VGG-16 architecture. These models achieve powerful feature extraction with optimal computational time by freezing different numbers of convolution and max-pooling layers. The feature maps are then flattened into a 1-D feature vector, which is fed into fully connected dense layers for the classification of normal and abnormal bone images 128a-128f.",
            "\t[0039]\tThe classification of Normal and Abnormal bone images with Proposed VGG16 Transfer Learning model 130a-130f, as shown in FIG. 1G. The schematic representation of confusion Matrix of bone fracture classification for a proposed CNN and Transfer Learning with VGG-16, as shown in FIG. 1H. The schematic representation of performance Chart for Bone Fracture Classification on MURA Datasets, as shown in FIG. 1I. The performance of the proposed bone fracture classification system is measured against existing models using standard evaluation metrics, including accuracy, precision, sensitivity, specificity, and recall.",
            "\t[0040]\tReferring to FIG. 2 is a flow diagram 200, depicting a method for operating an automated bone fracture classification system in X-Ray images with deep learning capabilities and transfer learning, according to exemplary embodiments of the present disclosure. The method starts at step 202 by collecting the input images and converting them into a suitable format for processing during the preprocessing phase. The method continues to the next step 204 by feeding the preprocessed images into a classification phase that determines whether the input images are normal or abnormal. The method continues to the next step 206 by employing two Convolutional Neural Network (CNN) architectures for classification, an 8-layered architecture and the VGG-16 model using transfer learning techniques. The method continues to the next step 208 by identifying that the 8-layered CNN model achieves a maximum accuracy of 92.50% for non-fracture (normal) images and 91.25% for fracture (abnormal) images.",
            "\t[0041]\tAs shown in FIG. 2, the method continues to the next step 210 by evaluating the 8-layered CNN model for bone fracture detection and utilizing the VGG-16 model with frozen layers, applying transfer learning methods. The method continues to the next step 212 by assessing the capability of a deep learning algorithm to detect and classify proximal humerus fractures in X-ray images, resulting in the automated detection and classification of these fractures. The method continues to the next step 214 by testing the automated bone fracture classification system was tested using standard datasets, and a broader range of deep learning models was implemented to enhance accuracy, and the results, evaluated through key metrics such as sensitivity, specificity, recall, and precision, are presented in the following section.",
            "\t[0042]\tReference throughout this specification to \u201cone embodiment\u201d, \u201can embodiment\u201d, or similar language means that a particular feature, structure, or characteristic described in connection with the embodiment is included in at least one embodiment of the present disclosure. Thus, appearances of the phrases \u201cin one embodiment\u201d, \u201cin an embodiment\u201d and similar language throughout this specification may, but do not necessarily, all refer to the same embodiment.",
            "[0043]\tFurthermore, the described features, structures, or characteristics of the disclosure may be combined in any suitable manner in one or more embodiments. In the above description, numerous specific details are provided such as examples of programming, software modules, user selections, network transactions, database queries, database structures, hardware modules, hardware circuits, hardware chips, etc., to provide a thorough understanding of embodiments of the disclosure.",
            "\t[0044]\tAlthough the present disclosure has been described in terms of certain preferred embodiments and illustrations thereof, other embodiments and modifications to preferred embodiments may be possible that are within the principles and spirit of the invention. The above descriptions and figures are therefore to be regarded as illustrative and not restrictive.",
            "[0045]\tThus the scope of the present disclosure is defined by the appended claims and includes both combinations and sub-combinations of the various features described hereinabove as well as variations and modifications thereof, which would occur to persons skilled in the art upon reading the foregoing description.",
            "\t, Claims:We Claim:",
            "\t1.\tAn automated bone fracture classification system in X-Ray images with deep learning capabilities and transfer learning, comprising:",
            "\tAn input image processing module is configured to receive an X-ray image and convert it into a suitable format for processing during the preprocessing phase, the preprocessed images are then fed into a classification phase that determines the normality or abnormality of the input image, utilizing at least two Convolutional Neural Network (CNN) architectures an 8-layer architecture and a VGG-16 architecture with transfer learning;",
            "\tAt least two Convolutional Neural Network (CNN) architectures, comprising:",
            "\tA convolution layer, which is the first layer of the CNN, applied to the original image to perform operations such as blurring, sharpening, and edge enhancement of the input images;",
            "\tA pooling layer, designed to reduce the number of pixels by retaining only the most important information. In this system, sub-sampling is performed using a max-pooling layer to produce a feature map with reduced dimensionality, the resulting feature map is then converted into a 1-D feature vector in a flatten layer; and",
            "\tA dense layer, tasked with classifying the input images. Finally, a soft-max layer, also referred to as the output layer, processes the output of the dense layer and classifies it into respective categories using a soft-max activation function, resulting in the proposed CNN architecture for detecting normal and abnormal bone categories in images.",
            "\t2.\tThe system as claimed in claim 1, wherein the proposed CNN architecture is constructed with four convolution layers and an equal number of max-pooling layers for extracting the feature map from the input bone images. The resulting 2-D feature map is then input to the flatten layer, which converts it into a 1-D feature vector.",
            "\t3.\tThe system as claimed in claim 1, wherein the proposed system generates multiple models by varying the number of dense layers and their hidden neurons, using the 1-D feature map as input, aiming to produce two categories. The output layer, equipped with a soft-max activation function, classifies the output into either normal or abnormal classes.",
            "\t4.\tThe system as claimed in claim 1, wherein several models\u2014referred to as Model 5, Model 6, Model 7, and Model 8\u2014are developed based on a transfer learning technique with a pre-trained VGG-16 architecture. These models achieve powerful feature extraction with optimal computational time by freezing different numbers of convolution and max-pooling layers. The feature maps are then flattened into a 1-D feature vector, which is fed into fully connected dense layers for the classification of normal and abnormal bone images.",
            "\t5.\tThe system as claimed in claim 1, wherein the performance of the proposed bone fracture classification system is measured against existing models using standard evaluation metrics, including accuracy, precision, sensitivity, specificity, and recall. The comparison shows that the proposed CNN model outperforms the existing models.",
            "\t6.\tA method for operating an automated bone fracture classification system in X-Ray images with deep learning capabilities and transfer learning, comprising:",
            "\tcollecting the input images and converting them into a suitable format for processing during the preprocessing phase;",
            "\tfeeding the preprocessed images into a classification phase that determines whether the input images are normal or abnormal;",
            "\temploying two Convolutional Neural Network (CNN) architectures for classification, a 8-layered architecture and the VGG-16 model using transfer learning techniques;",
            "\tidentifying that the 8-layered CNN model achieves a maximum accuracy of 92.50% for non-fracture (normal) images and 91.25% for fracture (abnormal) images;",
            "\tevaluating the 8-layered CNN model for bone fracture detection and utilizing the VGG-16 model with frozen layers, applying transfer learning methods;",
            "\tassessing the capability of a deep learning algorithm to detect and classify proximal humerus fractures in X-ray images, resulting in the automated detection and classification of these fractures; and",
            "\ttesting the automated bone fracture classification system was tested using standard datasets, and a broader range of deep learning models was implemented to enhance accuracy, and the results, evaluated through key metrics such as sensitivity, specificity, recall, and precision, are presented in the following section."
        ],
        "Inventors": [
            {
                "Name": "Dr. Showkat Ahmad Dar",
                "Address": "Assistant Professor, Department of Computer Science and Engineering, Bengaluru Campus -561203",
                "Country": "India",
                "Nationality": "India"
            },
            {
                "Name": "Dr.Mithra C",
                "Address": "Assistant Professor, Dept. of Computer and Engineering School of Computing (SOC) Vel Tech Rangarajan Dr. Sagunthala R & D Institute of Science and Technology, Chennai, India",
                "Country": "India",
                "Nationality": "India"
            },
            {
                "Name": "Dr. Indumathi R",
                "Address": "Assistant Professor, Department of Computer Science, Bharathidasan University, Trichy, Tamil Nadu",
                "Country": "India",
                "Nationality": "India"
            },
            {
                "Name": "Dr.Tanvir Habib Sardar",
                "Address": "Assistant Professor, Department of Computer Science and Engineering, Bengaluru Campus -561203",
                "Country": "India",
                "Nationality": "India"
            }
        ],
        "Applicants": [
            {
                "Name": "GITAM Deemed to be University",
                "Address": "GandhiNagar Campus, Rushikonda, Visakhapatnam-530045, Andhra Pradesh, India.",
                "Country": "India",
                "Nationality": "India"
            }
        ]
    }
}