{
    "202441068341": {
        "Invention Title": "AN AUTOMATED SYSTEM FOR BULLET IMPACT DETECTION IN SILHOUETTES USING DEEP LEARNING ALGORITHM",
        "Publication Number": "38/2024",
        "Publication Date": "20/09/2024",
        "Publication Type": "INA",
        "Application Number": "202441068341",
        "Application Filing Date": "10/09/2024",
        "Priority Number": "",
        "Priority Country": "",
        "Priority Date": "",
        "Field Of Invention": "ELECTRONICS",
        "Classification (IPC)": "H04N0007173000, C07K0016240000, A61K0039000000, A61P0017060000, A61P0031040000",
        "Abstract": "The detection of bullet impacts on the silhouette is crucial in institutions that have shooting ranges, particularly those that regulate gun licenses. The manual evaluation process can introduce distortions in assessing the shooter's ability, which can ultimately affect the issuance of the license. This invention presents a technique for automatically detecting bullet impacts in silhouettes using deep learning and image processing. The method involves several steps: pre-processing, impact detection, edge detection, and evaluation of the results. The experiments involved analyzing 600 silhouettes with 2401 bullet impact images using the Resnet 50 and Resnet 101 models for Mask R-CNN. The results indicate that Resnet 50 outperforms Resnet 101, achieving accuracy, precision, and recall rates of 97.6%, 99.5%, and 97.9% respectively. These results are superior to the performance of other methods such as Circular Hough Transform, Circlet Detection, Random Sample Consensus, Randomized Hough Transform, Randomized Circle Detection, Support Vector Machine, Faster R-CNN, MnasNet, and YOLO. The results indicate a 100% effectiveness in both edge detection and the count of detected bullet impacts.",
        "Description": [
            "Description:Detecting small objects in challenging conditions, such as low-resolution and noisy representations, poses a significant problem, especially in the context of surveillance videos where precision and accuracy are paramount. This invention is dedicated to addressing the unique challenge of localizing bullet holes on a 4m x 4m target surface, as well as determining the precise shot time and position of newly created bullet holes on the same surface, all based on surveillance video footage.",
            "\tBullet holes, due to their small size in comparison to the vast target surface, demand a specialized approach for detection and localization. The authors of this invention propose an improved model, building upon the Faster R-CNN (Region-based Convolutional Neural Network) framework, to tackle this intricate problem. Their solution involves the use of two networks operating in series to enhance the accuracy and efficiency of bullet hole detection.",
            "\tIn their methodology, the first network is trained using original video frames. Its primary role is to provide coarse locations of bullet holes on the target surface. These initial locations serve as a starting point for further refinement. Subsequently, the second network comes into play. It is trained using the candidate locations obtained from the first network. The second network's purpose is to achieve precise and accurate bullet hole localization.",
            "\tThe results of their experiments demonstrate the effectiveness of the proposed series Faster R-CNN algorithm. The model significantly improves the average precision of bullet hole detection by approximately 20.3% compared to the original Faster R-CNN algorithm when applied to their bullet-hole dataset. Furthermore, the invention discusses the development of algorithms to determine the shot time and improve detection accuracy, which ultimately brings the detection of shot times and new shot points to a level comparable to human performance.",
            "\tTo address these challenges, the authors have devised a novel approach that builds upon the Faster R-CNN framework, a popular choice in object detection due to its effectiveness. However, they have customized this model to better suit the specific requirements of bullet hole detection in surveillance videos.",
            "\tThe proposed solution comprises two consecutive networks. The first network utilizes original video frames to establish coarse locations of bullet holes on the target surface. These initial locations act as a critical starting point. The network aims to filter out areas of interest in the low-resolution and noisy footage that might contain bullet holes.Once the first network has provided these candidate locations, the second network takes over. Trained using the candidate locations obtained from the first network, the second network focuses on achieving highly precise and accurate bullet hole localization. This refinement process is crucial for ensuring that the detected bullet holes match the actual locations on the target surface.",
            "\tThe experiments conducted by the authors are particularly insightful. They highlight the substantial improvement achieved by their series Faster R-CNN algorithm over the original Faster R-CNN model. The reported average precision boost of approximately 20.3% underscores the success of their approach. This enhanced performance can be instrumental in real-world applications where precision and accuracy are vital, such as forensic investigations or shooting range monitoring. The invention doesn't stop at bullet hole detection but also delves into determining the shot time and improving detection accuracy. This is another critical aspect of the problem, as it adds a temporal dimension to the surveillance video analysis. Detecting the precise moment a shot was fired and identifying new bullet holes in real-time are crucial for understanding shooting events and ensuring safety.",
            "\tThe algorithms developed for shot time determination are noteworthy. They offer an automated solution for identifying when a shot occurred, a task that is traditionally performed by human experts. By achieving detection accuracy on par with human performance, these algorithms can significantly expedite the analysis of surveillance video footage and reduce the burden on human operators.",
            "\tSimilarly, the invention discusses the algorithms used to enhance the detection accuracy of new shot points, i.e., identifying and localizing newly created bullet holes. By reaching a level comparable to human accuracy, these algorithms provide a reliable means to track and monitor shooting events, which can have applications in forensic investigations, security systems, and beyond.",
            "\t, C , C , Claims:",
            "\t1.\tWe claim the R-CNN-based model achieves a high level of accuracy in detecting and localizing bullet impacts in images and video frames, outperforming traditional detection methods.",
            "\t2.\tWe claim the proposed system is robust, capable of detecting bullet impacts across diverse surfaces, materials, and environmental conditions, including low-light scenarios and partial occlusions.",
            "\t3.\tWe claim the implementation of optimized region proposal techniques within the R-CNN framework significantly reduces false positives and improves detection efficiency.",
            "\t4.\tWe claim the model is capable of real-time detection of bullet impacts, making it suitable for applications in surveillance and security systems where prompt identification is critical.",
            "\t5.\tWe claim the detection system can be easily adapted to different environments and scenarios, such as forensic analysis or military surveillance, without significant re-training."
        ],
        "Inventors": [
            {
                "Name": "Dr. N. Krishna Kumar, Associate Professor, Dept. of CSE",
                "Address": "Guru Nanak Institutions Technical Campus, Ibrahimpatam, Rangareddy District, Hyderabad - 501506",
                "Country": "India",
                "Nationality": "India"
            },
            {
                "Name": "Kotari Nirmala, Associate Professor, Dept. of CSE(CS)",
                "Address": "Guru Nanak Institute of Technolgy, Ibrahimpatam, Rangareddy District, Hyderabad - 501506",
                "Country": "India",
                "Nationality": "India"
            },
            {
                "Name": "S. Shyam Prasad, Assistant Professor, Dept. of CSE",
                "Address": "St.Martin's Engineering College Sy. No.98 & 100, Dhulapally, Near Kompally, Medchal\u2013Malkajgiri district Secunderabad-500 100. Telangana, India.",
                "Country": "India",
                "Nationality": "India"
            },
            {
                "Name": "Aarini. Rajeshwari, Assistant Professor, Dept. of CSE",
                "Address": "St.Martin's Engineering College Sy. No.98 & 100, Dhulapally, Near Kompally, Medchal\u2013Malkajgiri district Secunderabad-500 100. Telangana, India.",
                "Country": "India",
                "Nationality": "India"
            },
            {
                "Name": "Titus Ashish, Assistant Professor, Dept. of CSE",
                "Address": "St.Martin's Engineering College Sy. No.98 & 100, Dhulapally, Near Kompally, Medchal\u2013Malkajgiri district Secunderabad-500 100. Telangana, India.",
                "Country": "India",
                "Nationality": "India"
            },
            {
                "Name": "M. Revathi, Assistant Professor, Dept. of AI&DS",
                "Address": "St.Joseph\u2019s Institute of Technology, Kamaraj Nagar, Semmancheri, Chennai, Tamil Nadu 600119",
                "Country": "India",
                "Nationality": "India"
            },
            {
                "Name": "P.Chitra, Assistant Professor, Dept. of AI&DS",
                "Address": "St.Joseph\u2019s Institute of Technology, Kamaraj Nagar, Semmancheri, Chennai, Tamil Nadu 600119",
                "Country": "India",
                "Nationality": "India"
            },
            {
                "Name": "K. Sai Lakshmi, Assistant Professor, Dept. of AIML",
                "Address": "St.Martin's Engineering College Sy. No.98 & 100, Dhulapally, Near Kompally, Medchal\u2013Malkajgiri district Secunderabad-500 100. Telangana, India.",
                "Country": "India",
                "Nationality": "India"
            },
            {
                "Name": "Dr. R. Santhoshkumar, Associate Professor & head, Dept. of CSE",
                "Address": "St.Martin's Engineering College Sy. No.98 & 100, Dhulapally, Near Kompally, Medchal\u2013Malkajgiri district Secunderabad-500 100. Telangana, India.",
                "Country": "India",
                "Nationality": "India"
            }
        ],
        "Applicants": [
            {
                "Name": "Dr. N. Krishna Kumar, Associate Professor, Dept. of CSE",
                "Address": "Guru Nanak Institutions Technical Campus, Ibrahimpatam, Rangareddy District, Hyderabad - 501506",
                "Country": "India",
                "Nationality": "India"
            },
            {
                "Name": "Kotari Nirmala, Associate Professor, Dept. of CSE(CS)",
                "Address": "Guru Nanak Institute of Technolgy, Ibrahimpatam, Rangareddy District, Hyderabad - 501506",
                "Country": "India",
                "Nationality": "India"
            },
            {
                "Name": "S. Shyam Prasad, Assistant Professor, Dept. of CSE",
                "Address": "St.Martin's Engineering College Sy. No.98 & 100, Dhulapally, Near Kompally, Medchal\u2013Malkajgiri district Secunderabad-500 100. Telangana, India.",
                "Country": "India",
                "Nationality": "India"
            },
            {
                "Name": "Aarini. Rajeshwari, Assistant Professor, Dept. of CSE",
                "Address": "St.Martin's Engineering College Sy. No.98 & 100, Dhulapally, Near Kompally, Medchal\u2013Malkajgiri district Secunderabad-500 100. Telangana, India.",
                "Country": "India",
                "Nationality": "India"
            },
            {
                "Name": "Titus Ashish, Assistant Professor, Dept. of CSE",
                "Address": "St.Martin's Engineering College Sy. No.98 & 100, Dhulapally, Near Kompally, Medchal\u2013Malkajgiri district Secunderabad-500 100. Telangana, India.",
                "Country": "India",
                "Nationality": "India"
            },
            {
                "Name": "M. Revathi, Assistant Professor, Dept. of AI&DS",
                "Address": "St.Joseph\u2019s Institute of Technology, Kamaraj Nagar, Semmancheri, Chennai, Tamil Nadu 600119",
                "Country": "India",
                "Nationality": "India"
            },
            {
                "Name": "P.Chitra, Assistant Professor, Dept. of AI&DS",
                "Address": "St.Joseph\u2019s Institute of Technology, Kamaraj Nagar, Semmancheri, Chennai, Tamil Nadu 600119",
                "Country": "India",
                "Nationality": "India"
            },
            {
                "Name": "K. Sai Lakshmi, Assistant Professor, Dept. of AIML",
                "Address": "St.Martin's Engineering College Sy. No.98 & 100, Dhulapally, Near Kompally, Medchal\u2013Malkajgiri district Secunderabad-500 100. Telangana, India.",
                "Country": "India",
                "Nationality": "India"
            },
            {
                "Name": "Dr. R. Santhoshkumar, Associate Professor & head, Dept. of CSE",
                "Address": "St.Martin's Engineering College Sy. No.98 & 100, Dhulapally, Near Kompally, Medchal\u2013Malkajgiri district Secunderabad-500 100. Telangana, India.",
                "Country": "India",
                "Nationality": "India"
            }
        ]
    }
}