{
    "202421069045": {
        "Invention Title": "NOVEL ANTI-DUST AND EASILY DISPERSIBLE PIGMENTS.",
        "Publication Number": "39/2024",
        "Publication Date": "27/09/2024",
        "Publication Type": "INA",
        "Application Number": "202421069045",
        "Application Filing Date": "12/09/2024",
        "Priority Number": "",
        "Priority Country": "",
        "Priority Date": "",
        "Field Of Invention": "ELECTRONICS",
        "Classification (IPC)": "H01L0023538000, A61J0001200000, G09G0005180000, F01D0025240000, H01S0005060000",
        "Abstract": "Novel anti-dust or dust free, easily dispersible organic, inorganic and carbon black pigments having various applications in industries such as candle and toiletries, pharmaceuticals and cosmetics, inks and paints, resin compositions and varnishes, rubbers and tyre, Textile, Soaps and detergents and Personal care and alike are disclosed with the process to prepare novel pigments. Novel pigments are do not generate dust, hazardous airborne particles during transportation or processing, and are therefore easy to handle. Novel pigments are prepared by novel process. Pigments of the invention have structure comprising of input pigment, surfactant, dispersing agent in specific w/w ratio as compared to total weight of composition",
        "Description": [
            "PREAMBLE TO THE DESCRIPTION The following specification particularly describes the invention and the manner in",
            "\twhich it is to be performed:",
            "Field of the Invention of the invention",
            "\tThe present invention relates to a novel anti-dust and easily dispersible pigments, to the process to prepare novel anti-dust and easily dispersible pigments, and use of so manufactured pigments in applications including candle and toiletries, pharmaceuticals and cosmetics, inks and paints, resin compositions and varnishes, rubbers and tyre, Textile, Soaps and detergents and Personal care and alike.",
            "Background of the invention",
            "\tCarbon black, Organic and Inorganic pigment, processed with different approved additives to make them easily dispersible and dust free while handling and transportation are used for long in pharmaceuticals and cosmetics, inks and paints, resin compositions and varnishes, rubbers and tyre industries and other industries for various applications. Pigments are used to impart colour, to create particular appearance and as fillers, to create coloured emulsions, dispersions, to create glossy or mat finish surfaces. Many pigments are not easily water wettable and are difficult to wash and clean. Pigments used in industry are invariably available in fine and ultra-fine particle sizes ranging from microns to nano meters, very low bulk density are light weight and fluffy which remain suspended in air for long. They also have tendency to develop electrostatic charge or adhere to bag that contains them. These are also difficult to handle and process for very reasons as conveying them in conventional material transfer equipment and weighing becomes troublesome. Airborne pigments cause cross contamination, health hazard working personnel due to inhalation or ingestion, body surface contact, allergic responses, colors rooms and equipment/instruments besides these being difficult to wash and clean because of their hydrophobic nature. It is environment hazard hampering ecofriendly nature of the pigment. There is a need to of anti-dust and easily dispersible pigments free from dusting and difficulty in dispersion problems.",
            "\tConventional pigments require extensive processing to achieve proper dispersion in",
            "\tthe intended medium and is energy, labour and capital intensive besides waste",
            "\tgeneration. Industries demand pigments with attributes of excellent color strength,",
            "\tstability, lightfastness, and compatibility with various substrates. Meeting these",
            "\tperformance requirements yet retaining environment friendly attribute and processing efficiency is a great challenge. Regulatory requirements to sustain environment standards created market demand for pigments offering better environmental profiles without compromising on performance. Converting fine powder to loosely held or solid cohesive agglomerates or pellets by pelletization does not solve these problems because agglomerates have significantly higher bulk density which causes quick settling of agglomerates and hampers uniform dispersion leading uneven mottled appearance to the surface of the object where pigment or paint or dispersion is applied. It may also add additional step of filtration causing waste. It causes uneven drying, wrinkles and promote peeling off the layers. Surface functional groups and their distribution may lead to unexpected repulsion or cohesion and both may be prejudicial to the purpose for which the pigment is processed.",
            "\tPelletizing agents promote binding by one or the other manner include water, oil, waxes, fats and other liquids described in WO2007002030, carbohydrates in US2850403, different types of surfactants in US7033429, JP2001152072, US2,639,225; rosin emulsions in US 2,908,586 and such other substances. Which pelletizing agent or binding agent will provide satisfactory product is unpredictable as many factors decide the nature of output. Therefore, agglomeration or palletization on one hand may reduce dusting but on the other hand introduces several drawbacks rendering its quick even dispersion difficult, leading to heterogeneous product. Attempt to convert pigments into solid cohesive aggregates renders them difficult to disperse often compromises their performance in the end applications like paints, cosmetics, inks and alike. Ease of dispersion in liquid is essential and the most desirable sought for attribute of pigment not only in cosmetics industry but also in pharmaceuticals, inks and paints, resin compositions and varnishes, rubbers and tyre and other industrial applications. Jetness, a complex function of surface area, primary particle size, and degree of dispersion, ability to disperse quickly and homogeneously, retain desired appearance for targeted period, ease of application are some of the attributes required in pigment to make it a user-friendly pigment.",
            "\tPrior arts IN348512, US10934437 and WO2019193597 describe anti-dust carbon black pigments specifically. Although US 10934437 mentions that claimed process may be useful to process any other pigments associated with dust problem while handling as well as in the end application and require quick or instantaneous dispersion, it is a generalized statement devoid of any evidential value. Claimed process necessitates use of humectant and several pH adjustments rendering the process cumbersome. These patent publications do not provide any process and examples of organic and inorganic pigments. There are fundamental differences between carbon black pigment and other inorganic or organic pigments which US 10934437 and other patents have not considered. For example, Carbon black is elemental nano particles unlike other organic and inorganic pigments. Carbon black has many functional groups bearing oxygen like -OH, -CO-, -COOH, etc. and is not heat sensitive unlike other organic and inorganic pigments.",
            "\tUS7198668 necessitates use of alkylene oxide block copolymers which by themselves are environment hazard and are governed by various regulations in various nations such as hazardous air pollutant under the Clean Air Act in US. These are potent health hazard causing respiratory irritation and lung injury, headache, nausea, vomiting, diarrhea, shortness of breath, and cyanosis, Inflammatory lesions of the nasal cavity, trachea, and lungs and neurological effects. Therefore, converting pigment fine powder into a non-dusting yet easily dispersible, easily water wettable yet retaining satisfactory flow properties substrate is unpredictable. What may work for one type of pigment may not work for other type of pigment because every pigment has different chemical and physical attributes which differentiate them when subjected to processing.",
            "\tDespite of the drawbacks associated with use of pigments and their dusty nature, their versatile applications render their use inevitable. Therefore, eliminating the drawbacks of pigments and to prepare user-friendly pigments is need of industry. Prior art mentions some additives and processes to improve water wettability, to reduce dusting and or to make substrate easily dispersible in water but there still exists the need to find better alternatives and novel processes to produce novel",
            "\tproducts to either eliminate or reduce dusting and at the same time to improve water wettability and dispersibility to give homogeneous product. Thus, there is a need to develop the process for manufacturing anti-dust and easily dispersible pigments, which overcomes drawbacks such as dusting and enhancing uniform dispersion preferably in the aqueous medium.",
            "\tObjects of the invention",
            "\tThe main object of the invention is to provide anti-dust and easily dispersible pigments comprising a carbon black pigment or organic or inorganic pigments, which are anti-dust and easily dispersible and the process to prepare the pigments. Another object of the invention is to provide a process to prepare anti-dust and easily dispersible pigments free of problems of dusting and difficulty in dispersion in suitable medium such as aqueous medium.",
            "\tYet another object of the invention is to provide an anti-dust and easily dispersible pigment, which quickly disperses in the aqueous medium.",
            "\tYet another object of the invention is to provide use of the anti-dust and easily dispersible pigment in and use of so manufactured pigments in applications including candle and toiletries, pharmaceuticals and cosmetics, inks and paints, resin compositions and varnishes, rubbers and tyre, Textile, Soaps and detergents and Personal care and alike.",
            "\tYet another object of the invention is to prepare organic or inorganic pigments that exhibit superior dispersibility in different mediums, allowing for easier incorporation into formulations and reducing processing time and energy consumption in final application and the process to prepare these organic or inorganic pigments.",
            "Summary of the invention",
            "\tIt is surprisingly found that anti-dust and easily dispersible carbon black, organic and inorganic pigments can be prepared by a novel simpler process devoid of multiple pH adjustments and that is free of use of humectants. It was surprisingly found that when two surfactants of which at least one may be      anionic or both may be non-ionic surfactants are added to water, stirred to obtain a",
            "\tclear solution; followed by addition of dispersing agent to that clear solution and",
            "\tstirring to dissolve completely to obtain dispersing agent solution followed by",
            "\taddition of water insoluble pigment such as carbon black or an organic or an",
            "\tinorganic pigment and stirring to prepare a homogeneous suspension, milling the",
            "\tsuspension by conventional means such as sand mill, dyno mill, colloidal mill, jet",
            "\tmill, triple roll mill wherein output has particle size 1- 15&#956; (after milling) and spray",
            "\tdrying it by conventional means to obtain particle 1 -15&#956; and that the obtained spray",
            "\tdried product is anti-dust and easily dispersible.",
            "\tNovelty and non-obviousness of the product of invention resides in that micronized",
            "\tpowder form and that obtained product is easily dispersible in not more than 59",
            "\tseconds, preferably in not more than 30 seconds and more preferably in not more",
            "\tthan 20 seconds.",
            "\tNovelty and non-obviousness of the process resides in that it is devoid of",
            "\thumectants, does not require several pH adjustments and yet produces product that",
            "\teliminates dusting and are easily dispersible in aqueous medium to deliver uniform",
            "\tdispersion of carbon black, organic and inorganic pigments, enhancing Jetness and",
            "\tenables increased utility for diverse end use applications such as pharmaceuticals",
            "\tand cosmetics, inks and paints, resin compositions and varnishes, rubbers and tyre",
            "\tand alike.",
            "\tIn one embodiment, the present invention describes an anti-dust and easily",
            "\tdispersible product comprising carbon black and the process to prepare it.",
            "\tIn another embodiment it describes an anti-dust and easily dispersible product",
            "\tcomprising organic pigment and process to prepare it.",
            "\tIn another embodiment an anti-dust and easily dispersible product comprising",
            "\tinorganic pigment and process to prepare it.to prepare it.",
            "\tIn another embodiment, present invention describes the process to produce anti-dust",
            "\tand easily dispersible product for candle and toiletries, pharmaceuticals and",
            "\tcosmetics, inks and paints, resin compositions and varnishes, rubbers and tyre,",
            "\tTextile, Soaps and detergents and Personal care and alike.",
            "\tThe process to prepare novel anti-dust and easily dispersible pigments in the present",
            "\tinvention comprises steps of",
            "\ta.\tadding at least two surfactants of which at least one may be anionic or both may",
            "\tbe non-ionic surfactants to water and stirring to obtain a clear solution;",
            "\tb.\tadding a dispersing agent to clear solution obtained in step a. and stirring to",
            "\tdissolve completely to obtain dispersing agent solution,",
            "\tc.\tadding pigment to dispersing agent solution obtained in step b. and stirring to",
            "\tdissolve completely /suspend evenly to obtain homogeneous phase,",
            "\td.\tmilling the homogeneous phase obtained in step c keeping milling parameters",
            "\t(maintaining millable viscosity) at temperature 20\u00b0C - 35\u00b0C to obtain milled suspension,",
            "\te.\tspray drying milled suspension obtained in step d. wherein inlet temperature and",
            "\toutlet temperatures support stability of organic or inorganic pigment incorporated in step c, to obtain spray dried material having particle size upto 15 microns.",
            "\tf.\toptionally granulating the spray dried powder obtained in step e to increase",
            "\taverage particle size to about l-2mm to obtained granulated product",
            "\tg.\tOptionally drying the granulated product obtained in step f. to obtain dried",
            "\tgranules, h. Optionally milling the dried granules obtained in step g through desired mesh",
            "\tsizes or sieves to obtain milled granules of 100 microns to 400 microns or desired",
            "\tparticle size i. optionally packing the spray dried material obtained in step e/f/g/h with drying",
            "\tagent or dehumidifying agent such as silica gel bags. It was surprising to note that so prepared spray dried product is stable even when",
            "\tmoisture content is in the range of 0.5-15% and a mean particle size can be",
            "\tbroader upto 300 microns. Ability of the incorporated or input carbon black, organic and inorganic pigments to sustain milling pressure and drying temperature varies. It depends on their inherent strength to withstand pressure and temperature without causing change in chemical and behavioral properties.",
            "\tSurprisingly it was noticed that present invention is capable of successfully producing anti-dust and easily dispersible diverse pigments while the milling pressure and drying temperatures are in the range as described herein. Accordingly, in another embodiment of the presently claimed invention, the step (e) comprises the composition of step (d) subjected to first spray drying followed by milling at pressure of 6-12 bar pressure to obtain a powder. Particularly, the milling is carried out at 6-12 bar. Particularly, the spray drying is carried out at a pressure of inlet in the range 6 to 12 bar, more particularly at 9 bar. Mean particle size of the powder obtained in the step (e) is in the range of 1 micron to about 15 microns. Optionally, spray dried material is suitably granulated to achieve desired granule size upto 1mm or sometimes upto 2mm. Particularly, the spray drying is carried out at temperature of inlet in the range 150\u00b0C to 200\u00b0C and outlet in the range of 75\u00b0C to 95\u00b0C. More particularly, the temperature of inlet in the range of 170\u00b0C -200\u00b0C and outlet in the range of 75\u00b0C to 95\u00b0C.",
            "\tIn another embodiment of the presently claimed invention, the total of surfactants used are in the range of 30% to 50% wt/wt of the total composition. More particularly, the surfactants used are 35.5%) wt/wt of the total composition. In another embodiment of the presently claimed invention, the carbon black pigment is used in the range of 52%> to 58% wt/wt of the total composition. More particularly, the carbon black pigment is used of 55% wt/wt of the total composition. In another embodiment of the presently claimed invention, the carbon black pigment is selected from D & C Black pigment no. 2, FW 200, Special black 4, Printex black, Philips black, Black N330, Black 220 and the likes.",
            "\tIn another embodiment of the presently claimed invention, the carbon black pigment is D & C Black pigment no. 2, particularly for the cosmetics application. In another embodiment of the presently claimed invention, the carbon black pigment is FW 200, Special black 4, Printex black, Philips black, Black N330 or Black 220, particularly for the ink and paint application.",
            "\tIn another embodiment of the invention an organic pigment is present in the range of 30% to 50% wt/wt of the total composition. Example 9 depicts use of 30%",
            "\tPigment Violet 19, C. I. No. 73900 and Example 6 depicts use of 68% wt/wt Phthalocyanine Blue 15:1, C. I. No. 74160 of organic pigment. The organic pigments may be incorporated in the range of 20% to 68% wt/wt of the total composition, preferred being in the range of 35.5% to 68% wt/wt of the total composition. The inorganic pigments may be incorporated in the range of 50% to 70% wt/wt of the total composition, preferred being in the range of 50% to 65 % wt/wt of the total composition. The carbon black pigment may be incorporated in the range of 40% to 60% wt/wt, preferably from 45% to 55%wt/wt, more preferably from 48% to 52% wt/wt of the total composition.",
            "\tIn another embodiment of the invention an inorganic pigment not amounting to carbon black pigment, is present in the range of 50% to 70% wt/wt of the total composition. Example 3 depicts use of 20% to 70% of Iron Oxide Yellow, C. I. No. 77492 and Example 5 depicts use of 20% to 70% Titanium Dioxide, C. I. No. 77891 inorganic pigment.",
            "\tAccordingly, in another embodiment, invention is directed to an anti-dust and easily dispersible carbon black pigment having moisture content in the range of 0.5% to 15%, more preferably 5% and a mean particle size of at least 200 microns, that disperses in an aqueous medium in at least 59 seconds, preferably in 30 seconds, more preferably in 20 seconds.",
            "\tIn one of the embodiments, the anti-dust and the easily dispersible granulated carbon black pigment has moisture content of 1%, a mean particle size of granules at least 400 microns and it dispersed in an aqueous medium in 20 seconds. Accordingly, in yet another embodiment, anti-dust and easily dispersible pigments prepared as per claimed invention are used in candle and toiletries, cosmetics, paint, ink, and alike industry. Granulation is performed by the processes known in prior art wherein the powder pigment is blended with binder to form dough or wet mass which is then granulated and dried by suitable equipment to achieve required granule size and moisture content.",
            "\tFor example, invention produces anti-dust easily dispersible pigments of the invention by processing or incorporating or using inputs of inorganic pigments such as C.I. No. 15850:1 D & C Red 7 Calcium Lake, CI No. 15850 : 2 D&C RED 6",
            "\tBarium Lake, Pigment Violet 19 C.I. No. 73900, Pigment Violet 23 C.I. No. 51319, Pigment Yellow 3 C.I. No. 11710, Pigment Green 7 C.I. No. 74260 , D & C red 34 Ca Lake C.I. No. 15880:1, Flaming Red C.I. no. 12085, Toluidine Red C.I. no. 12120, Iron Oxide Red C.I. No. 77491, Iron Oxide Yellow C.I. no. 77492, Iron Oxide Black C.I. No. 77499, Titanium Dioxide C.I. no.77891 D & C Black pigment no. 2, FW 200, Special black 4, Printex black, Philips black, Black N330, Black 220 and alike.",
            "\tIncorporation of l%w/w to 20%w/w Dispersing agent in the total weight of composition or pigment product of invention provides product with desirable characteristics of dispersibility, yield and moisture content.",
            "\tIn one embodiment 5%w/w dispersing agent is incorporated. In another embodiment 10%w/w dispersing agent is incorporated. In yet another embodiment the % of dispersing agent incorporated was 15%w/w. In yet another embodiment the % of dispersing agent incorporated was 20%w/w.",
            "\tAccordingly, in yet another embodiment, present invention depicts process to prepare a cosmetic product incorporating pigment produced by present invention and produced by the process claimed by present invention. The process comprises blending or incorporating the anti-dust and easily dispersible pigment of the invention, prepared according to the process of the invention with at least one other cosmetic ingredient.",
            "\tAccordingly, in yet another embodiment of the present invention is depicted the process to prepare a water-based ink comprising the step of blending of the anti-dust and easily dispersible blue pigment of the invention and prepared according to the process of the invention with at least one vehicle of ink along with suitable additive. Accordingly, in yet another embodiment, present invention depicts a process to prepare a water based paint comprising the step of blending of the anti-dust and easily dispersible pigment of the invention and prepared according to the process of the invention with at least one vehicle of paint along with suitable additive.",
            "Detailed Description of The Invention",
            "\tPresent invention describes an anti-dust  and easily dispersible Organic and",
            "\tInorganic Pigment products and processes to prepare pigment products. Invention is",
            "\tdescribed using inorganic pigments such as carbon black, titanium dioxide, iron",
            "\toxide, chromium oxides, ultramarines and carbon black, as well as organic pigments",
            "\tsuch as phthalocyanines and azo pigments/colorants.",
            "\tAnti-dusting means minimizing dust generation or eliminating dust generation or",
            "\tpropensity during handling and processing, improving workplace safety and",
            "\treducing product loss. Anti-dust and dust free are used interchangeably. It is tested",
            "\tas described in Example 1.",
            "\tEasily dispersible or quick dispersing meaning it is dispersed in not more than 59",
            "\tseconds, preferably in not more than 30 seconds, more preferably in not more than",
            "\t20 seconds. Percent and % mean the same.",
            "\t\"millable viscosity\" meaning a measure of a material's ability to flow under specific",
            "\tconditions when it is being processed on a mill.",
            "\tTerm processing includes all unit operations and industrial operations including",
            "\theating or cooling or blending or milling or drying or lubricating or filling or packing",
            "\tor filtering or curing or compressing or granulating or liquifying or such other",
            "\tindustrial or unit operations or processes commonly followed in candle and",
            "\ttoiletries, pharmaceuticals and cosmetics, inks and paints, resin compositions and",
            "\tvarnishes, rubbers and tyre, Textile, Soaps and detergents and Personal care and",
            "\talike so as to produce marketable products.",
            "\tThe terms \"a,\" \"an,\" \"the\" and similar terms used in describing the invention and",
            "\tclaims cover both the singular and the plural meaning, unless otherwise indicated",
            "\therein or specifically contradicted by context.",
            "\tRecitation of ranges of values is intended to serve as a quick method of referring",
            "\tindividually to each separate value falling within the range. Unless otherwise",
            "\tindicated, each individual value is incorporated into the specification as if it were",
            "\tindividually recited herein. The use of any and all examples, or exemplary language",
            "\te.g., \"such as\" or \"alike\" used herein is intended merely to better explain the",
            "\tinvention and does not limit the scope of the claimed invention. Language in the",
            "\tspecification should be construed to indicate any non-claimed element essential to",
            "\tthe perform the invention. Embodiments of the invention and examples are described to illustrate the best mode known to the inventors to carry out the invention.",
            "\tAccording to the present invention, there is provided a process to prepare an anti-dust and easily dispersible organic and inorganic pigment including carbon black pigment. The process comprises following steps:",
            "\ta.\tAt least two surfactants of which at least one may be anionic or both may be",
            "\tnon-ionic surfactants are added to water and stirred to obtain a clear solution;",
            "\tb.\tA dispersing agent is added to clear solution obtained in step a to obtain",
            "\tdispersing agent solution.",
            "\tc.\tTo dispersing agent solution obtained in step b. is added organic or inorganic",
            "\tpigment with constant stirring to obtain homogenous phase;",
            "\td.\tmilling the homogeneous phase obtained in step c keeping milling parameters",
            "\t(maintaining millable viscosity) at temperature 20\u00b0C - 35\u00b0C to obtain milled",
            "\tsuspension,",
            "\te.\tspray drying milled suspension obtained in step d. wherein inlet temperature",
            "\tand outlet temperatures support stability of organic or inorganic pigment",
            "\tincorporated in step c, to obtain spray dried material having particle size upto",
            "\t15 microns.",
            "\tf.\toptionally granulating the spray dried powder obtained in step e to increase",
            "\taverage particle size 1 to 2mm to obtain granulated product,",
            "\tg.\tOptionally drying the granulated product obtained in step f. to obtain dried",
            "\tgranules,",
            "\th. Optionally milling the dried granules obtained in step g through desired mesh",
            "\tsizes or sieves to obtain milled granules of 100 microns to 400 microns or desired",
            "\tparticle size,",
            "\ti. optionally packing the spray dried material obtained in step e/f/g/h with drying",
            "\tagent or dehumidifying agent such as silica gel bags.",
            "\tThe term homogeneous phase includes suspension, dispersion. One or more",
            "\tdispersing agents may be selected from cocamide DEA and Cocamide MEA.,",
            "\tAlcohol ethoxylates (common examples are AEO-7 and AEO-9) and Alkylphenol",
            "\tethoxylates (common examples are NP9 and NP10), Tweens and alike.",
            "\tMilling may be performed by jet mill, colloid mill, sand mill, dyno mill, triple roll",
            "\tmill. Milling parameters can be adjusted by persons skilled in the art suitably to get",
            "\tdesired particle size from 1-2 microns to upto 15microns with satisfactory yield",
            "\tsuitable for spray drying. Incorporation of l%w/w to 20%w/w Dispersing agent in",
            "\tthe total weight of composition or product provides product with desirable",
            "\tcharacteristics of dispersibility, yield and moisture content.",
            "\tGranules obtained after granulation have moisture content in the range of 5% to 15%",
            "\tin case of lake pigments and 5 to 10% in case of other pigments when measured by",
            "\tMettler moisture analyzer instrument and a mean particle size at upto 1000 microns",
            "\tor upto 2000 microns. The ratio of organic pigment or carbon black pigment to the",
            "\tsurfactant is 68:40 to 25:45 in other words it is 1.7:1 to 0.56:1 and that of inorganic",
            "\tpigment to surfactant is 50:30 to 70:30 in other words it is 1.67:1 to 2.33:1.",
            "\tIt is advisable to carry out spray drying at inlet temperature 150 to 200\u00b0 C and outlet",
            "\ttemperature of 75 to 95\u00b0C, more particularly inlet temperature of 170 to 200\u00b0C and",
            "\toutlet temperature of 75 to 95\u00b0C.",
            "\tDuring spray drying, it is advisable to keep inlet pressure in the range 6 to 12 bar,",
            "\tpreferred being 9 bar.",
            "\tThe term \"weight percent (wt/wt%)\" means weight percent of a particular",
            "\tcomponent, e.g., pigment, surfactant, etc., compared with sum of weights of all",
            "\tingredients incorporated, unless specifically contradicted or specified. The terms",
            "\t\"composition\" refers to a list of ingredients and/or components including those that",
            "\tdisappear or volatilize during processing. It may include instructions for preparing",
            "\tand processing ingredients and/or components to make the anti-dust and easily",
            "\tdispersible organic or inorganic pigment inclusive of carbon black pigment.",
            "\tSteps of the present process and the sequence in which these are performed are",
            "\tessential to produce anti-dust and easily dispersible carbon black, organic and",
            "\tinorganic pigments that easily get dispersed in about 59 seconds, preferably in 30",
            "\tseconds, more preferably in about 20 seconds in the aqueous medium.",
            "\tOptionally, one may spray dry the homogeneous phase and then mill the output of spray drying process by suitable means to obtain powder comprising fine particles after due processing. Preferably the milling is carried out at 9 bar and the particles have a mean particle size of about 1 to 15 microns after milling. Non-ionic and or anionic surfactants, dispersing agent incorporated in the process and in the product should be acceptable in respective industry i.e. paint, cosmetics, pharmaceuticals, ink, and alike industry. These ingredients should be compatible with other ingredients used else they prejudicially impact integrity, stability and quality of output.",
            "\tThe at least two surfactants of which at least one may be anionic or both may be non-ionic surfactants used in the presently claimed invention may be selected from any non-ionic surfactant polyoxyethylene ethers of fatty alcohols and acids having CI2 to C20 carbons. More particularly, it is selected from polyoxyethylene ethers of cetearyl alcohol, cetyl alcohol, myristylalcohol, behenyl alcohol, lauryl alcohol or isosteryl alcohol. Some substances may exhibit duel properties i.e. they may act as surfactants as well as dispersing agent. Monebat - C 1821 supplied by Mohini organics also known as CA 25 or Ceteareth-25 acts a surfactant as well as dispersing agent. One may add dispersing agent first.",
            "\tIt is advisable to use polyoxyethylene ethers of lauryl alcohol or such other alcohol, castor oil sulfonate, aliphatic sulfonates and sulfonic acids such as Methanesulfonic acid i.e. Lutropur MSA or Lutropur MSA-XP, Sodium dodecylbenzene sulfonate, i.e. Primesurf SDBS or Ufaryl DL or aromatic sulfonates or sulfonic acids such as benzene sulfonic acid, Naphthalene Sulphonic acid, anthracene Sulphonic acid, or formaldehyde condensates such as sodium aromatic sulfonate formaldehyde, sodium beta naphthalene sulfonate available as FM-L or Kalgen WG-2, or Demol N, Phenylphenolsulfonic acid formaldehyde i.e. Kalgen-9131, dodecylbenzene sulfonic acid i.e. Brensurf Labsa or sodium alpha olefin sulfonates, as at least one of the surfactant of the at least two surfactants. Other surfactant may be selected from remaining in the list stated here before, preferred being polyoxyethylene ethers of cetearyl alcohol, cetyl alcohol, myristyl alcohol, behenyl alcohol, or isosteryl alcohol.",
            "\tThe surfactants are used in the range of 30% to 50% wt/wt of the total composition, particularly in the range of 30% to 46% wt/wt of the total composition. More particularly, surfactants are used of 35.5% wt/wt of the total composition. The scope of the present invention covers several organic and inorganic pigments. The organic pigments may be incorporated in the range of 20% to 68% wt/wt of the total composition, preferred being in the range of 35.5% to 68% wt/wt of the total composition. The inorganic pigments may be incorporated in the range of 50% to 70% wt/wt of the total composition, preferred being in the range of 50% to 65 % wt/wt of the total composition. The carbon black pigment may be incorporated in the range of 40% to 60% wt/wt, preferably from 45% To 55%wt/wt, more preferably from 48%> To 52% wt/wt of the total composition. The carbon black pigment is intended to cover all grades of carbon black pigments and are commercially available under trade name D & C Black pigment no. 2, FW 200, Special black 4, Printex black, Philips black, Black N330, Black 220 and alike which are used in several industries such as paints, ink and tyre.",
            "\tOrganic and inorganic pigments claimed by the invention and process claimed by present invention have properties of being anti-dust or dust-free or non-dusting, easily and homogeneously dispersible in aqueous medium, enhanced Jetness, stability at drying temperature, safe and non-toxic. These properties support their end applications in the field of candle and toiletries, pharmaceuticals and cosmetics, inks and paints, resin compositions and varnishes, rubbers and tyre, Textile, Soaps and detergents and Personal care and alike.",
            "\tThe anti-dust and easily dispersible Carbon black, organic and inorganic pigment of the present invention have moisture content in the range of 0.5% to 15% in case of lake pigment and it is 0.5% to 10% in case of organic and inorganic pigments. It may be adjusted to 15% if required. The granule product has a mean particle size of at least 200 microns. Spray dried pigment product and granules disperse in the aqueous medium in at least about 59 seconds, preferably in about 30 seconds, more preferably in about 20 seconds.",
            "\tPigments prepared by the process of the present invention are conveniently incorporated into making of a cosmetic product by a simple process comprising the",
            "\tprocessing of the anti-dust and easily dispersible carbon black or organic or inorganic pigment of the present invention with at least one other ingredient or suitable additives used in cosmetic composition. Some of the cosmetic products where pigments of the present invention find use are lipstick, rouge, nail polish, eye shadow, brush-on-brow, blushers, eyeliner, mascara, makeup, and foundation. When anti-dust and easily dispersible pigment of the present invention is processed or blended with at least one additive and vehicle or bulking agent or volume builder or medium of ink, a water-based ink is prepared.",
            "\tWhen anti-dust, easily dispersible carbon black or organic or inorganic pigment prepared by the process of the present invention is processed with at least one other ingredient or additive or vehicle or bulking agent or volume builder or medium used in preparation of ink known in the art, a water-based ink is prepared. Processing of the anti-dust and easily dispersible carbon black or organic and inorganic pigment of the present invention with at least one other ingredient or suitable additive, suitable excipients and vehicle or medium used in the process to prepare paints known in the art provides water-based paint composition. For example products of the invention wherein one or more of the pigments selected from titanium dioxide, iron oxide, chromium oxides, ultramarines, carbon black, C.I. No. 15850:1 D & C Red 7 Calcium Lake, CI No. 15850 : 2 D&C RED 6, Barium Lake, Pigment Violet 19 C.I. No. 73900, Pigment Violet 23 C.I. No. 51319, Pigment Yellow 3 C.I. No. 11710 ,Pigment Green 7 C.I. No. 74260, D & C red 34 Ca Lake C.I. No. 15880:1, Flaming Red C.I. no. 12085, Toluidine Red C.I. no. 12120, Iron Oxide Red C.I. No. 77491, Iron Oxide Yellow C.I. no. 77492, Iron Oxide Black C.I. No. 77499, Titanium Dioxide C.I. no.77891 is incorporated produces water based paint composition.",
            "\tTo measure enhanced dispersion properties of carbon black, organic and inorganic pigment of the present invention, comparison was made with conventional commercially available organic pigment C.I. No. 15850:1 D&C Red 7 Calcium Lake, CI No. 15850 : 2 D&C RED 6 Barium Lake, Pigment Violet 19 C.I. No. 73900, Pigment Violet 23 C.I. No. 51319, Pigment Yellow 3 C.I. No. 11710, Pigment Green 7 C.I. No. 74260 , D & C red 34 Ca Lake C.I. No. 15880:1, Flaming",
            "\tRed C.I. no. 12085, Toluidine Red C.I. no. 12120 and inorganic pigment Iron Oxide Red C.I. No. 77491, Iron Oxide Yellow C.I. no. 77492, Iron Oxide Black C.I. No. 77499, Titanium Dioxide C.I. no.77891 D & C Black pigment no. 2. Experiments showed that organic and inorganic pigments of the present invention easily dispersed in water or any other aqueous medium in less than 59 seconds, pigment yellow easily dispersed in 30 seconds, Phthalocyanine Blue pigment easily dispersed in 30 seconds as compared to commercially available non treated organic and inorganic pigments which were never dispersed in 59 seconds. In fact they took far more time about 2 minutes or more in some cases, 5 minutes in some other cases and so on. An anti-dust and easily dispersible carbon black or organic or inorganic pigment as per present invention having moisture content in the range of 0.5% to 15% and granules have a mean particle size of at least 200 microns prepared according to the process of invention, disperses in the aqueous medium in 59 seconds, preferably in 30 seconds, more preferably in 20 seconds without applying high shear. Pigments of the present invention have substantially reduced energy requirements for mixing, yet deliver homogeneous, complete and uniform dispersion with enhanced Jetness. Examples show that carbon black, organic and inorganic pigments of the present invention have better anti-dust properties and easily disperse in the aqueous medium and thus are useful in the field of candle and toiletries, pharmaceuticals and cosmetics, inks and paints, resin compositions and varnishes, rubbers and tyre, Textile, Soaps and detergents and Personal care and alike.",
            "The above and other objects, features and advantages of the present invention are described in detail with reference to certain exemplary embodiments in the example section but are not limitative of the present invention. Present description of the invention is intended to cover various alternatives, modifications, equivalents and other embodiments, which may be included within the spirit and scope of the invention as defined by the appended claims. Thus, a pigment product wherein an additional ingredient is present along with claimed essential elements and proportions or ratios of various ingredients described in detailed description taught by present invention, fall within the purview of the claims of present invention.",
            "\tComparative Examples. Example I. Ex. 1 to Ex.4 are examples under Comparative Example I: QS means quantity sufficient. Moisture content was 2%-5%. Compositions were processed as per working example no 3.",
            "\tIngredient and quantity\tEx.1\tEx.2\tEx.3\tEx.4",
            "\tNSA\t40%\tX\t50%\t&#8730;",
            "\tCA25\t10%\t50%\tX\t&#8730;",
            "\tWater\tQS\tQS\tQS\t&#8730;",
            "\tPigment\t50%\t50%\t50%\t&#8730;",
            "\tEx.1 - Product of comparative example 1 could be milled and spray dried as described in working example 2, was tested to verify anti-dust performance and dispersion rate as per working example 1. The product was dust free or anti-dust as it did not cling to walls of bag and dispersed in 55 seconds. The product met required standards of anti-dust performance Particle size was 12 microns. Ex.2 - Only one Non-ionic surfactant i.e. CA 25 was used, resulting product was sticky, did not meet required standards of anti-dust performance, dispersibility. Ex.3 - Only one surfactant is used i.e. NSA the resulting product obtained did not disperse properly in aqueous medium even after 90 seconds. Comparative Ex.4 - Perform same as working example 1 only grinding is avoided. Resultant product settled down in aqueous medium instead of dispersing. Comparative Example II: Ex. 5 to Ex. 8 are examples under Comparative Example II.",
            "\tIngredient and quantity\tEx.5\tEx.6\tEx.7\tEx.8",
            "\tNSA\t15%\t40%\t30%\t40%",
            "\tCA25\t2%\t15%\t10%\t10%",
            "\tWater\tQS\tQS\tQS\tQS",
            "\tPigment\t78%\t40%\t55%\t45%",
            "\tEx. 5 and Ex. 6 contained lesser and greater wt/wt amounts of surfactants respectively and the pigments produced could not be dispersed in 59 seconds. Ex. 7 and Ex. 8 contained higher and lower quantum of pigment. Product of Ex. 5 to Ex. 8 failed in dispersion time and in anti-dust performance. Ex. 5 product had dispersion time more than 60 seconds. Product of Ex. 6 and Ex. 8 took more than 5 minutes and",
            "\tmore than 4 minutes respectively to settle. Product of Ex. 7 took more than 70 seconds to disperse in solvent and dispersion was not uneven. Fast settling observed in case of Ex. 7 and so settled particles did not disperse giving uneven appearance.",
            "\tWorking Examples",
            "\tExample 1: Procedure to test Anti-dust or dust free nature, dispersion time.",
            "\tDust: We have carried out experiment by dropping the carbon black/organic or",
            "\tinorganic granules prepared as process illustrated in example 10 in the polyethylene",
            "\tbag from the distance of 1.5 feet, we have observed that there was no generation of",
            "\tdust or particles sticking to walls of the bag. We have also shaken the bag and could",
            "\tnot find particle deposits on the walls of the bag or generation of dust into the bag.",
            "\tWhen the same experiment was performed by dropping commercially available",
            "\tcarbon black Pigment there was dust generation and dust also clung or adhered to",
            "\twalls of the bag. Dispersion time: 500 mg of granules prepared as per example 10",
            "\tand Pigment produced as per example 2 were poured into 50 ml of DM water and it",
            "\tdispersed completely  in  18  seconds  and  30  seconds respectively  giving  a",
            "\thomogeneous dispersion.",
            "\tExample 2: Anti-dust easily dispersible inorganic Iron Oxide Red pigment of the",
            "\tinvention and the process to produce it.",
            "\tTo 200 ml of demineralized water (DM water) in a container, 10 percent by mass",
            "\tCeteareth-25 is added with constant stirring for about one hour, then 20% Benzene",
            "\tsulfonic acid is added with constant stirring to obtain homogenous solution. Added",
            "\t50%w/w of Iron Oxide Red Pigment with constant stirring till pigment dispersed",
            "\tthoroughly to obtain dispersion. As pigment particles are in coarser form it is ground",
            "\tin sand mill to make the mean particles size about 5 microns. Spray dried the",
            "\tdispersion to get the dry, Anti-dust, dust free and easily dispersible powder. Yield:",
            "\t950 gms. One may use suitable means of milling to achieve particle size of 5 microns",
            "\tto nano size as may be required.",
            "\tExample 3: Anti-dust easily dispersible inorganic Iron Oxide Yellow pigment of",
            "\tthe invention and the process to produce it.",
            "\tTo 200 ml of DM water in a container, 15% by mass Ceteareth-25 is added with",
            "\tconstant stirring for about one hour, then 15% Anthracene Sulphonic Acid is added",
            "\tto obtain homogenous solution. Added 70% of Iron Oxide Yellow Pigment with",
            "\tconstant stirring to disperse pigment thoroughly to obtain dispersion. As pigment",
            "\tparticles are in coarser form it is ground in sand mill to make the mean particles size",
            "\t5 microns. Spray dried the dispersion to get the dry, anti-dust, dust free and easily",
            "\tdispersible powder. Yield: 945gms.",
            "\tExample 4: Anti-dust easily dispersible inorganic Iron Oxide Black pigment of the",
            "\tinvention and the process to produce it.",
            "\tTo 200 ml of DM water in a container, 20% by mass Ceteareth-25 is added with",
            "\tconstant stirring for about one hour, then 20% Phenylphenolsulfonic acid is added",
            "\twith constant stirring to obtain homogenous solution. Added 70% of Iron Oxide",
            "\tBlack Pigment with constant stirring to thoroughly disperse pigment to obtain",
            "\tdispersion. As pigment particles were coarser, it is ground in sand mill to ultimately",
            "\tmake the mean particles size 5 microns. This dispersion is spray dried to get the dry,",
            "\tanti-dust or dust free and easily dispersible powder. Yield: 960 gms.",
            "\tExample 5: Anti-dust easily dispersible inorganic Titanium Dioxide pigment of the",
            "\tinvention and the process to produce it.",
            "\tTo 200 ml of DM water in a container, 8% by mass Ceteareth-25 is added with",
            "\tconstant stirring for about one hour, then 27.5% Naphthalene Sulphonic Acid of",
            "\tLow sodium content is added with constant stirring to obtain homogenous solution.",
            "\tAdded 65% of Titanium Dioxide Pigment with constant stirring till pigment",
            "\tdispersed thoroughly in dispersion. As pigment particles were coarser, it is ground",
            "\tin sand mill to ultimately make the mean particles size 5 to 6 microns. Spray dried",
            "\tthe dispersion to get the dry, anti-dust, dust free and easily dispersible powder. Yield:",
            "\t950 gms.",
            "\tExample 6: Anti-dust easily dispersible Phthalocyanine Blue organic pigment of the",
            "\tinvention and the process to produce it.",
            "\tTo 200 ml of DM water in a container, 12% by mass Ceteareth-25 is added with",
            "\tconstant stirring for about one hour, then 28% percent sodium beta naphthalene",
            "\tsulfonate is added with constant stirring to obtain homogenous solution. Added",
            "\tabout 68% of Phthalocyanine Blue Pigment with constant stirring to thoroughly",
            "\tdisperse the pigment to obtain dispersion. As pigment particles were coarser, it is",
            "\tground in sand mill to ultimately make the mean particles size about 6 microns. This",
            "\tdispersion is spray dried to get the dry, anti-dust or dust free and easily dispersible",
            "\tpowder. One can prepare a product having moisture content 2% to 15%. Yield:",
            "\t960gms.",
            "\tExample 7: Anti-dust easily dispersible Phthalocyanine Green organic pigment of",
            "\tthe invention and the process to produce it.",
            "\tTo 200 ml of DM water in a container, 14% by mass Ceteareth-25 is added with",
            "\tconstant stirring  for about one hour, then 31%  sodium aromatic  sulfonate",
            "\tformaldehyde is added with constant stirring to obtain homogenous solution. Added",
            "\t25% of Phthalocyanine Green Pigment with constant stirring till pigment dispersed",
            "\tthoroughly to obtain dispersion. As pigment particles are in coarser form it is ground",
            "\tin sand mill to ultimately make the mean particles size 6 to 7 microns. This",
            "\tdispersion is spray dried to get the dry, Anti-dust or dust free and easily dispersible",
            "\tpowder. Yield: 965gms.",
            "\tExample 8: Anti-dust easily dispersible Deep Maroon Pigment organic pigment of",
            "\tthe invention and the process to produce it.",
            "\tTo 200 ml of DM water in a container, 20% percent by mass Ceteareth-25 is added",
            "\twith constant stirring for about one hour, then 10% percent Sodium dodecylbenzene",
            "\tsulfonate is added with constant stirring to obtain homogenous solution. Added 20%",
            "\tpercent of Deep Maroon Pigment with constant stirring till pigment dispersed",
            "\tthoroughly to obtain dispersion. As pigment particles are in coarser form it is ground",
            "\tin sand mill or any other source which ultimately make the mean particles size 6 to",
            "\t7 microns. This dispersion is spray dried to get the dry, anti-dust or dust free and",
            "\teasily dispersible powder. Yield: 950gms.",
            "\tExample 9: Anti-dust easily dispersible Violet 19 organic pigment of the invention",
            "\tand the process to produce it.",
            "\tTo 200 ml of DM water in a container, 10% percent by mass Ceteareth-25 is added",
            "\twith constant stirring for about 1 hour, then 25.5% Naphthalene Sulphonic Acid of",
            "\tLow sodium content is added with constant stirring to obtain homogenous solution.",
            "\tAdded 30% percent of Violet 19 Pigment with constant stirring to thoroughly disperse the pigment to obtain dispersion. Pigment particles were coarser hence ground in sand mill to ultimately obtain dispersion with mean particles size 5 to 6 microns. This dispersion is spray dried to get the dry, anti-dust or dust free and easily dispersible powder. Yield: 960gms.",
            "\tExample 10: Anti-dust easily dispersible Violet 23 organic pigment of the invention and the process to produce it.",
            "\tTo 200 ml of DM water in a container, 10% by mass Ceteareth-25 is added with constant stirring for about one hour, then 35% Benzene Sulphonic Acid of Low sodium content is added with constant stirring to make homogenous solution. Added 35% of Pigment Violet 23 with constant stirring till pigment dispersed thoroughly. As pigment particles are in coarser form it is ground in sand mill to ultimately get the dispersion with mean particles size 4 to 5 microns. This dispersion is spray dried. Dry, anti-dust or dust free and easily dispersible powder obtained. Yield: 960gms. Example 11: Anti-dust easily dispersible carbon black pigment of the invention and the process to produce it.",
            "\tTo 200 ml of DM water in a container, 10% by mass Ceteareth-25 is added with constant stirring for about one hour, then 40% anthracene Sulphonic acid is added with constant stirring to obtain homogenous solution. Added 40% of Carbon Black Pigment with constant stirring till pigment dispersed thoroughly in dispersion. As pigment particles are in coarser form it is ground in sand mill to ultimately get a dispersion with mean particles size 4 to 5 microns. This dispersion is spray dried. Dry, anti-dust or dust free and easily dispersible powder obtained. Yield: 940gms. Example 12: General process to prepare granules",
            "\tThe pigment powder product of the invention is blended with suitable bulking agent and a liquid binder to achieve a wet mass or dough in a planetary mixer. The binder can be water or a solvent that facilitates granule formation. One may use suitable other granulating equipment. The wet mass is passed through suitable sieves to form granules manually or mechanically in suitable granulator/mill to obtain wet granules. Wet granules are dried in drying equipment such as fluid bed or tray dryer. After",
            "\tdrying, the granules are sized as per requirement to achieve required particle size varying from 200 micros to 2000 microns, preferably around 1000 microns. Example 13:",
            "\ta= Example number, b and c = First and second Surfactant, d= b+c, e= input pigment %, f=drying inlet and outlet temperature in \u00b0C, g = dispersing agent %, h= Dispersion time in not more than seconds, i= Moisture content in product, j= Particle size of product. In column a, IO, O and C =Inorganic, Organic and Carbon black pigment.",
            "\ta\tb\tc\td\te\tf\tg\th\ti in %\tJ",
            "\t2IO\t10\t20\t30\t50\t180/90\t10\t20\t1.46%\t5.6",
            "\t3IO\t15\t15\t30\t70\t150/75\t15\t30\t2.49%\t5.0",
            "\t4IO\t20\t20\t40\t70\t160/75\t20\t28\t1.96%\t4.98",
            "\t5IO\t8\t27.5\t35.5\t65\t170/95\t8\t26\t3.85%\t5.8",
            "\t60\t12\t28\t40\t68\t190/85\t12\t30\t4.23%\t6.2",
            "\t70\t14\t31\t45\t25\t190/80\t14\t35\t3.14%\t6.8",
            "\t80\t20\t10\t30\t20\t190/95\t20\t35\t5.32%\t6.23",
            "\t90\t10\t25.5\t35.5\t30\t190/80\t10\t39\t6.50%\t5.80",
            "\t10 O\t10\t35\t45\t35\t190/80\t10\t28\t6.39%\t4.8",
            "\t11C\t10\t40\t50\t40\t190/80\t10\t20\t2.5%\t4.2",
            "\tRatio of % of Inorganic pigment to sum of surfactants of Example 2 to 5 are 1.67:1, 2.33:1, 1.75:1 and 1.83:1, therefore the range is 1.67:1 to 2.33:1 where d=l. Same is 50:30, 70:30, 70:40 and 65:35.5 respectively when actual figures depicted in Table depicted in Example 13 in column e and d are taken. Ratio of % of organic pigment to sum of surfactants of Example 6 to 10 are 1.70:1, 0.56:1, 0.67:1, 0.85:1 and 0.78:1, therefore the range is 1.7:1 to 0.56:1 where d= 1. Same is 68:40,25:45,20:30,30:35.5 and 35:45 respectively when actual figures depicted in Table depicted in Example 13 in column e and d are taken. Ratio of % of Carbon black pigment to sum of surfactants of Example 11 is 0.8:1 and the same is 40:50 when actual figures depicted in Table depicted in Example 13 in column e and d.",
            "\tClaims We claim,",
            "\t1.\tAnti-dust and easily dispersible pigments comprising the organic pigments in the range of 20% to 68% wt/wt, of the total composition, or the inorganic pigments in the range of 50% to 70% wt/wt of the total composition. Or Carbon Black pigment in the range of in the range of 40% to 60% wt/wt, at least two surfactants 30% to 50% wt/wt, at least one dispersing agent from l%wt/wt -20%wt/wt and which have moisture content in the range of 0.5% to 15%w/w which disperse in aqueous solvents in not more than 59 seconds to provide homogeneous solution.",
            "\t2.\tThe pigment as claimed in claim 1 wherein non-ionic surfactants are selected from the group consisting of alkoxylated polyethers, alkoxylated esters, polyglycol ethers, alcohol alkoxylates or alkylphenol polyglycol ethers.",
            "\t3.\tThe pigment as claimed in claim 1 wherein the dispersing agent is selected from cocamide DEA, Cocamide MEA, Alcohol ethoxylates such as AEO-7, AEO-9, Alkylphenol ethoxylates such as NP9, NP10; Tweens, CA 25 or Ceteareth-25 and alike.",
            "\t4. A process to prepare anti-dust and easily dispersible carbon black, organic or",
            "\tinorganic pigments; said process comprising the steps of:",
            "\ta. adding at least two surfactants of which at least one may be anionic or both may be non-ionic surfactants selected from the group consisting of polyoxyethylene ethers of fatty alcohols and acids having C12 to C20 carbons, polyoxyethylene ethers of cetearyl alcohol or cetyl alcohol or Myristyl alcohol or behenyl alcohol or lauryl alcohol or isosteryl alcohol, or such other alcohol, castor oil sulfonate, aliphatic sulfonates and sulfonic acids such as Methanesulfonic acid i.e. Lutropur MSA or Lutropur MSA-XP, Sodium dodecylbenzene sulfonate, i.e. Primesurf SDBS or Ufaryl DL or aromatic sulfonates or sulfonic acids such as benzene sulfonic acid, Naphthalene Sulphonic acid, anthracene Sulphonic acid, or formaldehyde condensates such as sodium aromatic sulfonate formaldehyde, sodium beta naphthalene sulfonate available as FM-L or Kalgen WG-2, or Demol N,",
            "\tPhenylphenolsulfonic acid formaldehyde i.e. Kalgen-9131, dodecylbenzene sulfonic acid i.e. Brensurf Labsa or sodium alfa olefn sulfonates, alkoxylated polyether, alkoxylated ester, polyglycol ethers, alcohol alkoxylates or alkylphenolpolyglycol ethers or mixtures thereof in water and stirring to obtain a clear solution;",
            "\tb.\tadding a dispersing agent to clear solution obtained in step a. and stirring to",
            "\tdissolve completely to obtain dispersing agent solution,",
            "\tc.\tadding pigment to dispersing agent solution obtained in step b. and stirring to",
            "\tsuspend evenly to obtain homogeneous phase,",
            "\td.\tmilling the homogeneous phase obtained in step c to obtain milled suspension,",
            "\thaving particle size preferably upto 15 microns,",
            "\te.\tspray drying milled suspension obtained in step d. wherein inlet temperature",
            "\tand outlet temperatures support stability of organic or inorganic pigment",
            "\tincorporated in step c, to obtain spray dried material having particle size",
            "\tpreferably upto 15 microns,",
            "\tf.\toptionally granulating the spray dried powder to increase average particle size",
            "\tupto 1000 microns optionally upto 2000 microns to obtain granulated product,",
            "\tg.\tOptionally drying the granulated product obtained in step f. to obtain dried",
            "\tgranules to get mean particle of granules up to 1000 microns optionally upto",
            "\t2000 microns,",
            "\th. Optionally milling the dried granules obtained in step g through desired mesh sizes or sieves to obtain milled granules to get mean particle of granules from 100 microns to 400 microns or desired particle size,",
            "\ti. optionally packing the spray dried material obtained in step e/f/g/h with drying agent or dehumidifying agent such as silica gel bags.",
            "\t5.\tThe process as claimed in claim 4, wherein the step (e) comprises the composition of step (d) subjected to first spray drying followed by milling at pressure of 6 to 12 bar to obtain a powder or followed by milling to get mean particle size of 1 micron to 15 microns.",
            "\t6.\tThe process as claimed in claim 4, wherein the non-ionic surfactant is selected",
            "\tfrom polyoxyethylene ethers of fatty alcohols and acids having C12 to C20",
            "\tcarbons, polyoxyethylene ethers of cetearyl alcohol, cetyl alcohol, myristyl alcohol, behenyl alcohol, lauryl alcohol, or isosteryl alcohol.",
            "\t7.\tThe process as claimed in claims 4 or 6, wherein at least one non-ionic surfactant",
            "\tof the at least two non-ionic surfactants is polyoxyethylene ethers of lauryl alcohol or NSA.",
            "\t8.\tThe process as claimed in claim 4, wherein the surfactants are 30% to 50% wt/wt",
            "\tof the total composition, more preferably 35.5% w/w of the total composition.",
            "\t9.\tThe process as claimed in claim 4, wherein the organic pigments are incorporated",
            "\tin the range of 20% to 68% wt/wt, of the total composition or inorganic pigments are incorporated in the range of 50% to 70% wt/wt, or wherein the carbon black pigment is incorporated in the range of 40% to 60% wt/wt of the total composition.",
            "\t10.\tThe product as claimed in claim 1 wherein the inorganic pigment is selected from one or more of titanium dioxide, iron oxide, and carbon black, Chromium Oxide Green, Chromium Hydrated Oxide Green, Ultramarines.",
            "\t11.\tThe product as claimed in claim 1 wherein the organic pigment is selected from phthalocyanines and azo pigments or mixtures thereof.",
            "\t12.\tThe process as claimed in claim 4, wherein the inorganic pigment is selected from one or more of titanium dioxide, iron oxide, chromium oxide Green, Chromium Hydrated Oxide Green, ultramarines and carbon black.",
            "\t13.\tThe process as claimed in claim 4, wherein the organic pigment is selected from",
            "\tphthalocyanines and azo pigments or mixtures thereof.",
            "\t14.\tThe product as claimed in claim 1 when incorporated in input for application in candle and toiletries, pharmaceuticals and cosmetics, inks and paints, resin compositions and varnishes, rubbers and tyre, Textile, Soaps and detergents and Personal care and alike.",
            "\t15.\tAn anti-dust and easily dispersible carbon black or organic or inorganic pigment as claimed in claim 1 having a mean particle size upto 15microns.",
            "\t16.\tAn anti-dust and easily dispersible carbon black or organic or inorganic pigment as claimed in claim 1 wherein the pigment disperses in the aqueous medium preferably in 30 seconds, more preferably in 20 seconds.",
            "\t17. Use of the anti-dust and easily dispersible carbon black pigment as claimed in claim 1 having moisture content in the range of 0.5 to 15% and a mean particle size of upto 15microns in toiletries, pharmaceuticals and cosmetics, inks and paints, resin compositions and varnishes, rubbers and tyre, Textile, Soaps and detergents and Personal care and alike industry applications.",
            "\t19.\tA method for making a cosmetic product; the method comprising processing of the anti-dust and easily dispersible carbon black or organic or inorganic pigment claimed in claim 17 with at least one other ingredient, suitable additives used in cosmetic composition.",
            "\t20.\tA method for making a water-based ink comprising the step of processing of the anti-dust and easily dispersible organic or inorganic or carbon black pigment as claimed in claim 17 with at least one other ingredient or additive or vehicle or bulking agent or volume builder or medium of ink along with suitable additive.",
            "\t21.\tA method for making a water-based paint comprising the step of processing of the anti-dust and easily dispersible carbon black or organic or inorganic pigment as claimed in claim 17 with at least one other ingredient or suitable additive, suitable excipients and vehicle or medium to prepare paints.",
            "\t22.\tAnti-dust and easily dispersible pigments as claimed in claim 1 wherein organic is present preferably from 35.5% to 68% wt/wt or inorganic pigment is present preferably from 50% to 65 % wt/wt of the total composition, or Carbon Black pigment preferably 40%.",
            "\t23.\tAnti-dust and easily dispersible pigments as claimed in claim 1 wherein the ratio of input organic pigment or carbon black pigment to surfactants is from 68:40 to 25:45 or from 1.7:1 to 0.56:1",
            "\t24.\tAnti-dust and easily dispersible pigments as claimed in claim 1 wherein the",
            "\tratio of input of inorganic pigment to surfactant is from 50:30 to 70:30 or from",
            "\t1.67:1 to 2.33:1.",
            "\t25.\tAnti-dust and easily dispersible pigments as claimed in claim 1 wherein",
            "\tdisperses in aqueous solvents preferably in not more than 30 seconds, more",
            "\tpreferably in not more than 20 seconds",
            "\t26.\tThe process as claimed in claim 9 wherein the organic pigments are incorporated",
            "\tin the preferred range of 35.5% to 68% wt/wt. of the total composition.",
            "\t27.\tThe process as claimed in claim 9 wherein the inorganic pigments are",
            "\tincorporated in the preferred range of 50% to 65 % wt/wt of the total",
            "\tcomposition.",
            "\t28.\tThe process as claimed in claim 9 wherein the Carbon black pigments are",
            "\tincorporated preferably 40% wt/wt of the total composition."
        ],
        "Inventors": [
            {
                "Name": "DESAI RISHABH DHIRUBHAI",
                "Address": "F-11, NAND JYOT INDUSTRIAL PREMISES, SAFED POOL, ANDHERI KURLA ROAD, SAKI NAKA, ANDHERI (E), MUMBAI-400 072, MAHARASHTRA, INDIA",
                "Country": "India",
                "Nationality": "India"
            }
        ],
        "Applicants": [
            {
                "Name": "M/S KOEL COLOURS PVT.LTD",
                "Address": "F-11, NAND JYOT INDUSTRIAL PREMISES, SAFED POOL, ANDHERI KURLA ROAD, SAKI NAKA, ANDHERI (E), MUMBAI-400 072, MAHARASHTRA, INDIA",
                "Country": "India",
                "Nationality": "India"
            }
        ]
    }
}