{
    "202411066315": {
        "Invention Title": "MICROSTRIP PATCH ANTENNA SYSTEM",
        "Publication Number": "38/2024",
        "Publication Date": "20/09/2024",
        "Publication Type": "INA",
        "Application Number": "202411066315",
        "Application Filing Date": "02/09/2024",
        "Priority Number": "",
        "Priority Country": "",
        "Priority Date": "",
        "Field Of Invention": "ELECTRONICS",
        "Classification (IPC)": "H01Q0009040000, H01Q0001380000, H01Q0001480000, H01Q0021060000, H01Q0021000000",
        "Abstract": "Abstract\r\nThe present disclosure provides an antenna system 100, comprising: a substrate 102 having dimensions of 48 mm by 92 mm by 1.6 mm; a patch antenna 104 disposed on said substrate 102, wherein said patch antenna 104 comprises: a first rectangular section 106 having dimensions of 46 mm by 19 mm; a second rectangular section 108 having dimensions of 18.5 mm by 14 mm; a third rectangular section 110 having dimensions of 46 mm by 20 mm; a fourth rectangular section 112 having dimensions of 15.5 mm by 16 mm; a fifth rectangular section 114 having dimensions of 46 mm by 15.5 mm; a feed line 116 having dimensions of 5 mm by 6.5 mm, operatively connected to said patch antenna 104; a ground plane 118 disposed beneath said substrate 102 with dimensions of 48 mm by 46 mm by 0.035 mm.\r\nFig. 1\r\n\r\n                                                                                  \r\n\r\nDated 22 August 2024                     \t\t               Kumar Tushar Srivastava\r\n               IN/PA- 3973\r\n                                                                            Agent for the Applicant",
        "Description": [
            "Description:COMPACT MICROSTRIP PATCH ANTENNA SYSTEM",
            "Field of the Invention",
            "\t[0001]\tThe present disclosure generally relates to antenna systems. Further, the present disclosure particularly relates to a microstrip patch antenna system.",
            "\tBackground",
            "[0002]\tThe background description includes information that may be useful in understanding the present invention. It is not an admission that any of the information provided herein is prior art or relevant to the presently claimed invention, or that any publication specifically or implicitly referenced is prior art.",
            "\t[0003]\tAntennas play a vital role in modern communication systems, facilitating the transmission and reception of electromagnetic signals. Various types of antennas, including microstrip patch antennas, are widely used due to their compact size, low profile, and ease of integration with printed circuit boards. Traditional microstrip patch antennas typically employ rectangular or circular patches, each with specific dimensions and configurations aimed at optimizing performance parameters such as bandwidth, gain, and impedance matching. However, conventional designs often encounter limitations, particularly in achieving wide bandwidth and high efficiency simultaneously.",
            "\t[0004]\tOne well-known technique involves using a single rectangular patch antenna, which is straightforward to design and fabricate. Such an antenna is generally capable of providing satisfactory performance in terms of gain and impedance matching for narrowband applications. However, said design tends to exhibit limited bandwidth, making the antenna less suitable for broadband applications. Additionally, achieving high radiation efficiency while maintaining a compact form factor remains a challenge. Environmental factors and material properties of the substrate also significantly influence the overall performance of the antenna.",
            "\t[0005]\tAnother commonly used approach is the implementation of patch antennas with multiple slots or cuts to enhance bandwidth and radiation characteristics. Aforesaid designs introduce additional parameters that can be adjusted to improve performance. For instance, slotted patch antennas can achieve broader bandwidths and better impedance matching compared to traditional single-patch designs. Nevertheless, such configurations often involve increased design complexity and require precise fabrication techniques. The integration of the antennas into compact devices can be challenging, and maintaining consistent performance across different operating conditions remains difficult.",
            "\t[0006]\tVarious other state-of-the-art techniques, including the use of different substrate materials and multilayer structures, are also employed to optimize antenna performance. Substrate materials with high permittivity and low loss tangent are often chosen to enhance the dielectric properties, thereby improving the efficiency of the antenna. However, said materials can be expensive and may complicate the manufacturing process. Multilayer structures, which involve stacking multiple dielectric layers, can achieve superior performance but at the cost of increased design and fabrication complexity.",
            "\t[0007]\tIn light of the above discussion, there exists an urgent need for solutions that overcome the problems associated with conventional systems and/or techniques for antennas.",
            "\tSummary",
            "[0008]\tThe following presents a simplified summary of various aspects of this disclosure in order to provide a basic understanding of such aspects. This summary is not an extensive overview of all contemplated aspects, and is intended to neither identify key or critical elements nor delineate the scope of such aspects. Its purpose is to present some concepts of this disclosure in a simplified form as a prelude to the more detailed description that is presented later.",
            "\t[0009]\tThe following paragraphs provide additional support for the claims of the subject application.",
            "\t[00010]\tIn an aspect, the present disclosure provides an antenna system 100, comprising: a substrate having dimensions of 48 mm by 92 mm by 1.6 mm; a patch antenna disposed on said substrate, wherein said patch antenna comprises: a first rectangular section having dimensions of 46 mm by 19 mm; a second rectangular section having dimensions of 18.5 mm by 14 mm; a third rectangular section having dimensions of 46 mm by 20 mm; a fourth rectangular section having dimensions of 15.5 mm by 16 mm; a fifth rectangular section having dimensions of 46 mm by 15.5 mm; a feed line having dimensions of 5 mm by 6.5 mm, operatively connected to said patch antenna; a ground plane disposed beneath said substrate with dimensions of 48 mm by 46 mm by 0.035 mm.",
            "\t[00011]\tThe substrate comprises Rogers 92ML material with a relative permittivity in a range of 4.9 to 5.3. Such a substrate material enhances the dielectric properties, contributing to improved performance of the antenna system 100 by reducing signal loss and enabling better impedance matching.",
            "\t[00012]\tThe patch antenna operates at a frequency in a range of 3.2 to 3.7 GHz. Such a configuration ensures that the patch antenna can efficiently transmit and receive signals within said frequency range.",
            "\t[00013]\tThe feed line provides impedance matching in a range of 40 to 60 Ohms. Such impedance matching enables efficient signal transmission and reception, reducing signal reflection and enhancing the overall performance of the antenna system 100.",
            "\t[00014]\tThe patch antenna is fabricated using a photolithography process. Such a fabrication process affirms high precision and consistency in the dimensions and layout of the patch antenna, contributing to the reliable performance of the antenna system 100.",
            "\t[00015]\tThe ground plane is positioned on the opposite side of the substrate relative to the patch antenna. Such positioning enhances the radiation characteristics of the patch antenna by providing a reflective surface, improving the overall efficiency of the antenna system 100.",
            "\t[00016]\tThe antenna system provides a voltage standing wave ratio (VSWR) in a range of 0.95 to 1.18 at 3.5 GHz. Such a VSWR indicates minimal signal reflection and maximum power transfer, enhancing the efficiency and performance of the antenna system 100.",
            "\t[00017]\tThe antenna system provides a gain in a range of 2.5 to 3 dB. Such a gain reflects the ability of the antenna system 100 to amplify signal strength, providing better reception and transmission capabilities.",
            "\t[00018]\tThe antenna system provides a directivity in a range of 5 to 6 dB at 3.5 GHz. Such directivity indicates the ability of antenna system to focus energy in a specific direction, improving signal strength and coverage in that direction.",
            "Brief Description of the Drawings",
            "[00019]\tThe features and advantages of the present disclosure would be more clearly understood from the following description taken in conjunction with the accompanying drawings in which:",
            "\t[00020]\tFIG. 1 illustrates an antenna system 100, in accordance with the embodiments of the present disclosure.",
            "\t[00021]\tFIG. 2 illustrates multiple views of an antenna system, in accordance with the embodiments of the present disclosure.",
            "\t[00022]\tFIG. 3 illustrates the Voltage Standing Wave Ratio (VSWR) of an antenna system, in accordance with the embodiments of the present disclosure.",
            "\t[00023]\tFIG. 4 illustrates the Far Field zone for an antenna system, in accordance with the embodiments of the present disclosure.",
            "\t[00024]\tFIG. 5 illustrates the S-parameter plot (S1,1) of an antenna system, in accordance with the embodiments of the present disclosure.",
            "Detailed Description",
            "[00025]\tIn the following detailed description of the invention, reference is made to the accompanying drawings that form a part hereof, and in which is shown, by way of illustration, specific embodiments in which the invention may be practiced. In the drawings, like numerals describe substantially similar components throughout the several views. These embodiments are described in sufficient detail to claim those skilled in the art to practice the invention. Other embodiments may be utilized and structural, logical, and electrical changes may be made without departing from the scope of the present invention. The following detailed description is, therefore, not to be taken in a limiting sense, and the scope of the present invention is defined only by the appended claims and equivalents thereof.",
            "\t[00026]\tThe use of the terms \u201ca\u201d and \u201can\u201d and \u201cthe\u201d and \u201cat least one\u201d and similar referents in the context of describing the invention (especially in the context of the following claims) are to be construed to cover both the singular and the plural, unless otherwise indicated herein or clearly contradicted by context. The use of the term \u201cat least one\u201d followed by a list of one or more items (for example, \u201cat least one of A and B\u201d) is to be construed to mean one item selected from the listed items (A or B) or any combination of two or more of the listed items (A and B), unless otherwise indicated herein or clearly contradicted by context. The terms \u201ccomprising,\u201d \u201chaving,\u201d \u201cincluding,\u201d and \u201ccontaining\u201d are to be construed as open-ended terms (i.e., meaning \u201cincluding, but not limited to,\u201d) unless otherwise noted. Recitation of ranges of values herein are merely intended to serve as a shorthand method of referring individually to each separate value falling within the range, unless otherwise indicated herein, and each separate value is incorporated into the specification as if it were individually recited herein. All methods described herein can be performed in any suitable order unless otherwise indicated herein or otherwise clearly contradicted by context. The use of any and all examples, or exemplary language (e.g., \u201csuch as\u201d) provided herein, is intended merely to better illuminate the invention and does not pose a limitation on the scope of the invention unless otherwise claimed. No language in the specification should be construed as indicating any non-claimed element as essential to the practice of the invention.",
            "[00027]\tPursuant to the \"Detailed Description\" section herein, whenever an element is explicitly associated with a specific numeral for the first time, such association shall be deemed consistent and applicable throughout the entirety of the \"Detailed Description\" section, unless otherwise expressly stated or contradicted by the context.",
            "\t[00028]\tAs used herein, the term \u201csubstrate\u201d is used to refer to the foundational layer upon which other components of the antenna system are built or applied. The substrate 102 having dimensions of 48 mm by 92 mm by 1.6 mm provides a stable base for the patch antenna and other elements. The substrate 102 includes materials such as dielectric materials that support the patch antenna, feed line, and ground plane. Additionally, the substrate as used herein includes substrates with specific properties tailored to improve the performance of the antenna system, such as low loss tangent and high permittivity materials. The substrate determines the overall efficiency and bandwidth of the antenna system by influencing the propagation of electromagnetic waves. Fabricated from materials like Rogers 92ML, the substrate enhances dielectric properties, contributing to the optimal functioning of the antenna system. The specific dimensions and material properties of the substrate are selected to enable minimal signal loss and improved impedance matching.",
            "\t[00029]\tAs used herein, the term \u201cpatch antenna\u201d is used to refer to the primary radiating element placed on the substrate, responsible for emitting and receiving electromagnetic waves. The patch antenna 104 comprises several geometric sections achieves specific radiation characteristics. The first rectangular section 106 with dimensions of 46 mm by 19 mm, the second rectangular section 108 with dimensions of 18.5 mm by 14 mm, the third rectangular section 110 with dimensions of 46 mm by 20 mm, the fourth rectangular section 112 with dimensions of 15.5 mm by 16 mm, and the fifth rectangular section 114 with dimensions of 46 mm by 15.5 mm are all integral parts of the patch antenna. Said sections influences the bandwidth, gain, and impedance of the antenna. The patch antenna operates at specific frequencies, affirming efficient signal transmission and reception. The arrangement and dimensions of said sections optimizes the performance of antenna, providing better radiation patterns and impedance matching.",
            "\t[00030]\tAs used herein, the term \u201cfirst rectangular section\u201d is used to refer to a rectangular portion of the patch antenna with specific dimensions. The first rectangular section 106 has dimensions of 46 mm by 19 mm and is a part of the patch antenna 104. Said section affects the current distribution and radiation pattern of the antenna, playing a significant role in the overall electromagnetic performance of antenna. The first rectangular section helps in achieving the desired impedance matching and bandwidth, enabling efficient signal propagation. The dimensions and placement of said section optimizes the performance of antenna, contributing to the effective radiation of signals.",
            "\t[00031]\tAs used herein, the term \u201csecond rectangular section\u201d is used to refer to another rectangular portion of the patch antenna with specific dimensions. The second rectangular section 108 has dimensions of 18.5 mm by 14 mm and forms part of the patch antenna 104. Said section aids in refining the radiation characteristics and impedance of the antenna. The second rectangular section 108 works in conjunction with other sections of the patch to achieve optimal performance. The second rectangular section contributes to better current distribution and impedance matching, enhancing the bandwidth and signal strength of antenna. The precise dimensions of said section are important for the overall electromagnetic performance of the antenna, enabling efficient signal transmission and reception in various communication applications.",
            "\t[00032]\tAs used herein, the term \u201cthird rectangular section\u201d is used to refer to a rectangular portion of the patch antenna with dimensions influence the electromagnetic properties of antenna. The third rectangular section 110 has dimensions of 46 mm by 20 mm and is an integral part of the patch antenna 104. The third rectangular section 110 affects the impedance and bandwidth of the antenna, playing a vital role in achieving the desired performance characteristics. The third rectangular section helps in controlling the current distribution and radiation pattern, affirming efficient signal propagation. The dimensions and placement of said section are carefully selected to optimize the performance of antenna, contributing to effective signal radiation and reception.",
            "\t[00033]\tAs used herein, the term \u201cfourth rectangular section\u201d is used to refer to a rectangular portion of the patch antenna with specific dimensions that contribute to the performance of antenna. The fourth rectangular section 112 has dimensions of 15.5 mm by 16 mm and is part of the patch antenna 104. The fourth rectangular section 112 fine-tunes the impedance matching and radiation pattern of the antenna. The fourth rectangular section works with other sections to achieve the desired electromagnetic properties, affirming efficient signal transmission. The dimensions of said section optimizes the performance of antenna, contributing to better signal strength and bandwidth.",
            "\t[00034]\tAs used herein, the term \u201cfifth rectangular section\u201d is used to refer to a rectangular portion of the patch antenna with dimensions to optimize the electromagnetic performance of antenna. The fifth rectangular section 114 has dimensions of 46 mm by 15.5 mm and is an important part of the patch antenna 104. Said section influences the impedance matching and radiation characteristics of the antenna. The fifth rectangular section contributes to the overall bandwidth and signal strength, working with other sections to achieve optimal performance. The precise dimensions and placement of said section enables efficient signal transmission and reception.",
            "\t[00035]\tAs used herein, the term \u201cfeed line\u201d is used to refer to the conductive path that transmits signals to and from the patch antenna. The feed line 116 having dimensions of 5 mm by 6.5 mm is operatively connected to the patch antenna 104. The feed line enables minimal signal loss and optimal impedance matching, contributing to efficient signal transmission. The feed line plays a vital role in maintaining the integrity of the transmitted signal, enhancing the overall performance of the antenna system. The dimensions and configuration of the feed line are carefully selected to provide effective signal propagation, enabling better reception and transmission.",
            "\t[00036]\tAs used herein, the term \u201cground plane\u201d is used to refer to a conductive layer positioned beneath the substrate, serving as a reference point for the antenna. The ground plane 118 having dimensions of 48 mm by 46 mm by 0.035 mm plays an important role in the operation of the antenna system. The ground plane provides a reflective surface that enhances the radiation characteristics of the patch antenna. The dimensions and material properties of the ground plane are selected to optimize the performance of antenna, contributing to better signal propagation and reception.",
            "\t[00037]\tFIG. 1 illustrates an antenna system 100, in accordance with the embodiments of the present disclosure. The antenna system 100 enhances the performance of wireless communication devices. The antenna system 100 includes a substrate 102 having dimensions of 48 mm by 92 mm by 1.6 mm. The substrate 102 serves as the foundational layer upon which other components are built or applied. The substrate 102 is typically made from a dielectric material that supports the patch antenna 104, feed line 116, and ground plane 118. The choice of material for the substrate 102 significantly influences the propagation of electromagnetic waves, thereby affecting the overall performance of the antenna system 100. For instance, the substrate 102 may be fabricated from Rogers 92ML material with specific properties such as a relative permittivity in a range of 4.9 to 5.3 and a loss tangent in a range of 0.01 to 0.02, enhancing the dielectric properties and reducing signal loss. The specific dimensions and material properties of the substrate 102 are selected to assure optimal performance, including improved radiation efficiency and bandwidth.",
            "\t[00038]\tThe patch antenna 104, disposed on the substrate 102, comprises several geometric sections that achieves specific radiation characteristics. The patch antenna 104 includes a first rectangular section 106 with dimensions of 46 mm by 19 mm. Said section is strategically positioned to affect the current distribution and radiation pattern of the antenna. The first rectangular section 106 contributes to the overall electromagnetic performance by influencing parameters such as impedance matching and bandwidth, enabling efficient signal propagation. The second rectangular section 108, having dimensions of 18.5 mm by 14 mm, works in conjunction with the first rectangular section 106 to refine the radiation characteristics and impedance of the antenna. The second rectangular section 108 aids in achieving better current distribution and impedance matching, enhancing the bandwidth and signal strength of antenna. The third rectangular section 110, with dimensions of 46 mm by 20 mm, further influences the impedance and bandwidth of the antenna. The third rectangular section 110 achieves the desired electromagnetic properties, enabling efficient signal transmission and reception. The fourth rectangular section 112, having dimensions of 15.5 mm by 16 mm, works with the other sections to fine-tune the performance of antenna. The fourth rectangular section 112 contributes to better signal strength and bandwidth by affecting the current distribution and radiation pattern. The fifth rectangular section 114, with dimensions of 46 mm by 15.5 mm, optimizes the electromagnetic performance of antenna. The fifth rectangular section 114 aids in achieving the desired impedance matching and radiation characteristics.",
            "\t[00039]\tThe feed line 116, having dimensions of 5 mm by 6.5 mm, is operatively connected to the patch antenna 104. The feed line 116 provides a conductive path for transmitting signals to and from the patch antenna 104. The design of the feed line 116 maintains the integrity of the transmitted signal, making sure minimal signal loss and optimal impedance matching. The feed line 116 plays a vital role in enhancing the overall performance of the antenna system 100 by providing a reliable connection to the patch antenna 104. The dimensions and configuration of the feed line 116 are carefully selected to makes sure effective signal propagation, contributing to better reception and transmission capabilities. The feed line 116 provides efficient signal transmission, reducing signal reflection and enhancing the overall signal integrity.",
            "\t[00040]\tThe ground plane 118, having dimensions of 48 mm by 46 mm by 0.035 mm, is disposed beneath the substrate 102. The ground plane 118 serves as a reference point for the antenna system 100, providing a reflective surface that enhances the radiation characteristics of the patch antenna 104. The ground plane 118 is typically fabricated from a conductive material, such as metal, which enhances the reflection of electromagnetic waves, improving the overall efficiency of the antenna system 100. The dimensions and material properties of the ground plane 118 are selected to optimize the performance of the antenna, assuring better signal propagation and reception. The ground plane 118 influences the electromagnetic properties of the antenna system 100, contributing to the overall efficiency and effectiveness of the system. The ground plane 118, by providing a reflective surface, enhances the radiation characteristics of the patch antenna 104, affirming efficient signal transmission and reducing signal loss.",
            "\t[00041]\tThe antenna system 100 provides optimal performance in various communication applications. The combination of the substrate 102, patch antenna 104, feed line 116, and ground plane 118 achieves specific electromagnetic properties that enhance the performance of the antenna system 100. Each component of the antenna system 100 achieves the desired performance characteristics, enabling efficient signal transmission and reception. The substrate 102 provides a stable base with enhanced dielectric properties, while the patch antenna 104 is designed with multiple sections to optimize radiation characteristics and impedance matching. The feed line 116 enables efficient signal transmission with minimal loss, and the ground plane 118 provides a reflective surface that enhances the radiation characteristics of the patch antenna 104. Together, said components work in harmony to provide an antenna system 100 that delivers reliable and efficient performance in various communication applications. The antenna system 100 operate within specific frequency ranges, providing better connectivity and performance for wireless communication devices.",
            "\t[00042]\tIn an embodiment, the substrate 102 comprises Rogers 92ML material with a relative permittivity in a range of 4.9 to 5.3 (selected from distinct ranges such as 4.9 to 5.1 and 5.1 to 5.3). The use of Rogers 92ML material enhances the dielectric properties of the substrate 102, which in turn improves the efficiency of the antenna system 100. The specific range of permittivity provides a balance between performance and material characteristics, making sure that the substrate 102 supports optimal propagation of electromagnetic waves.",
            "\t[00043]\tIn an embodiment, the patch antenna 104 operates at a frequency in a range of 3.2 to 3.7 (selected from distinct ranges such as 3.2 to 3.5 and 3.5 to 3.7) GHz. The frequency range is particularly suitable for various communication applications, including wireless and cellular networks. By configuring the patch antenna 104 to operate within said range, the antenna system 100 can achieve optimal performance in terms of signal transmission and reception.",
            "\t[00044]\tIn an embodiment, the feed line 116 provides impedance matching in a range of 40 to 60 (selected from distinct ranges such as 40 to 50 and 50 to 60) Ohms. Impedance matching within the range minimizes signal reflection and maximizing power transfer between the feed line 116 and the patch antenna 104. Proper impedance matching makes sure that the antenna system 100 operates efficiently, with minimal signal loss and distortion.",
            "\t[00045]\tIn an embodiment, the patch antenna 104 is fabricated using a photolithography process. The photolithography process allows for precise and consistent fabrication of the patch antenna 104, affirming that each section is accurately formed. Said fabrication technique enhances the reliability and performance of the antenna system 100 by maintaining high standards of quality and precision. The use of photolithography makes sure that the geometric sections of the patch antenna 104 are well-defined and contribute effectively to the overall functionality of antenna.",
            "\t[00046]\tIn an embodiment, the ground plane 118 is positioned on the opposite side of the substrate 102 relative to the patch antenna 104. Such positioning enhances the radiation characteristics of the patch antenna 104 by providing a reflective surface that improves signal propagation. The ground plane 118 aids in directing the electromagnetic waves emitted by the patch antenna 104, affirming efficient radiation and reception of signals.",
            "\t[00047]\tIn an embodiment, the antenna system 100 provides a voltage standing wave ratio (VSWR) in a range of 0.95 to 1.18 (selected from distinct ranges such as 0.95 to 1.12 and 1.12 to 1.18) at 3.5 GHz. A VSWR within said range indicates minimal signal reflection and maximum power transfer, which are important for efficient antenna operation. By maintaining a low VSWR, the antenna system 100 assures that the transmitted signals are effectively received and processed, enhancing the overall performance of the system.",
            "\t[00048]\tIn an embodiment, the antenna system 100 provides a gain in a range of 2.5 to 3 (selected from distinct ranges such as 2.5 to 2.8 and 2.8 to 3) dB. The gain of the antenna system 100 reflects its ability to amplify signal strength, providing better reception and transmission capabilities. A gain within said range affirms that the antenna system 100 can effectively enhance the signal, making the antenna suitable for various communication applications.",
            "\t[00049]\tIn an embodiment, the antenna system 100 provides a directivity in a range of 5 to 6 (selected from distinct ranges such as 5 to 5.5 and 5.5 to 6) dB at 3.5 GHz. Directivity within said range indicates the ability of antenna system 100 to focus energy in a specific direction, improving signal strength and coverage in that direction. The characteristic is particularly beneficial for applications requiring targeted signal transmission and reception. By providing high directivity, the antenna system 100 makes sure that the signals are effectively directed and received, enhancing overall communication performance.",
            "\t[00050]\tThe antenna system 100 comprises several components and configurations that collectively enhance its performance in wireless communication applications. The substrate 102, with dimensions of 48 mm by 92 mm by 1.6 mm, provides a stable base for the patch antenna 104 and other elements. The material properties and dimensions of the substrate 102 improves the propagation of electromagnetic waves, thereby enhancing the efficiency of the antenna system 100. The use of a high-quality dielectric material for the substrate 102 reduces signal loss and enables better impedance matching, which is important for maintaining signal integrity and strength.",
            "\t[00051]\tThe patch antenna 104 includes multiple rectangular sections, each contributing to the overall electromagnetic performance of the antenna. The first rectangular section 106, second rectangular section 108, third rectangular section 110, fourth rectangular section 112, and fifth rectangular section 114 are strategically designed and dimensioned to optimize the radiation pattern, impedance matching, and bandwidth of the antenna. The sections work together to enable efficient signal transmission and reception, providing reliable performance across the specified frequency range. The feed line 116, with dimensions of 5 mm by 6.5 mm, is operatively connected to the patch antenna 104, ensuring minimal signal loss and effective power transfer between the feed line 116 and the patch antenna 104.",
            "\t[00052]\tThe ground plane 118, with dimensions of 48 mm by 46 mm by 0.035 mm, is positioned beneath the substrate 102, providing a reflective surface that enhances the radiation characteristics of the patch antenna 104. The configuration improves the overall efficiency of the antenna system 100 by ensuring that the electromagnetic waves are effectively directed and reflected, leading to better signal propagation and reception.",
            "\t[00053]\tThe use of Rogers 92ML material for the substrate 102, with a relative permittivity in a range of 4.9 to 5.3, further enhances the dielectric properties, contributing to reduced signal loss and improved efficiency. Said material choice assures that the substrate 102 supports optimal propagation of electromagnetic waves, leading to better performance of the antenna system 100.",
            "\t[00054]\tThe configuration of the patch antenna 104 to operate at a frequency in a range of 3.2 to 3.7 GHz makes the antenna system 100 suitable for various communication applications, including wireless and cellular networks. The frequency range makes sure that the antenna system 100 can handle the designated frequency band efficiently, providing reliable connectivity and communication.",
            "\t[00055]\tThe feed line 116 provides impedance matching in a range of 40 to 60 Ohms, which minimizes signal reflection and maximizing power transfer. Proper impedance matching makes sure that the antenna system 100 operates efficiently, with minimal signal loss and distortion, enhancing overall performance.",
            "\t[00056]\tThe fabrication of the patch antenna 104 using a photolithography process makes sure high precision and consistency in the dimensions and layout of the antenna. Said manufacturing technique contributes to the reliable performance of the antenna system 100 by maintaining high standards of quality and accuracy in the formation of the geometric sections of the patch antenna 104.",
            "\t[00057]\tPositioning the ground plane 118 on the opposite side of the substrate 102 relative to the patch antenna 104 enhances the radiation characteristics by providing a reflective surface that improves signal propagation.",
            "\t[00058]\tThe antenna system 100 provides a voltage standing wave ratio (VSWR) in a range of 0.95 to 1.18 at 3.5 GHz, indicating minimal signal reflection and maximum power transfer. Maintaining a low VSWR affirms that the transmitted signals are effectively received and processed, enhancing the overall performance of the antenna system 100.",
            "\t[00059]\tThe antenna system 100 provides a gain in a range of 2.5 to 3 dB, reflecting its ability to amplify signal strength for better reception and transmission. The gain makes sure that the antenna system 100 can enhance the signal.",
            "\t[00060]\tThe antenna system 100 provides a directivity in a range of 5 to 6 dB at 3.5 GHz, indicating its ability to focus energy in a specific direction. High directivity improves signal strength and coverage in the desired direction, making the antenna system 100 effective for targeted communication applications and enhancing overall performance.",
            "\t[00061]\tFIG. 2 illustrates multiple views of an antenna system, in accordance with the embodiments of the present disclosure. The first view shows a top-down perspective of the patch antenna 104 on the substrate 102. The patch antenna 104 comprises five rectangular sections labeled A, B, C, D, and E, each optimizes the performance of antenna. The feed line 116 is shown connected to the patch antenna 104, facilitating efficient signal transmission. The second view presents a side profile, highlighting the substrate 102 and the ground plane 118 positioned beneath it. Said view emphasizes the dimensions and placement of the substrate 102 and ground plane 118. The third view provides a three-dimensional perspective, offering an understanding of the spatial arrangement of the components. Said view shows the relative positioning of the patch antenna 104, substrate 102, and ground plane 118, illustrating how they work together to achieve optimal performance",
            "\t[00062]\tFIG. 3 illustrates the Voltage Standing Wave Ratio (VSWR) of an antenna system, in accordance with the embodiments of the present disclosure. The graph shows the VSWR values plotted against the frequency range of 2 to 4 GHz. The VSWR indicates the efficiency of power transmission from the feed line to the antenna. The graph demonstrates that the antenna system achieves a low VSWR value of approximately 1.09 at 3.5192 GHz, signifying minimal signal reflection and optimal power transfer at said frequency.",
            "\t[00063]\tFIG. 4 illustrates the Far Field zone for an antenna system, in accordance with the embodiments of the present disclosure. The 3D radiation pattern shows the distribution of the radiated energy, indicating how the antenna directs the electromagnetic waves. The accompanying polar plot presents the Far Field E-Field at a frequency of 3.5 GHz, showing the main lobe direction at 310.6 degrees and an angular width of 38.1 degrees. The side lobe level is noted at -5.1 dB. The gain is measured at 2.744 dBi, demonstrating the effectiveness of antenna in focusing energy in a specific direction, thereby enhancing the performance for communication applications.",
            "\t[00064]\tFIG. 5 illustrates the S-parameter plot (S1,1) of an antenna system, in accordance with the embodiments of the present disclosure. The graph depicts the return loss in dB over a frequency range from 2 to 4 GHz. The S1,1 parameter indicates how much power is reflected back to the antenna, with lower values representing better performance. At 3.5192 GHz, the return loss is approximately -27.34 dB, indicating minimal signal reflection and efficient power transfer. The low return loss value highlights the effectiveness of antenna system in operating at said frequency, assuring optimal performance in terms of signal transmission and reception.",
            "\t[00065]\tExample embodiments herein have been described above with reference to block diagrams and flowchart illustrations of methods and apparatuses. It will be understood that each block of the block diagrams and flowchart illustrations, and combinations of blocks in the block diagrams and flowchart illustrations, respectively, can be implemented by various means including hardware, software, firmware, and a combination thereof. For example, in one embodiment, each block of the block diagrams and flowchart illustrations, and combinations of blocks in the block diagrams and flowchart illustrations can be implemented by computer program instructions. These computer program instructions may be loaded onto a general purpose computer, special purpose computer, or other programmable data processing apparatus to produce a machine, such that the instructions which execute on the computer or other programmable data processing apparatus create means for implementing the functions specified in the flowchart block or blocks.",
            "\t[00066]\tThroughout the present disclosure, the term \u2018processing means\u2019 or \u2018microprocessor\u2019 or \u2018processor\u2019 or \u2018processors\u2019 includes, but is not limited to, a general purpose processor (such as, for example, a complex instruction set computing (CISC) microprocessor, a reduced instruction set computing (RISC) microprocessor, a very long instruction word (VLIW) microprocessor, a microprocessor implementing other types of instruction sets, or a microprocessor implementing a combination of types of instruction sets) or a specialized processor (such as, for example, an application specific integrated circuit (ASIC), a field programmable gate array (FPGA), a digital signal processor (DSP), or a network processor).",
            "\t[00067]\tThe term \u201cnon-transitory storage device\u201d or \u201cstorage\u201d or \u201cmemory,\u201d as used herein relates to a random access memory, read only memory and variants thereof, in which a computer can store data or software for any duration.",
            "\t[00068]\tOperations in accordance with a variety of aspects of the disclosure is described above would not have to be performed in the precise order described. Rather, various steps can be handled in reverse order or simultaneously or not at all.",
            "\t[00069]\tWhile several implementations have been described and illustrated herein, a variety of other means and/or structures for performing the function and/or obtaining the results and/or one or more of the advantages described herein may be utilized, and each of such variations and/or modifications is deemed to be within the scope of the implementations described herein. More generally, all parameters, dimensions, materials, and configurations described herein are meant to be exemplary and that the actual parameters, dimensions, materials, and/or configurations will depend upon the specific application or applications for which the teachings is/are used. Those skilled in the art will recognize, or be able to ascertain using no more than routine experimentation, many equivalents to the specific implementations described herein. It is, therefore, to be understood that the foregoing implementations are presented by way of example only and that, within the scope of the appended claims and equivalents thereto, implementations may be practiced otherwise than as specifically described and claimed. Implementations of the present disclosure are directed to each individual feature, system, article, material, kit, and/or method described herein. In addition, any combination of two or more such features, systems, articles, materials, kits, and/or methods, if such features, systems, articles, materials, kits, and/or methods are not mutually inconsistent, is included within the scope of the present disclosure.",
            "\tClaims",
            "\tI/We Claim:",
            "\t1.\tAn antenna system 100, comprising:",
            "\ta substrate 102 having dimensions of 48 mm by 92 mm by 1.6 mm;",
            "\ta patch antenna 104, comprising:",
            "\ta first rectangular section 106 having dimensions of 46 mm by 19 mm;",
            "\ta second rectangular section 108 having dimensions of 18.5 mm by 14 mm;",
            "\ta third rectangular section 110 having dimensions of 46 mm by 20 mm;",
            "\ta fourth rectangular section 112 having dimensions of 15.5 mm by 16 mm;",
            "\ta fifth rectangular section 114 having dimensions of 46 mm by 15.5 mm;",
            "\ta feed line 116 having dimensions of 5 mm by 6.5 mm, operatively connected to said patch antenna 104; and",
            "\ta ground plane 118 having dimensions of 48 mm by 46 mm by 0.035 mm.",
            "\t2.\tThe antenna system 100 of claim 1, wherein said substrate 102 comprises Rogers 92ML material with a relative permittivity in a range of 4.9 to 5.3.",
            "\t3.\tThe antenna system 100 of claim 1, wherein said patch antenna 104 operates at a frequency in a range of 3.2 to 3.7 GHz.",
            "\t4.\tThe antenna system 100 of claim 1, wherein said feed line 116  provides impedance matching in a range of 40 to 60 Ohms.",
            "\t5.\tThe antenna system 100 of claim 1, wherein said patch antenna 104 is fabricated using a photolithography process.",
            "\t6.\tThe antenna system 100 of claim 1, wherein said ground plane 118 is positioned on the opposite side of said substrate 102 relative to said patch antenna 104.",
            "\t7.\tThe antenna system 100 of claim 1, wherein said antenna system 100 provides a voltage standing wave ratio (VSWR) in a range of 0.95 to 1.18 at 3.5 GHz.",
            "\t8.\tThe antenna system 100 of claim 1, wherein said antenna system 100 provides a gain in a range of 2.5 to 3 dB.",
            "\t9.\tThe antenna system 100 of claim 1, wherein said antenna system 100 provides a directivity in a range of 5 to 6 dB at 3.5 GHz.",
            "\tDated 22 August 2024                     \t\t               Kumar Tushar Srivastava",
            "\tIN/PA- 3973",
            "\tAgent for the Applicant",
            "\tCOMPACT MICROSTRIP PATCH ANTENNA SYSTEM",
            "\tAbstract",
            "\tThe present disclosure provides an antenna system 100, comprising: a substrate 102 having dimensions of 48 mm by 92 mm by 1.6 mm; a patch antenna 104 disposed on said substrate 102, wherein said patch antenna 104 comprises: a first rectangular section 106 having dimensions of 46 mm by 19 mm; a second rectangular section 108 having dimensions of 18.5 mm by 14 mm; a third rectangular section 110 having dimensions of 46 mm by 20 mm; a fourth rectangular section 112 having dimensions of 15.5 mm by 16 mm; a fifth rectangular section 114 having dimensions of 46 mm by 15.5 mm; a feed line 116 having dimensions of 5 mm by 6.5 mm, operatively connected to said patch antenna 104; a ground plane 118 disposed beneath said substrate 102 with dimensions of 48 mm by 46 mm by 0.035 mm.",
            "\tFig. 1",
            "\tDated 22 August 2024                     \t\t               Kumar Tushar Srivastava",
            "\tIN/PA- 3973",
            "\tAgent for the Applicant , Claims:Claims",
            "\tI/We Claim:",
            "\t1.\tAn antenna system 100, comprising:",
            "\ta substrate 102 having dimensions of 48 mm by 92 mm by 1.6 mm;",
            "\ta patch antenna 104, comprising:",
            "\ta first rectangular section 106 having dimensions of 46 mm by 19 mm;",
            "\ta second rectangular section 108 having dimensions of 18.5 mm by 14 mm;",
            "\ta third rectangular section 110 having dimensions of 46 mm by 20 mm;",
            "\ta fourth rectangular section 112 having dimensions of 15.5 mm by 16 mm;",
            "\ta fifth rectangular section 114 having dimensions of 46 mm by 15.5 mm;",
            "\ta feed line 116 having dimensions of 5 mm by 6.5 mm, operatively connected to said patch antenna 104; and",
            "\ta ground plane 118 having dimensions of 48 mm by 46 mm by 0.035 mm.",
            "\t2.\tThe antenna system 100 of claim 1, wherein said substrate 102 comprises Rogers 92ML material with a relative permittivity in a range of 4.9 to 5.3.",
            "\t3.\tThe antenna system 100 of claim 1, wherein said patch antenna 104 operates at a frequency in a range of 3.2 to 3.7 GHz.",
            "\t4.\tThe antenna system 100 of claim 1, wherein said feed line 116  provides impedance matching in a range of 40 to 60 Ohms.",
            "\t5.\tThe antenna system 100 of claim 1, wherein said patch antenna 104 is fabricated using a photolithography process.",
            "\t6.\tThe antenna system 100 of claim 1, wherein said ground plane 118 is positioned on the opposite side of said substrate 102 relative to said patch antenna 104.",
            "\t7.\tThe antenna system 100 of claim 1, wherein said antenna system 100 provides a voltage standing wave ratio (VSWR) in a range of 0.95 to 1.18 at 3.5 GHz.",
            "\t8.\tThe antenna system 100 of claim 1, wherein said antenna system 100 provides a gain in a range of 2.5 to 3 dB.",
            "\t9.\tThe antenna system 100 of claim 1, wherein said antenna system 100 provides a directivity in a range of 5 to 6 dB at 3.5 GHz.",
            "\tDated 22 August 2024                     \t\t               Kumar Tushar Srivastava",
            "\tIN/PA- 3973",
            "\tAgent for the Applicant"
        ],
        "Inventors": [
            {
                "Name": "ANAND KUMAR GUPTA",
                "Address": "ELECTRONICS & COMMUNICATION DEPARTMENT, SCHOOL OF ENGINEERING & TECHNOLOGY, CHHATRAPATI SHAHU JI MAHARAJ UNIVERSITY, KALYANPUR, KANPUR, KANPUR NAGAR, UTTAR PRADESH, 208024",
                "Country": "India",
                "Nationality": "India"
            },
            {
                "Name": "AJEET KUMAR SRIVASTAVA",
                "Address": "ELECTRONICS & COMMUNICATION DEPARTMENT, SCHOOL OF ENGINEERING & TECHNOLOGY, CHHATRAPATI SHAHU JI MAHARAJ UNIVERSITY, KALYANPUR, KANPUR, KANPUR NAGAR, UTTAR PRADESH, 208024",
                "Country": "India",
                "Nationality": "India"
            },
            {
                "Name": "PREETI SINGH",
                "Address": "ELECTRONICS & COMMUNICATION DEPARTMENT, SCHOOL OF ENGINEERING & TECHNOLOGY, CHHATRAPATI SHAHU JI MAHARAJ UNIVERSITY, KALYANPUR, KANPUR, KANPUR NAGAR, UTTAR PRADESH, 208024",
                "Country": "India",
                "Nationality": "India"
            },
            {
                "Name": "SHRUTI DWIVEDI",
                "Address": "ELECTRONICS & COMMUNICATION DEPARTMENT, SCHOOL OF ENGINEERING & TECHNOLOGY, CHHATRAPATI SHAHU JI MAHARAJ UNIVERSITY, KALYANPUR, KANPUR, KANPUR NAGAR, UTTAR PRADESH, 208024",
                "Country": "India",
                "Nationality": "India"
            },
            {
                "Name": "SHUBHI BAJPAI",
                "Address": "ELECTRONICS & COMMUNICATION DEPARTMENT, SCHOOL OF ENGINEERING & TECHNOLOGY, CHHATRAPATI SHAHU JI MAHARAJ UNIVERSITY, KALYANPUR, KANPUR, KANPUR NAGAR, UTTAR PRADESH, 208024",
                "Country": "India",
                "Nationality": "India"
            }
        ],
        "Applicants": [
            {
                "Name": "CHHATRAPATI SHAHU JI MAHARAJ UNIVERSITY",
                "Address": "KALYANPUR, KANPUR, KANPUR NAGAR, UTTAR PRADESH, 208024",
                "Country": "India",
                "Nationality": "India"
            }
        ]
    }
}