{
    "202431067209": {
        "Invention Title": "A laser-based process for topography correction of Wire-Arc Additive Manufactured components",
        "Publication Number": "37/2024",
        "Publication Date": "13/09/2024",
        "Publication Type": "INA",
        "Application Number": "202431067209",
        "Application Filing Date": "05/09/2024",
        "Priority Number": "",
        "Priority Country": "",
        "Priority Date": "",
        "Field Of Invention": "MECHANICAL  ENGINEERING",
        "Classification (IPC)": "B23K0009040000, B33Y0010000000, H01S0003067000, B23K0026352000, C23C0004131000",
        "Abstract": "The present invention relates to a laser-based process for topography correction of Wire-Arc Additive Manufactured (WAAM) components. The fibre laser source (1) emits a laser beam (5) to irradiate the exposed lateral surface (8) of the wire arc additive manufactured wall (7). As a result, the morphological apexes or the protrusions on the surface quickly reach the temperature at which melting occurs and undergo melting. Once a molten metal pool (6) is formed, the molten metal within the pool tends to redistribute and level itself horizontally due to the combined effects of surface tension and gravity. As the laser beam (5) progresses and moves away from the laser-irradiated area (8), the temperature of the laser-irradiated surface reduces quickly. This causes the molten pool to solidify, resulting in a highly finished surface. The major findings reflected the improvement in the topography i.e., average surface roughness (Sa) of the laser-treated sample is found to be reduced from 35.2 \u03bcm to 6.9 \u03bcm, i.e., 80.4% reduction. In addition, the microstructure is found to be transformed from columnar to equiaxed throughout the laser treated surface. Moreover, micro-hardness and tensile properties are also improved.\r\n[figure 1]",
        "Description": [
            "Description:FIELD OF THE INVENTION",
            "\tThe present invention relates to a laser-based process for topography correction of Wire-Arc Additive Manufactured components.",
            "BACKGROUND OF THE INVENTION",
            "\tAdditive manufacturing (AM) has undergone significant advancement over the past three decades. With the development of AM techniques, the focus of research in this field has shifted towards the production of metal parts, aiming to fulfil the rigorous demands of industrial manufacturing. Wire-arc additive manufacturing (WAAM) process emerges as a promising technique in the realm of metal additive manufacturing for fabricating large-scale components. This technique offers a high deposition rate, eco-friendly operation, optimal material utilization, minimal material wastage, and cost-effectiveness. Although WAAM has several benefits and industrial applications, the components produced through WAAM demonstrate poor surface quality. Thus, the printed components are often subjected to post-processing operations. Typical postprocessing procedures used to improve the surface texture of WAAM components include grinding, milling, machining and shot penning, laser polishing etc. Few studies are reported on the utilization of laser polishing to finish the powder bed additive manufactured products. However, the application of laser beam for the geometry correction of the wire arc additively manufactured superalloys components are not reported. For instance, Ma et al. utilized a fiber laser to finish the laser-based additive manufactured Ti-based alloy and achieved the reduction in surface roughness. Tian et al. employed laser polishing method to finish the electron beam manufactured Ti-based alloy and reported the enhancement in surface roughness of the component. Yung et al. used a laser beam to finish the selective laser melted CoCr alloy and achieved a reduction in surface roughness. Witkin et al. employed two different post-processing operation i.e., abrasive polishing and laser melting method and reported the enhancement in surface roughness. This invention proposes a technique in which it utilizes a fibre laser beam was to correct the geometry of the printed parts.",
            "\tMoreover, this invention results in the geometrical correction of superalloys components produced via WAAM process through the application of laser melting process",
            "\tThe parts printed by wire-arc additive manufacturing (WAAM) process are geometrically inaccurate which restricts their application for further applications without any post-machining operations. This is mainly due to geometrical error, i.e., high waviness, in the surface of the printed parts. If the printed parts are mainly superalloys components, it becomes more difficult to machine. Hence, utilization of a laser melting operation reduces the geometrical error, i.e., reduces the waviness, with ease.",
            "\tThe problem for which solution was researched:",
            "\tSuperalloys are often used in critical aerospace and industrial applications which are expensive and difficult-to-machine materials. The use of wire-arc additive manufacturing (WAAM) process can reduce the part-cost. However, the WAAM components exhibit poor surface quality and dimensional accuracy.",
            "\tThus, post-processing operations are essential to get the final product. Since the machining of superalloys is challenging due to their unique properties (high hardness, high-temperature strength, resistance to wear, etc.), the utilization of laser beam melting process offers advantages in producing complex shapes and enhancing surface quality.",
            "\tMajor hurdles and challenges in the solution of the problems:",
            "\tThe major challenge was to find out the welding parameters and deposition strategy to print a wall with better geometrical accuracy. In addition, selection of optimum laser parameters to melt the surface exposed to laser beam is also a prime challenge.",
            "\tSolution to the problem:",
            "\tThe arc weaving strategy was utilized to print the components with better dimensional accuracy when compared to the unidirectional and bidirectional deposition strategy. However, the final surface quality of the printed parts was not good. Thus, a fibre laser beam was utilized to correct the geometry of the printed parts through laser melting process.",
            "\tOBJECTS OF THE INVENTION",
            "\tIt is therefore an object of this invention to provide a laser-based process for topography correction of Wire-Arc Additive Manufactured components.",
            "\tAnother object of the invention is to print a vertical wall of Inconel 82 superalloy using novel arc weaving strategy and topography correction of the lateral surface of the printed wall through the application of laser melting process.",
            "These and other objects and advantages of the invention will be apparent from the ensuing description when read in conjunction with the accompanying drawing.",
            "SUMMARY OF THE INVENTION",
            "\tThe present invention relates to a laser-based process for topography correction of Wire-Arc Additive Manufactured components.",
            "\tIn this invention, the utilization of laser melting as a post-processing technique is explored for geometry correction and improvement of surface quality of the Inconel 82 superalloy printed through the WAAM process. The fibre laser source emits a laser",
            "\tbeam and the laser beam is directed to the collimator through the fibre and then focused through a lens to irradiate the exposed surface of the printed wall. When a laser beam with a high energy density is directed onto the exposed surfaces (sidewall surfaces) of the printed walls, the morphological apexes or the protrusions on the surface quickly reach the temperature at which melting occurs and undergo melting.",
            "\tOnce a molten metal pool is formed, the molten metal within the pool tends to redistribute and level itself horizontally due to the combined effects of surface tension",
            "\tand gravity. As the laser beam progresses and moves away from the laser-irradiated area, the temperature of the laser-irradiated surface reduces quickly. This causes the molten pool to solidify, resulting in a highly finished surface.",
            "BRIEF DESCRIPTION OF THE ACCOMPANYING DRAWING",
            "\tFigure 1 illustrates the set up for performing the laser-based process for topography correction of Wire-Arc Additive Manufactured components.",
            "\tFigure 2 illustrates the Surface appearance of the wire arc additively manufactured wall (a) before the laser treatment (b) after the laser treatment.",
            "\tFigure 3 illustrates the 3D scanned images of the wire arc additively manufactured wall after the laser treatment.",
            "\tFigure 4 illustrates the Laser scanning strategy used for surface conditioning.",
            "\tFigure 5 illustrates the Surface topography of the printed wall (a)-(c) before laser treatment (d)-(f) after laser treatment.",
            "\tFigure 6 illustrates the Microstructure of laser treated and untreated surface of printed wall.",
            "DETAIL DESCRIPTION OF THE PRESENT INVENTION WITH REFERENCE TO THE ACCOMPANYING DRAWINGS OF PREFERRED EMBODIMENTS",
            "In the following description, numerous specific details are set forth in order to provide a thorough understanding of embodiments of the present disclosure.",
            "\tThose of ordinary skill in the art will recognize that various changes and modifications of the embodiments described herein can be made without departing from the scope of the invention.",
            "As used in the description herein and throughout the claims that follow, the meaning of \u201ca,\u201d \u201can,\u201d and \u201cthe\u201d includes plural reference unless the context clearly dictates otherwise. Also, as used in the description herein, the meaning of \u201cin\u201d includes \u201cin\u201d and \u201con\u201d unless the context clearly dictates otherwise.",
            "\tThe present invention is related to a laser-based process for topography correction of Wire-Arc Additive Manufactured components.",
            "\tFigure 1 illustrates the set up for performing the laser-based process for topography correction of Wire-Arc Additive Manufactured components. In this invention, the utilization of laser melting as a post-processing technique is explored for geometry correction and improvement of surface quality of the Inconel 82 superalloy printed through the WAAM process. The fibre laser source (1) emits a laser beam (5) and the laser beam (5) is directed to the collimating lens (3) and then through a focusing lens (4) to irradiate the exposed surface (8) of the printed wall (7). When a laser beam (3) with a high energy density is directed onto the exposed surfaces (sidewall surfaces) (8) of the printed walls (7), the morphological apexes or the protrusions on the surface quickly reach the temperature at which melting occurs and undergo melting.",
            "\tOnce a molten metal pool (6) is formed, the molten metal within the pool tends to redistribute and level itself horizontally due to the combined effects of surface tension and gravity.",
            "\tAs the laser beam (5) progresses and moves away from the laser-irradiated area (8), the temperature of the laser-irradiated surface reduces quickly. This causes the molten pool to solidify, resulting in a highly finished surface.",
            "\tFiber laser source (1): The fiber laser source emits a narrow laser beam and is directed to the collimating lens and then through a focusing lens to irradiate the exposed surface of the specimen.",
            "\tLaser head (2): A laser head is a part of a laser system designed to direct a laser beam to specific locations by controlling the beam's path using mirrors and lenses.",
            "\tCollimating lens (3): The collimation lens expands the compressed beam from the laser delivery fiber to a usable size. Once the beam exits this optic, it is ready to be delivered to the focusing lens.",
            "\tFocusing lens (4): The focus or cutting lens takes the expanded beam and concentrates it into a very small spot, typically aimed at or into the workpiece. The high energy density at this spot enables the laser to process materials effectively.",
            "\tLaser beam (5): The laser beam serves as the channel for delivering energy to the target material. This energy is concentrated in a highly focused beam, enabling strong interaction with the material.",
            "\tMolten pool (6): The molten pool is formed when the intense energy of the laser beam heats the material beyond its melting point. The molten pool is vital for material fusion, controlling material flow, managing heat, smoothing surfaces, depositing material, and influencing the microstructure of the final product.",
            "\tWire arc additive manufactured wall (7): It is a vertical thin wall printed using the wire arc additive manufacturing process.",
            "\tExposed surface (8): The lateral surface (8) of the printed wall (7) that is exposed to the laser beam for irradiation.",
            "\tCNC stage (9): The stage of a CNC (Computer Numerical Control) process is essential for ensuring the successful operation of CNC machines. These stages ensure that the CNC machining process is carried out efficiently and produces high-quality, accurate components.",
            "\tCNC (10): CNC (Computer Numerical Control) is a technology that uses computer systems to control machine tools, improving precision, efficiency, and consistency in manufacturing processes.",
            "\tShielding gas (11): Shielding gas is essential in laser melting operation for maintaining the integrity of the process, improving the quality of the final product, and ensuring operational efficiency and safety.",
            "\tInitial rough surface (12): The initial rough surface in laser melting operations is crucial for ensuring good adhesion, effective melting, and strong bonding between layers or with the substrate.",
            "\tRe-melted layer (13): The re-melted layer in laser melting operations is vital for ensuring strong inter-layer bonding, enhancing surface finish, producing high-quality and reliable parts.",
            "\tFinished smooth surface (14): A finished surface in laser melting operations is crucial for ensuring aesthetic appeal, optimal functional performance, accuracy, and high quality.",
            "\tHeat affected zone (HAZ) (15):  The HAZ is a region where the material experiences thermal effects from the laser process. Proper management of the HAZ is essential for achieving high-performance and reliable components.",
            "\tFig. 2 shows the wire arc additive manufactured wall before and after the laser treatment. Since the sidewall surface of the printed wall is irradiated by a laser beam to achieve a smooth surface appearance without using any conventional machining operations like grinding, milling, etc.",
            "\tIn addition, to bring more clarity, the laser treated wall is scanned using a 3D scanner as shown in Fig. 3. The average surface roughness (Sa) of both the laser-treated surface and untreated surface is investigated. Furthermore, the correlation of laser treatment on mechanical properties is also investigated.",
            "\tThe laser scanning strategy and parameter setting are presented in Fig. 4 and Table 1.",
            "\tTable 1: Parameter settings for surface conditioning.",
            "\tLaser parameter settings",
            "\tPower (W)\t450",
            "\tWavelength (nm)\t1070 \u00b1 10",
            "\tBeam profile\tGaussian",
            "\tScanning speed (mm/min)\t2000",
            "\tGas flow rate (l/min)\t15",
            "\tHatch distance (mm)\t0.125",
            "\tLaser beam spot diameter (mm)\t0.031",
            "\tOverlap (%)\t50",
            "\tEffect of laser treatment on surface topography",
            "\tFig. 5 represents the surface topography of the printed wall before and after laser treatment. The sidewall surface (the surface being treated with laser) of the printed wall is scanned through an optical profilometer and the surface topography in 3D and 2D view is presented in Fig. 5. The roughness parameter values are analysed and presented in Table 2.",
            "\tTable 2: Roughness parameters of the printed wall.",
            "\tRoughness parameters\tPrinted wall",
            "\t(before laser treatment)\tPrinted wall (after laser treatment)",
            "\tSa (\u00b5m)\t35.2\t6.9",
            "\tSq (\u00b5m)\t43.6\t8.8",
            "\tSz (\u00b5m)\t265.1\t89.0",
            "\tThe surface tracks, visible in Fig. 5 exhibiting melted areas can be detected on the laser-treated surface of printed wall, reflecting the melting of morphological apexes, present on the surface, rapidly during the laser irradiation. Once the surface material is melted, a portion of the molten material from the peak flowed into a nearby valley, propelled by the combined forces of surface tension and gravity.",
            "\tAs the laser beam advances, the liquid material undergoes rapid solidification due to a high cooling rate, resulting in a significant reduction in the height difference between the peak and valley regions. Thus, the surface roughness of the laser-treated surface is reduced, and a relatively smooth surface is obtained. The average surface roughness (Sa) for the laser treated and untreated surface is 6.9 \u00b5m and 35.2 \u00b5m respectively, indicating 80.4 % reduction in the average surface roughness of the printed wall after the laser treatment.",
            "\tEffect of laser treatment on microstructure",
            "\tFig. 6 shows the change in the microstructure of sidewall surfaces (exposed surface) of the printed wall before and after the laser treatment. The microstructure of the laser treated surface can be clearly distinguished from the untreated surface as presented in Fig. 6. To analyse the microstructure, four different locations (1, 2, 3, and 4) were examined. Equiaxed grains were observed throughout the laser-irradiated surface due to the high cooling rate associated with the process. This can also be visualized by scanning the location 5, 6. Thus, a transition of columnar grains into equiaxed grain structure (CET) was observed throughout the laser-treated surface.",
            "\tEffect of laser treatment on microhardness and tensile property",
            "\tThe average microhardness of the printed wall was investigated before and after the laser treatment by extracting a cross-section from the middle section of the printed walls. The average microhardness was found to alter slightly along the build direction. The maximum average microhardness of the printed wall before and after the laser treatment was found to be 340 and 240 HV respectively. The tensile test was performed at room temperature to investigate the tensile properties of the printed wall before and after the laser treatment. Tensile specimens were extracted from the middle section of the printed walls. The ultimate tensile strength (UTS) of the printed wall before and after the laser treatment was found to be 874 MPa and 615 MPa respectively.",
            "\tThe advantages and improvements over the existing arts",
            "\tThe utilization of a laser melting operation offers advantages in producing complex shapes and enhancing surface quality of the printed components especially superalloys. It also reduces the geometrical error, i.e., reduces the waviness, with ease.",
            "Description of drawings:",
            "\t1.\tFiber laser source",
            "\t2.\tLaser head",
            "\t3.\tCollimating lens",
            "\t4.\tFocusing lens",
            "\t5.\tLaser beam",
            "\t6.\tMolten pool",
            "\t7.\tWire arc additive manufactured wall",
            "\t8.\tExposed surface",
            "\t9.\tCNC stage",
            "\t10.\tCNC",
            "\t11.\tShielding gas",
            "\t12.\tInitial rough surface",
            "\t13.\tRe-melted layer",
            "\t14.\tFinished smooth surface",
            "\t15.\tHeat affected zone.",
            "\tIt should be apparent to those skilled in the art that many more modifications besides those already described are possible without departing from the inventive concepts herein.",
            "\tMoreover, in interpreting both the specification and the claims, all terms should be interpreted in the broadest possible manner consistent with the context. In particular, the terms \u201ccomprises\u201d and \u201ccomprising\u201d should be interpreted as referring to elements, components, or steps in a non- exclusive manner, indicating that the referenced elements, components, or steps may be present, or utilized, or combined with other elements, components, or steps that are not expressly referenced.",
            "\tThe present disclosure is not limited to the described embodiments, versions or examples, which are included to enable a person having ordinary skill in the art to make and use the present disclosure when combined with information and knowledge available to the person having          ordinary skill in the art and thus it is intended by the appended claims to cover all such modifications and adaptations which fall within the scope of the present subject matter. , Claims:CLAIMS:",
            "\t1.\tA laser-based process for topography correction of Wire-Arc Additive Manufactured (WAAM) components, said process comprises steps of:",
            "\temitting a laser beam (5) from a fiber laser source (1),",
            "\tpassing the laser beam (5) through a collimating lens (3) followed by a focusing lens (4) of a laser head (2) to irradiate an exposed lateral surface (8) of a printed wall (7) of the component, wherein initially the exposed surface being rough and uneven (12) in nature, wherein the laser beam (5) serves as the channel for delivering energy to the target material or the component,",
            "\tforming a molten pool (6) on the surface (8) of the component when the energy of the laser beam (5) heats the material surface (8) beyond its melting point,",
            "\tprinting a vertical wall (7) of the wire arc additive manufactured (WAAM) component,",
            "\tapplying a computer numerical control (CNC) (10) on a CNC stage (9) to control machine tools, precision, efficiency, and consistency in manufacturing processes,",
            "\tgenerating a re-melted layer (13) in laser melting operations for ensuring strong inter-layer bonding, enhancing surface finish, producing high-quality and reliable parts,",
            "\tsolidifying the molten pool (6) upon progressing and moving away the laser beam (5) from the laser-irradiated surface area (8), and",
            "\tgenerating a finished smooth even surface (14) with corrected topography on the component.",
            "\t2.\tThe process as claimed in claim 1, wherein the laser beam (5) directed onto the exposed sidewall surfaces (8) of the printed walls (7), the morphological apexes or the protrusions on the surface reach the temperature at which melting occurs and undergo melting.",
            "\t3.\tThe process as claimed in claim 1, wherein upon forming the molten metal pool (6), the molten metal within the pool (6) redistributes and level itself horizontally due to the combined effects of surface tension and gravity.",
            "\t4.\tThe process as claimed in claim 1, wherein the laser melting operation being associated with a shielding gas (11).",
            "\t5.\tThe process as claimed in claim 1, wherein the molten metal within the pool (6) tends to redistribute and level itself horizontally due to the combined effects of surface tension and gravity."
        ],
        "Inventors": [
            {
                "Name": "Mukul Anand",
                "Address": "Department of Mechanical Engineering,\r\nIndian Institute of Technology (Indian School of Mines), Dhanbad, Dhanbad - 826004, Jharkhand, India",
                "Country": "India",
                "Nationality": "India"
            },
            {
                "Name": "Kumar Ujjwal",
                "Address": "Department of Mechanical Engineering,\r\nIndian Institute of Technology (Indian School of Mines), Dhanbad, Dhanbad - 826004, Jharkhand, India",
                "Country": "India",
                "Nationality": "India"
            },
            {
                "Name": "Alok Kumar Das",
                "Address": "Department of Mechanical Engineering,\r\nIndian Institute of Technology (Indian School of Mines), Dhanbad, Dhanbad - 826004, Jharkhand, India",
                "Country": "India",
                "Nationality": "India"
            }
        ],
        "Applicants": [
            {
                "Name": "INDIAN INSTITUTE OF TECHNOLOGY (INDIAN SCHOOL OF MINES), DHANBAD",
                "Address": "Dhanbad - 826004, Jharkhand, India",
                "Country": "India",
                "Nationality": "India"
            }
        ]
    }
}