{
    "202431068020": {
        "Invention Title": "APPARATUS TO GUIDE EVACUATION IN A TUNNEL",
        "Publication Number": "38/2024",
        "Publication Date": "20/09/2024",
        "Publication Type": "INA",
        "Application Number": "202431068020",
        "Application Filing Date": "09/09/2024",
        "Priority Number": "",
        "Priority Country": "",
        "Priority Date": "",
        "Field Of Invention": "PHYSICS",
        "Classification (IPC)": "G01V1/18, G01V1/28, G01V1/30, G01V1/307, G01V1/34, G08B21/10, G01S19/01, \tG01C21/32",
        "Abstract": "The present disclosure pertains to an apparatus (100) to guide evacuation in a tunnel. The apparatus (100) includes a detector (102) to detect and measure seismic activity in the tunnel and one or more sensors (104) to identify and track presence of entities in within the tunnel. The apparatus (100) is configured to receive seismic activity data from the detector (102), identify magnitude of the seismic activity and display the magnitude of seismic activity in a display unit (110). Upon detection of seismic activity exceeding a predefined threshold, trigger an alert unit (112), generate an evacuation path dynamically based on the detected seismic activity using data received form a global positioning system (GPS) (114) and activate an illumination unit (116) to guide the entities along the evacuation path.",
        "Description": [
            "Description:TECHNICAL FIELD",
            "\t[0001] \tThe present invention relates to the field of safety systems. In particular, it relates to an apparatus to guide evacuation in a tunnel.",
            "\tBACKGROUND",
            "[0002] \tBackground description includes information that may be useful in understanding the present disclosure. It is not an admission that any of the information provided herein is prior art or relevant to the presently claimed disclosure, or that any publication specifically or implicitly referenced is prior art.",
            "\t[0003] \tTraditional safety measures in tunnels include basic alarm systems and manual evacuation procedures that may not be sufficient to ensure timely and effective responses during emergencies. Current rescue systems utilize earthquake detection technologies that largely concentrate on surface infrastructure and often neglect tunnels. Conventional systems lack in necessary quick responses and integration specific to tunnel safety features required for evacuation. The existing technologies lack real-time monitoring and automated response capabilities, leading to difficulty in detecting seismic activity and guiding to safety. Additionally, these systems lack in providing step by step instructions to be followed during evacuation. These limitations have highlighted the need for innovative solutions that can improve evacuation processes and safety systems.",
            "\t[0004] \tThere is, therefore a need to provide an efficient, effective and reliable apparatus to guide evacuation in a tunnel.",
            "\tOBJECTS OF THE INVENTION",
            "\t[0005] \tSome of the objects of the present disclosure, which at least one embodiment herein satisfies are as listed herein below.",
            "\t[0006] \tA general object of the present disclosure is to provide an apparatus to guide evacuation in a tunnel during seismic activity.",
            "\t[0007] \tAnother object of the present disclosure is to provide continuous monitoring of seismic activity, ensuring timely detection of disasters.",
            "\t[0008] \tAnother object of the present disclosure is to provide visual and auditory alerts for quick evacuation and rescue operations.",
            "\t[0009] \tAnother object of the present disclosure is to assist during emergency by transmitting real-time location and signals.",
            "\t[0010] \tYet another object of the present disclosure is to provide clear and precise evacuation paths, ensuring safety during rescue operations.",
            "\tSUMMARY",
            "\t[0011] \tAspects of the present disclosure relate to an apparatus to guide evacuation in a tunnel. The apparatus enhances safety by providing clear guidance and timely alerts, ensuring an organized evacuation process in emergency situations.",
            "\t[0012] \tIn an aspect, the disclosed apparatus may include a detector configured to detect and measure seismic activity in the tunnel and one or more sensors configured to identify and track presence of entities within the tunnel. The apparatus may be configured to receive seismic activity data from the detector, identify magnitude of the detected seismic activity from the received seismic activity, display the identified magnitude of the seismic activity on a display unit, and trigger an alert unit, upon detection of the magnitude of the seismic activity exceeding a predefined threshold value, generate an evacuation path using data received from a global positioning system (GPS), the evacuation path is dynamically generated based on the detected seismic activity and activate, an illumination unit to guide the detected entities along the evacuation path.",
            "\t[0013] \tIn an aspect, the apparatus may include an SOS button configured to manually activate an emergency distress signal, the emergency distress signal being transmitted to a computing device.",
            "\t[0014] \tIn an aspect, the apparatus may include a first casing configured to enclose the detector, the display unit, the one or more sensors, and the first casing may include one or more apertures configured to facilitate ventilation within the apparatus.",
            "\t[0015] \tIn an aspect, the apparatus may include a second casing positioned above the first casing and the second casing accommodates the GPS.",
            "\t[0016] \tIn an aspect, the illumination unit is arranged in a predefined sequential pattern.",
            "\t[0017] \tIn an aspect, the apparatus may be configured to activate a light source to indicate presence of the apparatus, upon detection of the entities within a pre-defined area.",
            "\t[0018] \tIn an aspect, the detector may include an accelerometer configured to measure magnitude of seismic activity.",
            "\t[0019] \tIn an aspect, the display unit may be operatively coupled to the control unit and the display unit may be configured to provide visual and audible instructions to the entities.",
            "[0020] \tVarious objects, features, aspects, and advantages of the inventive subject matter will become more apparent from the following detailed description of preferred embodiments, along with the accompanying drawing figures in which like numerals represent like components.",
            "BRIEF DESCRIPTION OF DRAWINGS",
            "[0021] \tThe accompanying drawings are included to provide a further understanding of the present disclosure and are incorporated in and constitute a part of this specification. The drawings illustrate exemplary embodiments of the present disclosure and, together with the description, serve to explain the principles of the present disclosure.",
            "\t[0022] \tFIG. 1 illustrates an exemplary block diagram of the proposed apparatus to guide evacuation in a tunnel, in accordance with an embodiment of the present disclosure.",
            "\t[0023] \tFIG. 2A illustrates an exemplary front view of the proposed apparatus, in accordance with an embodiment of the present disclosure.",
            "\t[0024] \tFIG. 2B illustrates an exemplary isometric view of the proposed apparatus, in accordance with an embodiment of the present disclosure.",
            "\t[0025] \tFIG. 2C illustrates an exemplary view of internal components of the proposed apparatus, in accordance with an embodiment of the present disclosure.",
            "DETAILED DESCRIPTION",
            "[0026] \tThe following is a detailed description of embodiments of the disclosure depicted in the accompanying drawings. The embodiments are in such detail as to clearly communicate the disclosure. However, the amount of detail offered is not intended to limit the anticipated variations of embodiments; on the contrary, the intention is to cover all modifications, equivalents, and alternatives falling within the spirit and scope of the present disclosure as defined by the appended claims.",
            "\t[0027] \tEmbodiments of the present disclosure pertain to an apparatus to guide evacuation in a tunnel. The apparatus can include a detector configured to detect and measure seismic activity in the tunnel and one or more sensors configured to identify and track presence of entities within the tunnel. The apparatus can be configured to receive seismic activity data from the detector, identify magnitude of the detected seismic activity from the received seismic activity, display the identified magnitude of the seismic activity on a display unit, and trigger an alert unit, upon detection of the magnitude of the seismic activity exceeding a predefined threshold value, generate an evacuation path using data received from a global positioning system (GPS), the evacuation path is dynamically generated based on the detected seismic activity and activate, an illumination unit to guide the detected entities along the evacuation path.",
            "\t[0028] \tIn an embodiment, the apparatus can include an SOS button, and the SOS button is configured to manually activate an emergency distress signal, the emergency distress signal being transmitted to a computing device.",
            "\t[0029] \tIn an embodiment, the apparatus can include a first casing configured to enclose the detector, the display unit, the one or more sensors, and the first casing may include one or more apertures configured to facilitate ventilation within the apparatus.",
            "\t[0030] \tIn an embodiment, the apparatus can include a second casing positioned above the first casing and the second casing accommodates the GPS.",
            "\t[0031] \tIn an embodiment, the illumination unit is arranged in a predefined sequential pattern.",
            "\t[0032] \tIn an embodiment, the apparatus can be configured to activate a light source to indicate presence of the apparatus, upon detection of the entities within a pre-defined area.",
            "\t[0033] \tIn an embodiment, the detector can include an accelerometer configured to measure magnitude of seismic activity.",
            "\t[0034] \tIn an embodiment, the display unit can be operatively coupled to the control unit and the display unit may be configured to provide visual and audible instructions to the entities.",
            "\t[0035] \tReferring to FIGs. 1 to 2C, an apparatus 100 to guide evacuation in a tunnel is disclosed. The apparatus 100 is constructed to endure demanding conditions of harsh mining environments. This apparatus is shaped like a box, making it both durable and compact, allowing it to be easily positioned within the tunnel. Its robust design ensures that it can withstand challenging conditions encountered in such environments, including vibrations, dust, and varying temperatures. Additionally, this apparatus is intended to remain functional and reliable in emergency situations, providing guidance to individuals within the tunnel during evacuation. The apparatus 100 includes a detector 102 configured to detect and measure seismic activity in the tunnel. The seismic activity refers to occurrence of earthquakes or other ground-shaking events caused by the movement of tectonic plates or other geological processes. It encompasses the generation, propagation, and effects of seismic waves that result from these movements. The detector 102 can be seismometer, accelerometer, or the like, that detects and measures seismic activity by converting vibrations from seismic waves into electrical signals. The detector 102 operates continuously, providing real-time monitoring of the seismic activities within the tunnel.",
            "\t[0036] \tIn an embodiment, the accelerometer is configured to measure magnitude of seismic activity. The accelerometer measures the vibrations of the ground caused by seismic waves and quantifies the intensity of these waves to determine the magnitude of the seismic activity.",
            "\t[0037] \tIn an embodiment, the apparatus 100 includes one or more sensors 104 configured to identify and track presence of entities within the tunnel. The one or more sensors 104 can monitor the movement and location of the entities inside the tunnel during the seismic activity, facilitating an effective evacuation process. The one or more sensors 104, can be such as but not limited to, ultrasonic sensors, infrared sensors, motion sensors, and the like, enabling accurate tracking of the entities.",
            "\t[0038] \tIn an embodiment, the apparatus 100 further includes a first casing 118 configured to enclose the detector 102, a display unit 110, and the one or more sensors 104. The first casing 118 can be, for example, a rectangular box or the like, designed to accommodate the internal components. This first casing 118 can be made of durable material, ensuring suitability for harsh environments inside the tunnel. Additionally, the first casing 118 can include a display unit 110 (as shown in FIG. 2A) to display the identified magnitude of the seismic activity. This display unit 110 can be a 16x2 LCD (Liquid Crystal Display). Further, the display unit 110 may also utilize various technologies such as LED (Light Emitting Diode), or touchscreen interfaces to display the identified magnitude effectively.",
            "\t[0039] \tAdditionally, the first casing 118 can include slots or holes (123-1, 123-2, 123-3) of various sizes and shapes configured to house the internal components of the apparatus 100, as shown in FIG. 2A. For instance, two circular slots (123-1, 123-2) are provided to house the one or more sensors 104 and a third slot (123-3) is provided to house a light source 124. This light source 124 is configured to indicate presence of the apparatus 100 when the entities are detected within a pre-defined area. The light source 124 is positioned adjacent to the one or more sensors 104, ensuring that it activates when the sensors detect nearby entities. Further, the light source 124 can include, for example, a LED bulb or the like. This arrangement ensures that the apparatus is clearly visible in low-light conditions, contributing to its effectiveness in guiding individuals during an evacuation.",
            "\t[0040] \tIn an embodiment, the first casing 118 includes one or more apertures 122 (as shown in FIG. 2B) configured to facilitate ventilation within the apparatus 100. These apertures are strategically placed to allow air to flow through the first casing 118. This ventilation is essential because it helps dissipate heat generated by the internal components during operation. By preventing excessive heat buildup, the apertures 122 assist in maintaining the optimal functioning of the apparatus and prevent potential overheating or damage to sensitive components.",
            "\t[0041] \tAdditionally, an illumination unit 116 is attached to the first casing 118 to guide the detected entities along an evacuation path, as shown in FIGs. 2A and 2B. The illumination unit 116 can include LED lights, providing visibility from a distance in a dimly lit area of the tunnel, ensuring easy and safe evacuation process. This illumination unit 116 is arranged in a predefined sequential pattern that provides direction towards safety along the evacuation path. The pattern can be an arrow or the like, which sequentially lights up to indicate the direction of movement, enabling easy-to-follow guidance along the evacuation path.",
            "\t[0042] \tIn an embodiment, the apparatus 100 further includes a second casing 120 (as shown in FIG. 2B) positioned above the first casing 118. This second casing 120 is designed to accommodate a Global Positioning System (GPS) 114 and a SOS button 128. This is smaller than the first casing 118, which allows it to be placed on top without interfering with the internal components housed in the first casing 118. This second casing 120 prevents any potential interference between the GPS 114 and SOS button 128 and the other internal components of the first casing 18. This separation helps ensure that all components function correctly and efficiently without affecting each other.",
            "\t[0043] \tIn an embodiment, the apparatus 100 includes a control unit 106 operatively coupled to the detector 102, the one or more sensors 104, the GPS 114, the illumination unit 116, and the light source 124. The control unit 106 may be implemented as one or more microprocessors, microcomputers, microcontrollers, edge or fog microcontrollers, digital signal processors, central processing units, logic circuitries, and/or any devices that process data based on operational instructions. Among other capabilities, the control unit 106 may be configured to fetch and execute computer-readable instructions stored in a memory (not shown) of the apparatus 100. The memory may be configured to store one or more computer-readable instructions or routines in a non-transitory computer readable storage medium, which may be fetched and executed to create or share data packets over a network service. The memory may comprise any non-transitory storage device including, for example, volatile memory such as Random Access Memory (RAM), or non-volatile memory such as Erasable Programmable Read-Only Memory (EPROM), flash memory, and the like.",
            "\t[0044] \tIn an embodiment, the control unit 106 is configured to process the received seismic activity data from the detector 102. The seismic activity data can include information such as intensity, frequency or duration of the seismic waves as detected by the detector 102. Upon receipt of the seismic activity data, the control unit 106 determines magnitude of the detected seismic activity, and displays the identified magnitude of the seismic activity on the display unit 110.",
            "\t[0045] \tWhen the magnitude of the seismic activity exceeds a predefined threshold value, the control unit 106 triggers an alert unit 112 of the apparatus. The alert unit 112 can be, for example, buzzers, alarms, warning lights or the like, and can be operatively coupled to the control unit 106. The predefined threshold indicates that the seismic activity beyond this threshold can pose a significant risk to the entities inside the tunnel. These alerts are intended to immediately draw attention and prompt entities in the tunnel to take action, thereby enhancing their safety by signaling that a potentially dangerous situation is unfolding. Simultaneously, the display unit 110 provides visual and audible instructions to the entities. The visual and auditory instructions can include directions to safely exit the tunnel, ensuring accurate and step-by-step guidance to the entities during an emergency.",
            "\t[0046] \tAdditionally, the control unit 106 generates the evacuation path using data received from the global positioning system (GPS) 114. The evacuation path is dynamically generated based on the detected seismic activity and current location of seismic activity. The GPS 114 assess the current location of the seismic activity and based on the tunnel topography including obstacles, hazards and the like, the evacuation path is generated, ensuring an efficient and safe route for evacuation. In an exemplary embodiment, the GPS 114 may incorporate a communication module, such as a GSM SIM 800I module, which allows the GPS 114 to communicate with other devices or networks, potentially sending location data or receiving commands. Additionally, the system may use a converter like the LM2596 step-down converter, which regulates the voltage supplied to the GPS 114, ensuring that the components receive the correct voltage for stable operation. A GPS Neo-6M module serves as a receiver, responsible for obtaining satellite signals and determining the precise location of the apparatus. To ensure proper functioning and signal stability, the system also includes a resistor, such as a 10K resistor, which helps manage the flow of electrical current within the circuit. Finally, all these components are mounted on a printed circuit board (PCB), such as a Zero PCB, which provides a platform for connecting and integrating the various electronic parts, enabling them to work together as the cohesive GPS 114 within the apparatus. Once the evacuation path is generated, the control unit 106 activates the illumination unit 116 to guide the detected entities along the evacuation path. Upon generation of the evacuation path, the illumination unit 116 arranged in an arrow pattern and placed throughout the tunnel are illuminated to guide the entities to follow along the evacuation path towards a safe exit.",
            "\t[0047] \tFurther, the control unit 106 is configured to activate the light source 124 when it detects the presence of entities within the predefined area around the apparatus by the sensors 104. This makes the apparatus more visible to individuals in its vicinity, reducing the risk of accidental collisions. By illuminating the light source 124, the apparatus signals its presence, allowing people to avoid it and thus preventing potential accidents or damage. This proactive measure enhances safety by ensuring that the apparatus is easily noticeable, especially in low-light or emergency situations.",
            "\t[0048] \tMoreover, the SOS button 128 is activated by any of the entities in the tunnel, and upon activation transmits an emergency distress signal along with real-time location of the apparatus 100l, the emergency distress signal being transmitted to a computing device (not shown) such as but not be limited to, computers, both desktops and laptops, as well as mobile devices like smartphones and tablets. This transmission enables the rescue teams to immediately identify location of the apparatus 100 and the entities inside the tunnel. The computing device 130 can be communicatively coupled to the apparatus 100 through a communication unit (not shown). This communication unit can utilize various methods for connection. It could be wired, such as through Ethernet cables or serial connections, or wireless, such as through Wi-Fi, Bluetooth, or cellular networks. This setup ensures that the computing device can receive the emergency distress signal and real-time location data from the apparatus, enabling effective monitoring and coordination during an emergency.",
            "\t[0049] \tIn an exemplary embodiment, when multiple apparatuses are utilized in a tunnel construction project, a sudden earthquake causes seismic activity to spike. Each apparatus detects the increased seismic activity and determines that it exceeds the predefined risk threshold. The apparatuses activate visual and audible alerts to warn construction workers and guide them with illuminated arrows along the safest evacuation path. At the same time, the SOS button is pressed, sending an emergency signal and real-time location to rescue teams. The GPS ensures that the evacuation path accounts for any new hazards or obstacles, leading workers to a secure exit and allowing rescue teams to be quickly directed to the site for further assistance.",
            "\t[0050] \tThus, the proposed apparatus enhances tunnel safety by monitoring seismic activity and providing real-time evacuation guidance. It ensures timely alerts and dynamic evacuation paths to help individuals safely exit during emergencies.",
            "\t[0051] \tWhile the foregoing describes various embodiments of the disclosure, other and further embodiments of the disclosure may be devised without departing from the basic scope thereof. The scope of the disclosure is determined by the claims that follow. The disclosure is not limited to the described embodiments, versions or examples, which are included to enable a person having ordinary skill in the art to make and use the disclosure when combined with information and knowledge available to the person having ordinary skill in the art.",
            "\tADVANTAGES OF THE INVENTION",
            "\t[0052] \tThe present disclosure provides an apparatus to guide evacuation in a tunnel during a seismic activity.",
            "\t[0053] \tThe present disclosure provides continuous monitoring of seismic activity, ensuring timely detection of disasters.",
            "\t[0054] \tThe present disclosure provides visual and auditory alerts for quick evacuation and rescue operations.",
            "\t[0055] \tThe present disclosure assists during emergency by transmitting real-time location and signals.",
            "\t[0056] \tThe present disclosure provides clear and precise evacuation paths, ensuring safety during rescue operations.",
            "\t, Claims:1.\tAn apparatus (100) to guide evacuation in a tunnel, the apparatus (100) comprising:",
            "\ta detector (102) configured to detect and measure seismic activity in the tunnel;",
            "\tone or more sensors (104) configured to identify and track presence of entities within the tunnel; and",
            "\ta control unit (106) operatively coupled to the detector (102) and the one or more sensors (104), the control unit (106) coupled with a memory, wherein the memory stores instructions executable by the control unit (106) to:",
            "\treceive seismic activity data from the detector (102);",
            "\tidentify magnitude of the detected seismic activity from the received seismic activity, and display the identified magnitude of the seismic activity on a display unit (110);",
            "\ttrigger an alert unit (112), upon detection of the magnitude of the seismic activity exceeding a predefined threshold value;",
            "\tgenerate an evacuation path using data received from a global positioning system (GPS) (114), wherein the evacuation path is dynamically generated based on the detected seismic activity; and",
            "\tactivate an illumination unit (116) to guide the detected entities along the evacuation path.",
            "\t2.\tThe apparatus (100) as claimed in claim 1, further comprising an SOS button (128) configured to transmit an emergency distress signal to a computing device.",
            "\t3.\tThe apparatus (100) as claimed in claim 1, further comprises a first casing (118) configured to enclose the detector (102), the display unit (110), the one or more sensors (104), and the first casing (118) comprises one or more apertures (122) configured to facilitate ventilation within the apparatus (100).",
            "\t4.\tThe apparatus (100) as claimed in claim 3, further comprises a second casing (120) positioned above the first casing (118), wherein the second casing (120) accommodates the GPS (114).",
            "\t5.\tThe apparatus (100) as claimed in claim 1, wherein the illumination unit (116) is arranged in a predefined sequential pattern.",
            "\t6.\tThe apparatus (100) as claimed in claim 1, wherein the control unit (106) is further configured to activate a light source (124) to indicate presence of the apparatus (100), upon detection of the entities within a pre-defined area.",
            "\t7.\tThe apparatus (100) as claimed in claim 1, wherein the detector (102) comprises an accelerometer configured to measure magnitude of seismic activity.",
            "\t8.\tThe apparatus (100) as claimed in claim 1, wherein the display unit (110) is operatively coupled to the control unit (106) and the display unit (110) is configured to provide visual and audible instructions to the entities."
        ],
        "Inventors": [
            {
                "Name": "CHANDAN, Swet",
                "Address": "Department of Mechanical Engineering, National Institute of Technology Patna, Ashok Rajpath, Patna - 800005, Bihar, India.",
                "Country": "India",
                "Nationality": "India"
            },
            {
                "Name": "CHOUBEY, Vikas Kumar",
                "Address": "Department of Mechanical Engineering, National Institute of Technology Patna, Ashok Rajpath, Patna \u2013 800005, Bihar, India.",
                "Country": "India",
                "Nationality": "India"
            },
            {
                "Name": "UPADHYAY, Vikas",
                "Address": "Department of Mechanical Engineering, National Institute of Technology Patna, Ashok Rajpath, Patna \u2013 800005, Bihar, India.",
                "Country": "India",
                "Nationality": "India"
            }
        ],
        "Applicants": [
            {
                "Name": "National Institute of Technology Patna",
                "Address": "Ashok Rajpath, Patna - 800005, Bihar, India.",
                "Country": "India",
                "Nationality": "India"
            }
        ]
    }
}