{
    "202411066266": {
        "Invention Title": "STREAMING SERVICE PLATFORM FOR ANIME AND MANGA",
        "Publication Number": "38/2024",
        "Publication Date": "20/09/2024",
        "Publication Type": "INA",
        "Application Number": "202411066266",
        "Application Filing Date": "02/09/2024",
        "Priority Number": "",
        "Priority Country": "",
        "Priority Date": "",
        "Field Of Invention": "COMMUNICATION",
        "Classification (IPC)": "H04N0021258000, G06N0020000000, G06F0003160000, H04N0021450000, H04L0051000000",
        "Abstract": "ABSTRACT\r\n\r\n\r\nThe present invention relates to a streaming service platform for anime and manga comprises an extensive digital library stores a collection of rare anime and a multiple number of manga, an integrated search system capable of automatically organize anime context based upon preference of user, thereby sorting by chronological order, canon or non-canon episodes and an ability to filter episodes, a dynamic subscription model offers personalized recommendation for both anime and manga, an audiobook feature capable of reading manga to said users with voice acting that is further synchronized with visual content to enhance reading experience.",
        "Description": [
            "Description:",
            "FIELD OF THE INVENTION",
            "\t[0001]\tThe present invention relates to a streaming service platform for anime and manga that is capable of showing a user both anime and manga based upon their choices.",
            "BACKGROUND OF THE INVENTION",
            "\t[0002]\tFor years, traditional platforms on which to view anime have included mainstream streaming services and cable television networks. In many respects, these are greatly disadvantageous to the viewer. First, their libraries of anime are typically small, comprising only popular or widely recognized titles and omitting rare or niche series with dedicated followings. Some of these services may further license anime content in such a poor manner, including a lack of features such as the ability to customize watch order or even making it simple to tell between canon and filler episodes. This can lead to a really fragmented experience where fans either have to struggle to track down the exact content they are looking for or be forced to go through content in an order that detracts from the narrative. Moreover, traditional platforms usually mean little or no integration with manga, hence leaving fans of both media in a disjointed experience. Such limitations further necessitate a dedicated service to the special needs of anime and manga enthusiasts for a more comprehensive, user-friendly, and immersive experience.",
            "\t[0003]\tUS20160286244A1 discloses a system may include an interactive video broadcasting service, implemented on a server, configured to enable a plurality of source devices to broadcast live feed video streams, over a network, to a plurality of viewing devices. The interactive video broadcasting service includes a multi-perspective video sharing engine configured to determine that at least two of the live feed video streams relate to a same event. The multi-perspective video sharing engine provides a multi-perspective display, over the network, to at least one of the plurality of viewing devices in which the multi-perspective display concurrently streams the live feed video streams determined as related to the same event.",
            "\t[0004]\tConventionally, many platform have been mentioned in the prior arts, that is capable of showing anime to but still none of the existing platforms are capable of showing a user both anime and manga based upon their choices, or filtering anime based upon ratings and titles, or a showing manga via voice acting.",
            "\t[0005]\tIn order to overcome the aforementioned drawbacks, there is a requirement to develop a platform that is capable of showing a user both anime and manga based upon their choices, or filtering anime based upon ratings and titles, or a showing manga via voice acting.",
            "\tOBJECTS OF THE INVENTION",
            "\t[0006]\t The principal object of the present invention is to overcome the disadvantages of the prior art.",
            "\t[0007]\t An object of the present invention is to develop a platform that is capable of showing a user both anime and manga based upon their choices.",
            "\t[0008]\tAnother object of the present invention is to develop a platform that is capable of filtering anime based upon ratings and titles, thus providing an option to the user to find their favorite anime in a short time period.",
            "\t[0009]\t Yet another object of the present invention is to develop a platform that is capable of showing manga via voice acting to aid the user to understand the manga in a better manner.",
            "[0010]\t The foregoing and other objects, features, and advantages of the present invention will become readily apparent upon further review of the following detailed description of the preferred embodiment as illustrated in the accompanying drawings.",
            "SUMMARY OF THE INVENTION",
            "\t[0011]\t The present invention relates to a streaming service platform for anime and manga, capable of filtering anime based upon ratings and titles, thus providing an option to the user to find their favorite anime in a short time period.",
            "\t[0012]\tAccording to an embodiment of the present invention, a streaming service platform for anime and manga comprises a an extensive digital library stores a collection of rare anime and a multiple number of manga, an integrated search system capable of automatically organize anime context based upon preference of user, thereby sorting by chronological order, canon or non-canon episodes and an ability to filter episodes, a dynamic subscription model offers personalized recommendation for both anime and manga, an audiobook feature capable of reading manga to said users with voice acting that is further synchronized with visual content to enhance reading experience, the system further includes filters that sort anime by titles, popularity and ratings, the feature provides option to said user for switching voices and the module offers price of using said platform for unlocking additional features of said platform.",
            "\t[0013]\t While the invention has been described and shown with particular reference to the preferred embodiment, it will be apparent that variations might be possible that would fall within the scope of the present invention.",
            "BRIEF DESCRIPTION OF THE DRAWINGS",
            "[0014]\t These and other features, aspects, and advantages of the present invention will become better understood with regard to the following description, appended claims, and accompanying drawings where:",
            "\tFigure 1 illustrates a block diagram of a streaming service platform for anime and manga.",
            "DETAILED DESCRIPTION OF THE INVENTION",
            "[0015]\t The following description includes the preferred best mode of one embodiment of the present invention. It will be clear from this description of the invention that the invention is not limited to these illustrated embodiments but that the invention also includes a variety of modifications and embodiments thereto. Therefore, the present description should be seen as illustrative and not limiting. While the invention is susceptible to various modifications and alternative constructions, it should be understood, that there is no intention to limit the invention to the specific form disclosed, but, on the contrary, the invention is to cover all modifications, alternative constructions, and equivalents falling within the spirit and scope of the invention as defined in the claims.",
            "\t[0016]\t In any embodiment described herein, the open-ended terms \"comprising,\" \"comprises,\u201d and the like (which are synonymous with \"including,\" \"having\u201d and \"characterized by\") may be replaced by the respective partially closed phrases \"consisting essentially of,\" consists essentially of,\" and the like or the respective closed phrases \"consisting of,\" \"consists of,  the like.",
            "\t[0017]\t As used herein, the singular forms \u201ca,\u201d \u201can,\u201d and \u201cthe\u201d designate both the singular and the plural, unless expressly stated to designate the singular only.",
            "\t[0018]\tThe present invention relates to a streaming service platform for anime and manga capable of showing a user both anime and manga, based upon user choices, while showing manga also provided voice acting to aid the user to understand the manga in a better manner.",
            "\t[0019]\t Referring to Figure 1, illustrates a block diagram of a streaming service platform for anime and manga.",
            "\t[0020]\tThe invention pertains to a streaming service platform that caters specifically to the needs of enthusiasts in anime and manga. Such a platform should offer the user a rich and full experience with an extensive digital library from unavailable to rare anime titles and a diverse selection of manga. This platform will be more engaging not only for watchers of anime but also for readers of manga, as it will include features that enhance discovery, personalization, and user engagement.",
            "\t[0021]\tA vast digital library comprising a curated collection of the rarest and out-of-print anime titles offers users an exclusive feel in their screen time, making certain content truly accessible to them for perhaps the first time. The library also entails a wide variety of manga to serve avid readers who would instead engage themselves in Japanese comics. Digital Library is regularly updated with new titles added, ensuring users have the latest anime and manga releases. In this light, the content acquisition team at the platform collaborates with studios and manga publishers to secure much-needed exclusive rights of distribution, further cementing the value proposition of the platform.",
            "\t[0022]\tAmong the big features in this platform includes its inbuilt search system, for improving the process of discovery of contents. By default, this is going to be configured so as to sort anime content by the preferences of the users. The users will have the facility for sorting anime titles by chronological order, canon or non-canonical episodes, with options to remove or distinguish episodes that are fillers. Especially useful for those who like to watch anime series in some particular order or want to skip non-essential episodes, this functionality will be a real catch. The search system will provide for advanced filters that enable sorting of anime titles by genre, popularity, and user ratings.",
            "\t[0023]\tSuch filters are designed to help users quickly find content matching their interests and tastes. The system has integrated machine learning algorithms that take user behavior and preference to provide personalized results, which improve with time. Subscription model, dynamic in providing personalized recommendations for viewing anime and reading manga. This model is put in place and designed to ensure a rich and seamless experience of the users by personalizing content suggestions based on individual preferences, history of viewing, and reading.",
            "\t[0024]\tThe subscription model features tiered levels offering different prices for unlocked features. For example, premium subscribers may get early access to content newly added to the library, as well as exclusive behind-the-scenes material from the anime adaptation. The tiered structure allows users to choose the subscription plan that fits their interests and budget while prompting users to explore more of the content available on the platform. The audiobook feature is a novel element of the platform that provides users with more ways to engage with manga. Users can listen to manga material being read out loud with accompanying voice acting with an emotional quality/style. The audiobooks are offered in conjunction with the visual material, allowing readers to visually and textually follow illustrations as they listen.",
            "\t[0025]\tThe audiobook feature is also being designed to allow switchable voice actors, which will vary the emotional response of the same content, adding even more personalization. The audiobook feature helps extend the experience of reading manga, creating more opportunities to engage with content and increasing accessibility for users who prefer auditory medium. Beyond the primary core engagement, the platform utilizes what might be described as community-oriented features which enable user engagement, participation, and social connectivity. The platform includes user-generated content such as reviews, discussion forums, and share capabilities to allow users to connect and engage with others who share a similar interest. The community features not only enhance user experience and ongoing engagement, but they also build a user base that genuinely supports the platform's growth and success.",
            "\t[0026]\tThe social platform components are connected with the search and recommendation mechanisms to let the users find the material depending on the reaction of other people in the environment. This gives users the ability to contribute in a community forum and post views, suggestions, and opinions on anime and manga titles. The all-inclusive streaming service solution fuses entertainment taste of anime and manga with state of the art tech and functional connections. In terms of an extensive digital library, a complex search, a flexible subscription service, and the modern function of audiobooks, the platform means a new level for anime and manga streaming. Here, one can see that the key aspects related to personalization, content discovery, or user engagement guarantee that the platform caters to the anime watcher\u2019s and manga reader\u2019s needs while offering them a full-blown experience.",
            "[0027]\t Although the field of the invention has been described herein with limited reference to specific embodiments, this description is not meant to be construed in a limiting sense. Various modifications of the disclosed embodiments, as well as alternate embodiments of the invention, will become apparent to persons skilled in the art upon reference to the description of the invention.",
            "\t, Claims:We Claim:",
            "\t1)\tA streaming service platform for anime and manga, comprising:",
            "\ta)\tan extensive digital library associated with said platform, wherein said library stores a collection of rare anime and a multiple number of manga;",
            "\tb)\tan integrated search system associated with said platform, wherein said system is capable of automatically organize anime context based upon preference of user, thereby sorting by chronological order, canon or non-canon episodes and an ability to filter episodes;",
            "\tc)\ta dynamic subscription model associated with said platform, wherein model offers personalized recommendation for both anime and manga; and",
            "\td)\tan audiobook feature associated with said platform, wherein said feature is capable of reading manga to said users with voice acting that is further synchronized with visual content to enhance reading experience.",
            "\t2)\tThe platform as claimed in claim 1, wherein, said system further includes filters that sort anime by titles, popularity and ratings.",
            "\t3)\tThe platform as claimed in claim 1, wherein said feature provides option to said user for switching voices.",
            "\t4)\tThe platform as claimed in claim 1, wherein said module offers price of using said platform for unlocking additional features of said platform."
        ],
        "Inventors": [
            {
                "Name": "Parmod Kumar Meena",
                "Address": "Jaipuria Institute of Management, Indirapuram Ghaziabad, Block-A, Gate No.2, Shakti Khand IV, Indirapuram\r\nGhaziabad\r\nUttar Pradesh\r\nIndia\r\n201014",
                "Country": "India",
                "Nationality": "India"
            },
            {
                "Name": "Dr Ajay Tripathi",
                "Address": "Jaipuria Institute of Management, Indirapuram Ghaziabad, Block-A, Gate No.2, Shakti Khand IV, Indirapuram\nGhaziabad\nUttar Pradesh\nIndia\n201014",
                "Country": "India",
                "Nationality": "India"
            },
            {
                "Name": "Surbhi Kansal",
                "Address": "Jaipuria Institute of Management, Indirapuram Ghaziabad, Block-A, Gate No.2, Shakti Khand IV, Indirapuram\nGhaziabad\nUttar Pradesh\nIndia\n201014",
                "Country": "India",
                "Nationality": "India"
            }
        ],
        "Applicants": [
            {
                "Name": "Jaipuria Institute of Management",
                "Address": "Indirapuram Ghaziabad, Block-A, Gate No.2, Shakti Khand IV, Indirapuram\r\nGhaziabad\r\nUttar Pradesh\r\nIndia\r\n201014",
                "Country": "India",
                "Nationality": "India"
            }
        ]
    }
}