{
    "202411067723": {
        "Invention Title": "OPTIMIZED SENSOR FUSION FOR ROBOTIC LANDMINE DETECTION USING EKF AND LIDAR",
        "Publication Number": "39/2024",
        "Publication Date": "27/09/2024",
        "Publication Type": "INA",
        "Application Number": "202411067723",
        "Application Filing Date": "06/09/2024",
        "Priority Number": "",
        "Priority Country": "",
        "Priority Date": "",
        "Field Of Invention": "PHYSICS",
        "Classification (IPC)": "G01C0021160000, G01S0013880000, G01S0013931000, F41H0011120000, G01S0017931000",
        "Abstract": "The present invention relates to an Optimized Sensor Fusion for Robotic Landmine Detection Using EKF and LiDAR, integrating advanced sensor fusion techniques to enhance localization accuracy and landmine detection efficiency in complex environments. The system dynamically selects and fuses data from multiple sensors, including LiDAR, ground-penetrating radar (GPR), inertial measurement units (IMU), and metal detectors, based on real-time performance metrics. The Extended Kalman Filter (EKF) is enhanced with a terrain-adaptive tuning mechanism that adjusts noise covariance matrices in response to varying terrain conditions, improving state estimation and localization precision.\r\nKey features of the invention include LiDAR-enhanced 3D mapping and obstacle detection, which provide detailed ground elevation and surface irregularity analysis for more accurate landmine detection and obstacle avoidance. The system also incorporates fault-tolerant sensor fusion, enabling continued operation in the event of sensor failures by switching to redundant sensors without compromising detection accuracy.\r\nThis novel approach ensures superior performance in dynamic and challenging environments, offering significant advancements in the accuracy, reliability, and safety of autonomous demining operations. The invention has wide applications in military, humanitarian, and post-conflict landmine detection and clearance efforts, improving operational efficiency while reducing risks to human life.",
        "Description": [
            "Description:[0024]\tThis patent proposes a novel optimal sensor selection and fusion system for autonomous landmine detection robots, leveraging an Extended Kalman Filter (EKF) localization model enhanced with LiDAR features for more accurate and efficient detection of landmines in complex and dynamic environments. The key innovation lies in the dynamic sensor selection algorithm that optimally fuses data from multiple sensors such as LiDAR, ground-penetrating radar (GPR), inertial measurement units (IMU), and metal detectors based on real-time sensor performance and environmental conditions.",
            "\t[0025]\tA unique aspect of this system is the introduction of a dynamic sensor selection algorithm that assesses the quality, reliability, and relevance of sensor data in real-time. This algorithm continuously evaluates the noise characteristics and performance of each sensor in the current environment, dynamically selecting the optimal subset of sensors for localization and landmine detection. Key components include:",
            "\t[0026]\tReal-Time Sensor Assessment: Sensors are evaluated based on factors such as signal strength, noise levels, and environmental conditions (e.g., terrain type, weather). The algorithm assigns weights to each sensor based on its reliability in the current scenario.",
            "\t[0027]\tAdaptive Fusion: The EKF adjusts the measurement noise covariance matrices for each sensor dynamically based on the real-time sensor performance evaluation. If a sensor is found to be less reliable (e.g., LiDAR encountering high reflectivity errors), its contribution to the state estimate is reduced.",
            "\t[0028]\tContext-Aware Optimization: The algorithm uses environmental context (e.g., terrain type, presence of metallic debris) to determine which sensors should be prioritized. For example, in environments where ground reflectivity may interfere with LiDAR, ground-penetrating radar and metal detectors are given higher weight.",
            "\t[0029]\tThe integration of LiDAR-enhanced localization significantly improves the accuracy of the landmine detection robot\u2019s position estimates. LiDAR\u2019s high-resolution 3D mapping capabilities enable the robot to construct detailed maps of its surroundings and accurately detect obstacles, terrain features, and potential landmine sites. The integration of LiDAR into the EKF model allows for:",
            "\t[0030]\tHigh-Resolution Terrain Mapping: LiDAR provides detailed point cloud data that the EKF uses to refine its predictions of the robot\u2019s position and orientation, even in complex terrains such as uneven ground or dense vegetation. This improved localization ensures the robot can move precisely and avoid false positives or false negatives when detecting landmines.",
            "\t[0031]\tObstacle and Landmark Detection: The system leverages LiDAR to identify and track obstacles or landmarks that can serve as reference points for improved localization. By incorporating LiDAR data into the EKF, the robot can more accurately estimate its position relative to these features, reducing localization errors and ensuring more accurate detection.",
            "\t[0032]\tThe system introduces a novel terrain-adaptive tuning mechanism for the EKF\u2019s process and measurement noise covariance matrices. This mechanism adjusts the noise parameters dynamically based on terrain characteristics identified by LiDAR and other sensors:",
            "\t[0033]\tReal-Time Terrain Classification: LiDAR and IMU data are used to classify the terrain type (e.g., flat, hilly, rocky, sandy) in real-time. This classification is fed into the EKF, which adjusts the process noise covariance matrix Q accordingly. For example, in rocky or uneven terrain, higher noise levels are expected due to more unpredictable motion, while in flat terrain, lower noise levels are used for more stable state predictions.",
            "\t[0034]\tMeasurement Noise Adaptation: The measurement noise covariance matrix R is also adapted dynamically based on the current sensor performance. For instance, in environments with dense vegetation or reflective surfaces, LiDAR measurements may have higher uncertainty, leading to an increased measurement noise value in the EKF model.",
            "\t[0035]\tLiDAR is used to provide detailed analysis of ground elevation and surface irregularities, improving landmine detection accuracy. This feature enhances the system\u2019s ability to detect landmines in uneven or sloped terrains where traditional 2D ground-penetrating radar might struggle. The key innovations in this feature include:",
            "\t[0036]\tGround Elevation Mapping: LiDAR captures subtle changes in ground elevation, helping the robot adjust its detection algorithms to account for sloped or uneven terrain. This information is incorporated into the EKF model to refine the robot's position estimate and correct for deviations caused by elevation changes.",
            "\t[0037]\tSurface Irregularity Detection: By detecting surface irregularities such as small mounds or depressions, LiDAR helps the system identify potential locations where landmines might be buried. This information is combined with sensor data from GPR and metal detectors to increase detection confidence.",
            "\t[0038]\tThe integration of LiDAR with the EKF not only improves localization but also enhances the robot's obstacle avoidance capabilities:",
            "\t[0039]\tDynamic Obstacle Tracking: The EKF tracks moving or static obstacles detected by LiDAR and adjusts the robot\u2019s trajectory to avoid them while maintaining optimal landmine detection coverage.",
            "\t[0040]\tPath Planning in Complex Environments: LiDAR-generated 3D maps are used to plan the robot\u2019s path in environments with obstacles such as rocks, trees, or debris. The EKF helps ensure that the robot stays on course, even when navigating around obstacles, without losing localization accuracy.",
            "\t[0041]\tTo improve reliability, the system incorporates fault detection algorithms that monitor sensor performance and detect sensor failures or malfunctions in real-time. When a fault is detected, the system automatically switches to redundant sensors or adjusts the EKF model to rely more heavily on the remaining functional sensors. This enhances the system\u2019s robustness, ensuring continuous operation even in the event of sensor degradation or failure.",
            "\t, Claims:I/We Claim:",
            "\t1.\ta method for dynamic real-time sensor selection and data fusion in an autonomous landmine detection robot, comprising:",
            "\ti)\tcontinuously assessing the performance of multiple sensors, including but not limited to LiDAR, ground-penetrating radar (GPR), inertial measurement units (IMU), and metal detectors, based on real-time environmental conditions;",
            "\tii)\tassigning dynamic weights to sensor outputs according to reliability metrics such as signal strength, noise levels, and terrain type;",
            "\tiii)\tintegrating selected sensor data into an Extended Kalman Filter (EKF) to provide optimized state estimates for the robot's localization and landmine detection functions;",
            "\tiv)\tadjusting the EKF\u2019s process and measurement noise covariance matrices dynamically, based on the performance evaluation of each sensor.",
            "\t2.\ta LiDAR-enhanced localization system using an Extended Kalman Filter (EKF) in an autonomous landmine detection robot, wherein:",
            "\ti)\tLiDAR is used to generate high-resolution 3D maps of the robot's surroundings, providing data on ground elevation, surface irregularities, and obstacles;",
            "\tii)\tthe LiDAR data is integrated into the EKF, which linearizes non-linear measurements using Jacobian matrices for more accurate state estimation and localization in challenging terrains;",
            "\tiii)\tthe EKF adjusts the robot\u2019s position and orientation estimates based on LiDAR data, enabling precise navigation and detection of buried landmines.",
            "\t3.\ta method for terrain-adaptive tuning of an Extended Kalman Filter (EKF) in an autonomous landmine detection robot, comprising:",
            "\ti)\tusing LiDAR and inertial measurement unit (IMU) data to classify the terrain in real-time, including but not limited to flat ground, uneven terrain, rocky surfaces, and vegetated areas;",
            "\tii)\tadjusting the EKF's process noise covariance matrix based on the terrain classification, wherein higher noise levels are applied in uneven or dynamic environments and lower noise levels are applied in stable environments;",
            "\tiii)\tdynamically adjusting the measurement noise covariance matrix for each sensor, based on sensor-specific performance metrics such as noise levels, accuracy, and data reliability in the current terrain.",
            "\t4.\ta system for ground elevation and surface irregularity detection in an autonomous landmine detection robot, comprising:",
            "\ti)\tLiDAR-based terrain mapping to capture detailed elevation changes and surface irregularities in the robot\u2019s environment;",
            "\tii)\tintegrating the terrain data into the EKF model to adjust the robot's detection algorithms for landmines, considering ground slopes, depressions, or surface irregularities that may indicate the presence of buried landmines;",
            "\tiii)\tenhancing the EKF\u2019s state predictions by incorporating LiDAR-derived elevation data to correct for deviations caused by changes in ground level.",
            "\t5.\ta fault-tolerant sensor fusion system within an Extended Kalman Filter (EKF) framework for an autonomous landmine detection robot, comprising:",
            "\ti)\ta real-time fault detection algorithm that monitors sensor performance and detects sensor failures or malfunctions;",
            "\tii)\ta system for automatically switching to redundant sensors when a fault is detected, ensuring continued operation of the EKF by adjusting the filter\u2019s parameters to rely more heavily on functional sensors;",
            "\tiii)\ta method for updating the EKF model in response to sensor faults, ensuring accurate localization and landmine detection despite sensor degradation or failure.",
            "\t6.\ta method for obstacle detection and avoidance using LiDAR in an autonomous landmine detection robot, comprising:",
            "\ti)\tusing LiDAR to detect and classify obstacles in the robot\u2019s environment, including moving and static objects;",
            "\tii)\tintegrating LiDAR data into the EKF to update the robot\u2019s path in real-time, ensuring safe navigation while maintaining optimal landmine detection coverage;",
            "\tiii)\tadjusting the robot's trajectory to avoid detected obstacles without compromising localization accuracy or landmine detection effectiveness.",
            "\t7.\ta multi-sensor data fusion system for improved landmine detection in an autonomous robot, comprising:",
            "\ti)\tcollecting and integrating data from multiple sensors, including LiDAR, GPR, IMU, and metal detectors;",
            "\tii)\tusing the EKF to fuse sensor data in real-time, providing continuous updates to the robot's state estimates for accurate localization;",
            "\tiii)\ta system for dynamically selecting the most reliable sensors in response to environmental changes and sensor performance variations, ensuring consistent and accurate landmine detection."
        ],
        "Inventors": [
            {
                "Name": "BINOD KUMAR MISHRA",
                "Address": "Department of Computer Science & Engineering\r\nChandigarh University, Gharuan, Mohali, Punjab, India\r\nPIN 140 413",
                "Country": "India",
                "Nationality": "India"
            },
            {
                "Name": "Dr. K. Mariyappan",
                "Address": "Chandigarh University\nGharuan, Mohali,\nPunjab, India\n140413",
                "Country": "India",
                "Nationality": "India"
            },
            {
                "Name": "Dr. Vibha Tiwari",
                "Address": "Medi-Caps University, Indore",
                "Country": "India",
                "Nationality": "India"
            }
        ],
        "Applicants": [
            {
                "Name": "BINOD KUMAR MISHRA",
                "Address": "Department of Computer Science & Engineering\r\nChandigarh University, Gharuan, Mohali, Punjab, India\r\nPIN 140 413",
                "Country": "India",
                "Nationality": "India"
            },
            {
                "Name": "Dr. K. Mariyappan",
                "Address": "Chandigarh University\nGharuan, Mohali,\nPunjab, India\n140413",
                "Country": "India",
                "Nationality": "India"
            },
            {
                "Name": "Dr. Vibha Tiwari",
                "Address": "Medi-Caps University, Indore",
                "Country": "India",
                "Nationality": "India"
            }
        ]
    }
}