{
    "202441067499": {
        "Invention Title": "DETECTING ALZHEIMER\u2019S DISEASE USING INTEGRATED ML AND DL ALGORITHMS",
        "Publication Number": "37/2024",
        "Publication Date": "13/09/2024",
        "Publication Type": "INA",
        "Application Number": "202441067499",
        "Application Filing Date": "06/09/2024",
        "Priority Number": "",
        "Priority Country": "",
        "Priority Date": "",
        "Field Of Invention": "BIO-MEDICAL ENGINEERING",
        "Classification (IPC)": "A61B5/00, G06N3/08, G16H50/20",
        "Abstract": "Abstract\r\n\r\n\r\nAs the world is experiencing population growth, the portion of the older people, aged 65 and above, is also growing at a faster rate. As a result, the dementia with Alzheimer\u2019s disease is expected to increase rapidly in the next few years. Currently, healthcare systems require an accurate detection of the disease for its treatment and prevention. Therefore, it has become essential to develop a framework for early detection of Alzheimer\u2019s disease to avoid complications. To this end, a novel framework, based on machine learning (ML) and deep learning (DL) methods, is to detect Alzheimer\u2019s disease. In particular, the performance of different ML and DL algorithms has been evaluated against their detection accuracy. The experimental results state that bidirectional long short term memory (BILSTM) outperforms the ML methods with a detection accuracy of 91.28%.",
        "Description": [
            "Description:Introduction",
            "\tAlzheimer is from a family of diseases that can develop dementia, specially in elderly people. Dementia is a loss of memory and other mental disability that can cause physical damaged to the brain. Although Alzheimer is the most common type of dementia but there are different types of dementia [35, 49], such as vascular dementia, Lewy Body disease, front of temporal dementia, alcohol related dementia and HIV associated dementia, etc. The most common type of dementia after Alzheimer\u2019s disease is vascular dementia which can happens after stroke. In addition, some of the causes of dementia are reversible such as thyroid problem and vitamin deficiencies. The dementia is not just a disease but its associated risks such as decline in the memory significantly reduces a person ability to perform daily tasks. It is expected that the number of people affected from dementia will increase over the time. The early detection can not only help doctors to precisely make decision on the treatment but also help preventing the complications. It is important to develop a system that can help in early detection of dementia.",
            "\tThe Alzheimer\u2019s disease has number of symptoms, especially in the elderly people that can cause problems to perform daily tasks due to memory loss. Although the Alzheimer is not normal due to aging, its risk  factor  increases with the aging. Most of the people who suffer from Alzheimer are aged 65 or above. younger than 65.For instance, more than two hundred thousand American aged less than 65 suffers from Alzheimer disease.",
            "\tIt can be noticed that the brain of the Alzheimer\u2019s disease in not only significantly smaller than the normal brain but is affected severely from neurological disorder and dys function. The most common type symptoms are loss of memory, changes in the behavior, difficulty with everyday task and confusion in familiar environments.",
            "\tPractically, no effective cure to treat Alzheimer\u2019s disease exist to date. However, there exist ways that can temporarily slow down the process of Alzheimer\u2019ssymptoms and improve the quality of the life of the patient. To this end, significant research efforts are dedicated to find the effective ways of treating the Alzheimer\u2019s disease with a focus on preventing the disease from progress in the time. Therefore, the ML techniques including sup-port vector machine (SVM), logistic regression, multi-layered perceptron and deep learning classifiers. In particular, feature selection is an important elementof traditional ML classifiers which is inherently incorporated in DL classifiers. Generally, DL classifiers achieve better results on large data sets.",
            "\tThe obtained results from DL algorithm are compared against traditional ML algorithms . In particular, bi directional long short-term memory (BILSTM) outperforms all the considered ML and DL methods, with a detection accuracy of 91.28%.",
            "\t2.Related  Work",
            "\tThe current state-of-the-art to detect dementia and Alzheimer\u2019s disease using DL and ML algorithms..The authors characterize the metrics in terms of conditional probabilities modeled by logistic regression. In addition, they explore the performance of anatomical and cognitive impairment which is used to generate the output of the classifiers using different types of data.",
            "\tIn particular, clustering algorithms are developed based on logistic regression and SVM to detect the patient having Alzheimer\u2019s disease Therefore, the speech and textual features were used to train ML classifiers.",
            "\t3.Methodology",
            "\tAlzheimer\u2019s detection system using different ML and DL algorithms. In particular, the raw data  coming from MRI scans is pre-processed before applying various ML and DL methods.",
            "\tMachine Learning Methods",
            "\tThis sub section highlight sour simulation setting in different ML models. Scikit-learn is used to train ML classifiers. More specifically, radial basis function(RBF) kernel is used to train support vector machine (SVM). Elasticnet is usedas a penalty for logistic regression, two hidden layers are used for multilayer perception (MLP), number of neighbors are set to 5 for k-nearest neighbors(KNN), epsilon is set to float for Na\u00efve Bayes, max features are set to int for decision tree and finally number of estimate is100 for random forest. It is worth mentioning that the ML classifiers are trained based on standard deviation, average, square root ,skew ,maximum and minimum value.",
            "\tDeep Learning Method",
            "\tThis subsection highlight sour simulation settings to train different DL models. Mainly, two different DL models are used in this work, namely convolutional neural network (CNN) and LSTM. The developed CNN architecture, inspired from[12, 29, 42], contain sin put ,hidden and output layers where hidden layers are made up of convolutional, max pooling and fully connected layers. In particular, 10-layered CNN architecture is employed. On the other hand, LSTMarchitecture, inspired from [3, 8, 23, 43], contains two bidirectional LSMT alongwith 128 and 64 cells with dropout of 0.2. In addition, a dense layer with two neurons and soft max activation issued.",
            "\tExperimental results and discussions",
            "\tThe data set consists of 373 images from 150 subject saged between 60 and 96. The MRI scan of each subject was taken for his one or two visits with asepara Tiono fatleastoney ear between visits. All the subjects we rewrite handed with a mixture of men and women. Out of 150,72 subjects were non demented, with nomental disorder or dysfunction. On the other hand ,64 subjects were categorized as demented during their initial visit, including 51 with mild to moderate Alzheimer\u2019s disease. Importantly, the data set is marked with five labels as normal, very mild dementia, mild dementia, moderate dementia, severe dementia.",
            "\tIn order to detect Alzheimer\u2019s disease, we compare the results of different ML classifiers including logistic regression, SVM, random forest, MLP,  KNN, na\u00efve bayes, decision tree and DL classifiers(1D-CNN,2D-CNN, LSTM and BILSTM). For ML classifiers, the features, such as skew, percentile, standard deviation, mean and square root are used to train the classifier.",
            "\tDiscussion",
            "\tIt is important to note that the detection of Alzheimer\u2019s disease using ML methods is cost effective (Computation and time) than DL algorithms. On the otherhand, training deep learning classifiers is time and computationally expensive.",
            "\tIP-542677",
            "\tThe disclosed embodiments illustrate system (100) and method (200) for detection of Parkinson\u2019s diseases in a person (102). The system (100) includes an e-system (104) operatively coupled with a user device (106), and a diagnosis unit (108) to detect the Parkinson\u2019s disease in the person (102). The person (102) undergoing assessment to conveniently provide the handwriting tasks samples in a digital format. Thereafter, collected samples are analyzed to extract a set of kinematics features from the received virtual handwriting tasks samples by the diagnosis unit (108). Therefore, the proposed system (100) and method (200) enables the person (102) to get treatment on time and to avoid high risk of Parkinson\u2019s disease progression by detection of the disease at early stage.",
            "\tIP-542289",
            "\tA real-time oxygen monitoring and surveillance apparatus (100) for patient with hypoxemia disease is disclosed. The apparatus (100) includes an ESP8266 (a low-cost Wi-Fi microchip, with built-in TCP/IP networking software, and microcontroller capability) (202), a pulse oximetry and 10 heart-rate monitor senso (MAX30100) (304), and a Lithium-ion battery. The ESP8266 (202) is a coordination link between a hardware and a cloud. The MAX30100 (304) measures a pulse and oxygen level of the patient. The MAX30100 is connected to a SCL and an SDA pin of the ESE8266. Pins D3 and D4 are connected to a push button of the ESP8266 which acts as a switch for triggering a SoS message and send emergency alarm and message to the patient\u2019s relatives and 15 doctor, If the patient\u2019s pulse rate or oxygen is less than a threshold, SoS button is automatically detects lower levels and gives alarm to nearest hospital.",
            "\tIP-522398",
            "\tCombinatorial and chrono pharmacology guided multi-target integrated holistic combination treatment for non-alcoholic fatty liver disease and non-alcoholic steatohepatitis. The invention presents an innovative approach to treating non-alcoholic fatty liver disease (NAFLD) and its progression to non alcoholic steato hepatitis (NASH) using a unique combination of drugs. The combination includes obeticholic acid, pyrroloquinoline quin one, and melatonin, which improve metabolic endpoints associated with NASH. The administration is done using a chrono-pharmacology-based diurnal pattern, optimizing efficacy outcomes and minimizing side effects and to be administered for number of days as prescribed by physician. The treatment regimen includes obeticholic acid at 14.00 hours, pyrroloquinoline quinone at 08.00 hours, and melatonin at 20.00 hours. A tablet blister pack is included for convenient and efficient administration, ensuring proper adherence to the treatment regimen. To be published with figure 65",
            "\tIP-546242",
            "\tThe multiple disease diagnosis and healthcare management system comprises a health prediction unit comprises: an input unit consists a natural language processing for extracting a data on clinical reports of a patient; a training processing unit for training a random forest machine learning model using publicly available diabetes and heart disease data; a central processing unit for predicting the blood sugar and cholesterol level of the patient to identify the occurrence of diseases in patients; a diet plan recommendation unit comprises: a control unit for generating the diet plan and physical exercise charts for various categories of patients using an artificial intelligence technique; and a graphical user interface configured with the artificial intelligence technique for assisting patient(s) to monitor and manage the complication of diseases at an earlier stage, wherein the graphical user interface visualizes the diet plan and physical exercise charts for various categories of patients.",
            "\tIP-491697",
            "\tThe present invention relates to indomethacin derivatives of formula (I) or a stereoisomer, ester, hydrate, solvate or pharmaceutically acceptable salt thereof and a pharmaceutically acceptable carrier, diluent or excipient and a process for preparation thereof. Th said indomethacin derivatives having Placement of hydroxy group at the 3rd (meta) position of phenyl ring in benzylidene acetohydrazide side chain in indomethacin with an aryl moiety coupled by a linker of two atoms to a distal aromatic group are having its unique biological effect in Alzheimer\u2019s disease management and antioxidant properties with no significant toxicity on human neuroblastoma SH-SY5Y.",
            "\tIP-505818",
            "\tAbstract A topical formulation of Disease-Modifying Antirheumatic Drug (DMARDs) for treatment of rheumatoid arthritis, melanoma, squamous cell carcinoma, atopic dermatitis and psoriasis The present invention relates to a composition of Disease-Modifying Antirheumatic Drug (DMARDs) for treatment of auto-immune diseases. More particularly, the invention relates to the microemulsion based emulgel composition of DMARD- leflunomide or its derivatives for treatment of auto-immune diseases such as rheumatoid arthritis, atopic dermatitis, psoriasis and skin cancer such as melanoma, squamous cell carcinoma. The invention also discloses a method for preparation of micro emulsion based emulgel composition with improved physicochemical, pharmacokinetic properties of leflunomide to be used in pharmaceutical compositions. This invention discloses the delivery of leflunomide across human skin for the treatment of autoimmune and oncological conditions. The unique delivery of leflunomide in the form of micro emulsion based emulgel composition is disclosed.",
            "\tIP-544473",
            "\tThe present Invention provides a methods and compositions for treating cancers, inflammatory diseases, rasopathies, and fibrotic disease involving aberrant Ras superfamily signalling through the binding of compounds to the GTP binding domain of Ras superfamily proteins including, in certain cases, K-Ras and mutants thereof, and a novel method for assaying such compositions.",
            "\tIP-491911",
            "\tThe present invention is a method of treating Chagas disease. The pharmaceutical composition includes a dose of Itraconazole and a dose of Amiodarone and in the form of a liquid oral suspension. The liquid oral suspension is produced through the use of pharmaceutically acceptable beads. In addition, the Itraconazole is micronized to a small particle size before being formed into a composition with Amiodarone.",
            "\tIP-491911",
            "\tThe present invention is a method of treating Chagas disease. The pharmaceutical composition includes a dose of Itraconazole and a dose of Amiodarone and in the form of a liquid oral suspension. The liquid oral suspension is produced through the use of pharmaceutically acceptable beads. In addition, the Itraconazole is micronized to a small particle size before being formed into a composition with Amiodarone.",
            "\tIP-515669",
            "\tElectrophoresis is used to identify presence of a target compound in a patient sample based on a charge state of the compound and a label. The charge state of the compound correlates to a total net charge of a binder conjugated to the compound. The bound complex or \u201cbound complex\u201d with the label is then applied to the electrophoresis substrate. An electric potential is applied to the substrate for a time period and causes the labeled bound complex to migrate toward the electrode with opposite charge of the labeled bound complex at a migration velocity to form a migration pattern over the time period. At some time during or at the end of the time period, the labeled bound complex produces a bound complex band as a result of its migration across the substrate. The presence of the compound is identified based on the labeled bound complex band and one or both of the migration pattern and the migration velocity.",
            "\tConclusion",
            "\tThe Alzheimer\u2019s disease is the most challenging health problems scientists arefacing since decades. In this paper, we present a novel framework based on theML and DL algorithms including SVM, logistic regression, MLP, KNN, Na\u00efve Bayes, decision tree and random forest,1D-CNN, 2D,CNN, LSTM and BILSTM to automatically detect Alzheimer\u2019s disease. The extensive experimental results show that BILSTM achieved better performance as compared to other ML and DL algorithms. As a future work, we intend to use transformers to detect Alzheimer\u2019s disease using images, visual and acoustic features.",
            "\t, Claims:Claim1:",
            "\tImproved Diagnostic Accuracy: Machine learning algorithms can enhance the accuracy of Alzheimer\u2019s disease diagnosis by analyzing complex patterns in imaging data, such as MRI and PET scans, which may not be apparent to human radiologists.",
            "\tClaim 2:",
            "\tEarly Detection Capabilities: Machine learning models can identify subtle biomarkers and early indicators of Alzheimer\u2019s disease before clinical symptoms become evident, potentially enabling earlier intervention and treatment.",
            "\tClaim3:",
            "\tPredictiveModelling: Machine learning techniques can predict the progression of Alzheimer\u2019s disease by analyzing longitudinal data, allowing for more personalized and timely management of the disease.",
            "\tClaim4:",
            "\tIntegration of Multi-Modal Data: Machine learning can integrate various types of data, including genetic information, clinical history, and cognitive assessments, to provide a comprehensive view of a patient\u2019s risk and disease status.",
            "\tClaim5:",
            "\tScalability and Automation: Machine learning systems can process large volumes of data quickly and efficiently, making it feasible to screen large populations for Alzheimer\u2019s disease and automate routine diagnostic processes."
        ],
        "Inventors": [
            {
                "Name": "D.S.Jayakumari",
                "Address": "V.S.B COLLEGE OF ENGINEERING TECHNICAL CAMPUS\r\nCOIMBATORE",
                "Country": "India",
                "Nationality": "India"
            },
            {
                "Name": "Mr.A.Abhyshek Jose",
                "Address": "V.S.B COLLEGE OF ENGINEERING TECHNICAL CAMPUS\r\nCIMBATORE",
                "Country": "India",
                "Nationality": "India"
            },
            {
                "Name": "Mr.K.Ageilan",
                "Address": "V.S.B COLLEGE OF ENGINEERING TECHNICAL CAMPUS\r\nCIMBATORE",
                "Country": "India",
                "Nationality": "India"
            },
            {
                "Name": "Mr.S.V.Kumaraguru",
                "Address": "V.S.B COLLEGE OF ENGINEERING TECHNICAL CAMPUS\r\nCIMBATORE",
                "Country": "India",
                "Nationality": "India"
            },
            {
                "Name": "Mr.C.Irfan",
                "Address": "V.S.B COLLEGE OF ENGINEERING TECHNICAL CAMPUS\r\nCIMBATORE",
                "Country": "India",
                "Nationality": "India"
            },
            {
                "Name": "Mr.M.Elayaraja",
                "Address": "V.S.B COLLEGE OF ENGINEERING TECHNICAL CAMPUS\r\nCIMBATORE",
                "Country": "India",
                "Nationality": "India"
            },
            {
                "Name": "Mr.T.Gopinath",
                "Address": "V.S.B COLLEGE OF ENGINEERING TECHNICAL CAMPUS\r\nCIMBATORE",
                "Country": "India",
                "Nationality": "India"
            }
        ],
        "Applicants": [
            {
                "Name": "D.S.Jayakumari",
                "Address": "V.S.B COLLEGE OF ENGINEERING TECHNICAL CAMPUS\r\nCOIMBATORE",
                "Country": "India",
                "Nationality": "India"
            }
        ]
    }
}