{
    "202441066380": {
        "Invention Title": "WOVEN GLOVE FABRIC WITH SWEAT ABSORPTION PROPERTIES",
        "Publication Number": "37/2024",
        "Publication Date": "13/09/2024",
        "Publication Type": "INA",
        "Application Number": "202441066380",
        "Application Filing Date": "02/09/2024",
        "Priority Number": "",
        "Priority Country": "",
        "Priority Date": "",
        "Field Of Invention": "TEXTILE",
        "Classification (IPC)": "D03D0013000000, D03D0015000000, A41D0019000000, A41D0031000000, D04H0001593000",
        "Abstract": "ABSTRACT\r\nWOVEN GLOVE FABRIC WITH SWEAT ABSORPTION PROPERTIES\r\nAspects of present disclosure relate to woven glove fabric with sweat absorption properties. The woven glove fabric comprising atleast one fibre selected from wool, acrylic fibre, cotton, linen, silk, rayon, hemp, viscose, spandex or combination thereof, wherein the woven glove fabric is having yarn count ranging from 50 to 90. The woven glove fabric is weaved in plain weave, satin weave, or twill weave. The woven glove fabric is provides good sweat absorption due to high moisture absorption capacity. It is resistent to wear and tear due to high tensile strength. It protects the wearer by maintaining temperature by providing insulation from heat/ cold. It has stronger gripping and cushioning capacity due to high yarn count and thread count.",
        "Description": [
            "Description:WOVEN GLOVE FABRIC WITH SWEAT ABSORPTION PROPERTIES",
            "\tFIELD OF INVENTION",
            "\t[0001]\tThe present disclosure relates to a woven fabric, and particularly relates to a woven fabric for making gloves with sweat absorption properties.",
            "\tBACKGROUND",
            "[0002]\tBackground description includes information that may be useful in understanding the present invention. It is not an admission that any of the information provided herein is prior art or relevant to the presently claimed invention, or that any publication specifically or implicitly referenced is prior art.",
            "\t[0003]\tGloves are daily necessitiess of people. There is a demand for higher performance of gloves as winter protection, absorbing sweat, dry and comfortable wear etc. Sweat absorption and resistance to wear and tear is desirable in gloves for comfort. The importance of gloves in protecting the hands of today's work force is growing. Known gloves typically have single layers to incorporate single types of yarn.",
            "\t[0004]\tIn addition, there is increased interest in providing glove protection that is adapted to the specific needs of a specific end-user, particularly in terms of sweat management, impact resistance, thermal protection (from heat and/or cold), vibration dampening, abrasion resistance, grip, puncture resistance, dexterity and cut resistance which are based on the conditions and the materials handled. At present, traditional gloves are easy to wear when hand is dry, but under conditions of perspiration or sweat are uneasy to wear.",
            "\t[0005]\tPatent application number US6962064B1 disclosed nitted glove made by creating eight glove components having at least fifteen separate knitted sections altogether on a knitting machine. However, one of the material used is latex which is unconfortable to wear regularly and have poor sweat absorption capacity.",
            "\t[0006]\tThus, there is a continuing need for gloves and glove fabrics that are specifically suitable for specific needs. The present invention aims to provide woven glove fabric for making gloves having finest yarns and thread count to provide improved cushioning, bouncing, gripping, sweat absorption, insulating and maintaining temperature in the gloves.",
            "\t[0007]\tTherefore, the present disclosure overcomes the above-mentioned problem associated with the traditionally available method or system. The present disclosure provides woven fabric for making gloves with sweat absorption properties.",
            "\t[0008]\tIn some embodiments, the numerical parameters should be construed in light of the number of reported significant digits and by applying ordinary rounding techniques.  Notwithstanding that the numerical ranges and parameters setting forth the broad scope of some embodiments of the invention are approximations, the numerical values set forth in the specific examples are reported as precisely as practicable.  The numerical values presented in some embodiments of the invention may contain certain errors necessarily resulting from the standard deviation found in their respective testing measurements.",
            "[0009]\tAs used in the description herein and throughout the claims that follow, the meaning of \u201ca,\u201d \u201can,\u201d and \u201cthe\u201d includes plural reference unless the context clearly dictates otherwise.  Also, as used in the description herein, the meaning of \u201cin\u201d includes \u201cin\u201d and \u201con\u201d unless the context clearly dictates otherwise.",
            "\t[0010]\tThe recitation of ranges of values herein is merely intended to serve as a shorthand method of referring individually to each separate value falling within the range.  Unless otherwise indicated herein, each individual value is incorporated into the specification as if it were individually recited herein.  All methods described herein can be performed in any suitable order unless otherwise indicated herein or otherwise clearly contradicted by context. The use of any and all examples, or exemplary language (e.g. \u201csuch as\u201d) provided with respect to certain embodiments herein is intended merely to better illuminate the invention and does not pose a limitation on the scope of the invention otherwise claimed.  No language in the specification should be construed as indicating any non-claimed element essential to the practice of the invention.",
            "\tOBJECTS OF THE INVENTION",
            "\t[0011]\tIt is an object of the present disclosure which provides a woven glove fabric.",
            "\t[0012]\tIt is an object of the present disclosure which provides a woven glove fabric with high sweat absorption capacity.",
            "\tSUMMARY",
            "\t[0013]\tThe present disclosure is directed towards a woven glove fabric with sweat absorption properties comprising of atleast one fibre selected from wool, acrylic fibre, cotton, linen, silk, rayon, hemp, viscose, spandex or combination thereof, wherein the woven glove fabric is having yarn count ranging from 50 to 90.",
            "\t[0014]\tIn an aspect of the present disclosure, the woven glove fabric is having warp yarns and weft yarns.",
            "\t[0015]\tIn an aspect of the present disclosure, the fabric is having a thread count in range of 180-300.",
            "\t[0016]\tIn an aspect of the present disclosure, the woven glove fabric is having warp threads and weft threads in range of 90-150.",
            "\t[0017]\tIn an aspect of the present disclosure, the woven glove fabric is having continuous multi-filament weft yarns.",
            "\t[0018]\tIn an aspect of the present disclosure, the woven glove fabric is weaved in plain weave, satin weave, or twill weave.",
            "\t[0019]\tIn an aspect of the present disclosure, the woven glove fabric is weaved with symmetrical knotting, asymmetrical knotting, single wift knotting or double wift knotting.",
            "\t[0020]\tIn an aspect of the present disclosure, the fibre is 60-80% wool and 40-20% acrylic fibre.",
            "\t[0021]\tIn an aspect of the present disclosure, the fibre is 50-65% rayon and 50-35% acrylic fibre.",
            "\t[0022]\tIn an aspect of the present disclosure, the fibre is 60-80% viscose, 35-15% cotton and 5% spandex.",
            "\t[0023]\tOne should appreciate that although the present disclosure has been explained with respect to a defined set of functional modules, any other module or set of modules can be added/deleted/modified/combined and any such changes in architecture/construction of the proposed system are completely within the scope of the present disclosure. Each module can also be fragmented into one or more functional sub-modules, all of which also completely within the scope of the present disclosure.",
            "[0024]\tVarious objects, features, aspects and advantages of the inventive subject matter will become more apparent from the following detailed description of preferred embodiments in which like numerals represent like components.",
            "BRIEF DESCRIPTION OF THE DRAWING",
            "[0025]\tThe accompanying drawing is included to provide a further understanding of the present disclosure and are incorporated in and constitute a part of this specification. The drawing illustrates exemplary embodiments of the present disclosure and, together with the description, serve to explain the principles of the present disclosure.",
            "\t[0026]\tFIG. 1 illustrates different type of weave of the woven glove fabric: (a) plain weave (b) twill weave (c) satin weave.",
            "DETAILED DESCRIPTION",
            "\t[0027]\tAspects of the present disclosure relate to a woven glove fabric with sweat absorption properties.",
            "[0028]\tThe following is a detailed description of embodiments of the disclosure. The embodiments are in such detail as to clearly communicate the disclosure. However, the amount of detail offered is not intended to limit the anticipated variations of embodiments; on the contrary, the intention is to cover all modifications, equivalents, and alternatives falling within the spirit and scope of the present disclosure as defined by the appended claims.",
            "\t[0029]\tEach of the appended claims defines a separate invention, which for infringement purposes is recognized as including equivalents to the various elements or limitations specified in the claims. Depending on the context, all references below to the \u201cinvention\u201d may in some cases refer to certain specific embodiments only. In other cases it will be recognized that references to the \u201cinvention\u201d will refer to subject matter recited in one or more, but not necessarily all, of the claims.",
            "\t[0030]\tIf the specification states a component or feature \u201cmay\u201d, \u201ccan\u201d, \u201ccould\u201d, or \u201cmight\u201d be included or have a characteristic, that particular component or feature is not required to be included or have the characteristic. Various terms as used herein are shown below. To the extent a term used in a claim is not defined below, it should be given the broadest definition persons in the pertinent art have given that term as reflected in printed publications and issued patents at the time of filing.",
            "\t[0031]\tIn an embodiment of the present disclosure, woven glove fabric with sweat absorption properties is disclosed. The woven fabric is a woven fabric made up of atleast one fibre. The fibre for making glove fabric can be selected from wool, acrylic fibre, cotton, linen, silk, rayon, hemp, viscose, spandex or combination thereof. The fabric is of fine quality with yarn count ranging from 50 to 90. The fabric is used for fabricating gloves. Fine count of yarn in glove fabric provides many improved qualities in the fabric such as softness, cushioning, gripping, sweat absorption. The gloves with the woven fabric of present invention can be used for many activities such as sports, driving, travelling and as cold protection.",
            "\t[0032]\tIn an embodiment of the present disclosure, the woven glove fabric is a woven fabric having warp yarns and weft yarns. The woven glove fabric is having warp and weft in range of 7-18.",
            "\t[0033]\tIn an embodiment of the present disclosure, the woven glove fabric is having continuous multi-filament weft yarns.",
            "\t[0034]\tIn an embodiment of the present disclosure, the woven glove fabric is weaved with symmetrical knotting, asymmetrical knotting, single wift knotting or double wift knotting. The weaving method involves making knot in the woven glove fabric. The knotting improves the quality of the woven glove fabric. The knot density is the number of knots per unit square meter. The number of knots in the woven glove fabric is increased or decreased with the size of the yarn. The number of knots will decrease if thick yarn is used or and the number of the knots will increase if thin yarn is used. The present invention discloses high yarn count or fine/thin yarn which improves quality of the woven glove fabric. The finest yarns have the highest number of knots in the fabric which provides improved cushioning, bouncing, gripping, sweat absorption, insulating and maintain temperature in the gloves. The quality of woven glove fabric is different using different fibres.",
            "\t[0035]\tIn an embodiment of the present disclosure, the woven glove fabric is weaved in plain weave, satin weave, or twill weave. The woven glove fabric is having a thread count in range of 180-260. The high thread count improves the quality of the woven glove fabric. The thread count is the number of threads per square inch of fabric. The present invention discloses high thread count or fine thread count which improves quality of the woven glove fabric. The finest fabrics have the highest number of thread count in the fabric which provides improved cushioning, bouncing, gripping, sweat absorption, insulating and maintain temperature in the gloves. The quality of woven glove fabric is different using different fibres.",
            "\t[0036]\tIn an embodiment of the present disclosure, the fibre for making glove fabric can be selected from wool and acrylic fibre. The fiber can be a mix of 60-80% wool and 40-20% acrylic fibre. The woven glove fabric can be prepared by weaving in plain weave, satin weave, or twill weave. In the preferred embodiment, the glove is fabricated by weaving the glove fabric having a continuous single layer with two different yarns i.e. wool and acrylic, the single layer comprising four finger sections, a thumb section and a palm section, each of these sections having a palm side and a knuckle side. The glove fabric is weaved in plain weave. The thread count is 220. The high thread count provides a stronger gripping, cushioning, sweat absorption, insulating and maintain temperature. The yarn count is in between 55 to 65. The fiber used in this embodiment is a mix of 75% wool and 25% acrylic fibre. Figure 1 (a) shows the plain weave of the woven glove fabric.",
            "\t[0037]\tIn an embodiment of the present disclosure, the fibre for making glove fabric can be selected from rayon and acrylic fibre. The fiber can be a mix of 50-65% rayon and 50-35% acrylic fibre. The woven glove fabric can be prepared by weaving in plain weave, satin weave, or twill weave. In the preferred embodiment, the glove is fabricated by weaving the glove fabric having a continuous single layer with two different yarns i.e. rayon and acrylic, the single layer comprising four finger sections, a thumb section and a palm section, each of these sections having a palm side and a knuckle side. The glove fabric is weaved in twill weave. The thread count is 240. The high thread count and yarn count provides a stronger gripping, cushioning, sweat absorption, insulating and maintain temperature. The yarn count is in between 65 to 75. The fiber used in this embodiment is a mix of 60% rayon and 40% acrylic fibre. Figure 1 (b) shows the twill weave of the woven glove fabric.",
            "\t[0038]\tIn an embodiment of the present disclosure, the fibre for making glove fabric can be selected from rayon, acrylic fibre and spandex. The fiber can be a mix of 60-80% viscose, 35-15% cotton and 5% spandex. Spandex is used to provide stretchability to the glove fabric. The woven glove fabric can be prepared by weaving in plain weave, satin weave, or twill weave. In the preferred embodiment, the glove is fabricated by weaving the glove fabric having a continuous single layer with three different yarns i.e. viscose, cotton and spandex, the single layer comprising four finger sections, a thumb section and a palm section, each of these sections having a palm side and a knuckle side. The glove fabric is weaved in satin weave. The thread count is 300. The high thread count and yarn count provides a stronger gripping, cushioning, sweat absorption, insulating and maintain temperature. The yarn count is in between 80 to 90. The fiber used in this embodiment is a mix of 65% viscose, 30% cotton and 5% spandex. Figure 1 (c) shows the satin weave of the woven glove fabric.",
            "\t[0039]\tThe woven glove fabric prepared as per the embodiments of the present invention were tested for the tensile strength and sweat absorption capacity.",
            "\t[0040]\tThe tensile strength of the fabric is the amount of stretching force (load) at which the fabric begins to break when it comes under stretching conditions. A Fabric tensile strength tester was used for testing fabric tensile strength of selected embodiments of the invention. Table 1 shows the tensile strength of woven glove fabric.",
            "\tTable 1- Tensile strength of samples of woven glove fabric.",
            "\tSample\tFabric\tThread count \tTensile strength (Newton)",
            "\tWeft direction\tWarp direction",
            "\tSample A \t75% wool and 25% acrylic fibre\t220\t320\t540",
            "\tSample B\t60% rayon and 40% acrylic fibre\t240\t462\t798",
            "\tSample C\t65% viscose, 30% cotton and 5% spandex\t300\t567\t893",
            "\t[0041]\tThe sweat absorption of the fabric is the amount of moisture that the material can absorbs. Water absorption capacity was measured by immersing a 10x10 cm fabric into a tank of water for 5 minutes. The water gain in fabric is measured and it is expressed as mass of water gain per unit area of fabric (g/cm2). Table 2 shows the Moisture absorption capacity of woven glove fabric.",
            "\tTable 2- Moisture absorption capacity of samples of woven glove fabric",
            "\tSample\tFabric\tThread count \tMoisture absorption capacity (g/cm2)",
            "\tSample A \t75% wool and 25% acrylic fibre\t220\t4.90",
            "\tSample B\t60% rayon and 40% acrylic fibre\t240\t5.52",
            "\tSample C\t65% viscose, 30% cotton and 5% spandex\t300\t6.25",
            "\t[0042]\tAdvantages of the woven glove fabric -",
            "\t\u2022\tIt provides good sweat absorption due to high moisture absorption capacity.",
            "\t\u2022\tIt is resistent to wear and tear due to high tensile strength.",
            "\t\u2022\tIt protects the wearer by maintaining temperature by providing insulation from heat/ cold.",
            "\t\u2022\tIt has stronger gripping and cushioning capacity due to high yarn count and thread count.",
            "\t[0043]\tWhile the foregoing describes various embodiments of the invention, other and further embodiments of the invention may be devised without departing from the basic scope thereof. The scope of the invention is determined by the claims that follow. The invention is not limited to the described embodiments, versions or examples, which are included to enable a person having ordinary skill in the art to make and use the invention when combined with information and knowledge available to the person having ordinary skill in the art.",
            "[0044]\tThus, the scope of the present disclosure is defined by the appended claims and includes both combinations and sub-combinations of the various features described hereinabove as well as variations and modifications thereof, which would occur to persons skilled in the art upon reading the foregoing description.",
            "\t, Claims:I/We Claim:",
            "\t1.\tA woven glove fabric with sweat absorption properties comprising of:",
            "\tatleast one fibre selected from wool, acrylic fibre, cotton, linen, silk, rayon, hemp, viscose, spandex or combination thereof, wherein the woven glove fabric is having yarn count ranging from 50 to 90.",
            "\t2.\tThe woven glove fabric with sweat absorption properties as claimed in claim 1, wherein the woven glove fabric is having warp yarns and weft yarns.",
            "\t3.\tThe woven glove fabric with sweat absorption properties as claimed in claim 1, wherein the fabric is having a thread count in range of 180-300.",
            "\t4.\tThe woven glove fabric with sweat absorption properties as claimed in claim 1, wherein the woven glove fabric is having warp threads and weft threads in range of 90-150.",
            "\t5.\tThe woven glove fabric with sweat absorption properties as claimed in claim 1, wherein the woven glove fabric is having continuous multi-filament weft yarns.",
            "\t6.\tThe woven glove fabric with sweat absorption properties as claimed in claim 1, wherein the woven glove fabric is weaved in plain weave, satin weave, or twill weave.",
            "\t7.\tThe woven glove fabric with sweat absorption properties as claimed in claim 1, wherein the woven glove fabric is knit with symmetrical knotting, asymmetrical knotting, single wift knotting or double wift knotting.",
            "\t8.\tThe woven glove fabric with sweat absorption properties as claimed in claim 1, wherein the fibre is 60-80% wool and 40-20% acrylic fibre.",
            "\t9.\tThe woven glove fabric with sweat absorption properties as claimed in claim 1, wherein the fibre is 50-65% rayon and 50-35% acrylic fibre.",
            "\t10.\tThe woven glove fabric with sweat absorption properties as claimed in claim 1, wherein the fibre is 60-80% viscose, 35-15% cotton and 5% spandex."
        ],
        "Inventors": [
            {
                "Name": "Dr. N. S. Kalyan Chakravarthy",
                "Address": "Director \u2013 Centre for Data Science, QIS College of Engineering & Technology, Vengamukkapalem, Ongole \u2013 523272, Andhra Pradesh, India",
                "Country": "India",
                "Nationality": "India"
            },
            {
                "Name": "Dr. S. Jafar Ali Ibrahim",
                "Address": "15, Forest Main Road, Near Railway Gate, Theni \u2013 625 531, Tamilnadu, India",
                "Country": "India",
                "Nationality": "India"
            },
            {
                "Name": "Dr. BoddapatiVenkata Subbarao",
                "Address": "Director, Directorate of  Projects and Research, QIS College of Engineering & Technology, Vengamukkapalem, Ongole \u2013 523272, Andhra Pradesh, India",
                "Country": "India",
                "Nationality": "India"
            },
            {
                "Name": "Dr. KunchalaVenkata Jaya  Bhargav",
                "Address": "Deputy Director- Research, Directorate of  Projects and Research, QIS College of Engineering & Technology, Vengamukkapalem, Ongole \u2013 523272, Andhra Pradesh, India",
                "Country": "India",
                "Nationality": "India"
            },
            {
                "Name": "Dr. Nandakishora Yerumbu",
                "Address": "Deputy Director, Directorate of  Projects and Research, QIS College of Engineering & Technology, Vengamukkapalem, Ongole \u2013 523272, Andhra Pradesh, India",
                "Country": "India",
                "Nationality": "India"
            },
            {
                "Name": "Dr. Sundaram Suresh Kumar",
                "Address": "Deputy Director- EDC, Directorate of  Projects and Research, QIS College of Engineering & Technology, Vengamukkapalem, Ongole \u2013 523272, Andhra Pradesh, India",
                "Country": "India",
                "Nationality": "India"
            },
            {
                "Name": "Devarapalli Ananda Babu",
                "Address": "Assistant Director- Skilling, Directorate of  Projects and Research, QIS College of Engineering & Technology, Vengamukkapalem, Ongole \u2013 523272, Andhra Pradesh, India",
                "Country": "India",
                "Nationality": "India"
            },
            {
                "Name": "Dr.Nidamaluri Janaradhan Rao",
                "Address": "Deputy Director- IIC, Directorate of  Projects and Research, QIS College of Engineering & Technology, Vengamukkapalem, Ongole \u2013 523272, Andhra Pradesh, India",
                "Country": "India",
                "Nationality": "India"
            },
            {
                "Name": "Dr. Avvaru Subramanyam",
                "Address": "Deputy Director, Directorate of  Projects and Research, QIS College of Engineering & Technology, Vengamukkapalem, Ongole \u2013 523272, Andhra Pradesh, India",
                "Country": "India",
                "Nationality": "India"
            },
            {
                "Name": "Netrananda Behera",
                "Address": "Assistant Director, Directorate of  Projects and Research, QIS College of Engineering & Technology, Vengamukkapalem, Ongole \u2013 523272, Andhra Pradesh, India",
                "Country": "India",
                "Nationality": "India"
            },
            {
                "Name": "Kalyana Krishna Y",
                "Address": "Department of Mechanical Engineering, QIS College of Engineering and Technology,\r\nOngole, 523272, Andhra Pradesh, India",
                "Country": "India",
                "Nationality": "India"
            },
            {
                "Name": "V Jaya Kumar",
                "Address": "Department of Electronics and Communication Engineering,\r\nQIS College of Engineering and Technology,\r\n Vengamukkapalem, Ongole, 523272.",
                "Country": "India",
                "Nationality": "India"
            }
        ],
        "Applicants": [
            {
                "Name": "QIS College of Engineering and Technology",
                "Address": "The Secretary and Correspondent, QIS College of Engineering and Technology, Vengamukkapalem, Ongole \u2013 523272, Andhra Pradesh, India",
                "Country": "India",
                "Nationality": "India"
            }
        ]
    }
}