{
    "202411067962": {
        "Invention Title": "ADVANCED SECURITY FRAMEWORK FOR SATELLITE COMMUNICATION SYSTEMS: INTEGRATING TAMPER-EVIDENT DESIGNS, SHIELDING TECHNIQUES, AND AI-POWERED SENSORS",
        "Publication Number": "39/2024",
        "Publication Date": "27/09/2024",
        "Publication Type": "INA",
        "Application Number": "202411067962",
        "Application Filing Date": "06/09/2024",
        "Priority Number": "",
        "Priority Country": "",
        "Priority Date": "",
        "Field Of Invention": "CHEMICAL",
        "Classification (IPC)": "A61P0001000000, A61P0017060000, H01M0004485000, A61K0031550000, A61P0031180000",
        "Abstract": "The present invention relates to an advanced security framework for satellite communication systems, integrating tamper-evident designs, sophisticated shielding techniques, and AI-powered sensors. The advanced security framework comprises: a Tamper-evident mechanisms including seals, sensors, and tamper-resistant enclosures, provide immediate detection and deterrence of unauthorized access; Shielding techniques offer robust protection against environmental hazards and physical attacks such as electromagnetic interference, laser attacks, and radiation; and advanced sensors, coupled with edge computing and AI, enhance real-time monitoring, analysis, and response capabilities. This comprehensive approach ensures the integrity, reliability, and resilience of satellite systems against both accidental and deliberate threats, safeguarding critical global infrastructure. As satellite communication becomes increasingly vital for global infrastructure, the need to protect these systems from both accidental and deliberate physical threats has become paramount. The invention addresses the critical issue of safeguarding satellite communication systems from a wide range of physical threats.",
        "Description": [
            "Description:Field of the Invention",
            "\tThe present invention relates to a safeguarding satellite communication systems from a wide range of physical threats, more particular to an advanced security framework for satellite communication systems: integrating tamper-evident designs, shielding techniques, and AI-powered sensors.",
            "Background of the Invention",
            "\tThe invention addresses the critical issue of safeguarding satellite communication systems from a wide range of physical threats. As satellite communication becomes increasingly vital for global infrastructure, the need to protect these systems from both accidental and deliberate physical threats has become paramount.",
            "\tIn CA2862019C describes a method and device for processing a signal exists. Information is carried in a frequency hopping signal. This signal is transmitted to a gateway in a communications network via a satellite. The frequency hopping signal is unprocessed by the satellite to identify the information in the frequency hopping signal.",
            "\tIn US8220038B1, described a method and program product for securely routing communicating data between sources and destinations having various data protocols. Data protocols are converted to Internet Protocols (IP), if they are not already in IP format. The cryptographic keys of the source, message, and destination are verified. If a source and a destination share the same control system, the communication need not, but may, be encrypted for routing; otherwise, the communication is encrypted for routing on the local area network and then decrypted before transmission to the destination. Some communications, such as certain SATCOM communications in a High Assurance Internet Protocol Encryption (HAIPE) system, may require additional security processing. Also, a method and a program product to initialize the secure routing system by loading cryptographic keys, configuring components of the routing system, and loading preprogrammed communication parameters. The programming dynamically responds and changes routing of a communication depending on what communication parameters change.",
            "\tIn US8219799B1, describes a secure communication system comprises a communication processor, an Internet Protocol (IP) converter for translating data between its original protocol and IP, and an encryptor/decryptor for enhancing the security of communications routed through the system. It also includes a cryptography module and other logic to determine the security classification of data and to verify the cryptographic keys of the source, the communication, and the destination. Additionally, the system may feature an extra security processor as required by security standards. An IP router within the system routes the data, while the communication processor offers real-time control, allowing adjustments to the source or destination, encryption keys, security levels, and communication protocols based on sensor data from communicating entities or command signals from connected or remote control systems.",
            "\tIn CA3067604C, describes A large network of low-cost satellites, supported by a satellite management and administration system, offers widespread access to advanced satellite technology at minimal costs. This constellation can be configured and assigned to specific data collection tasks. For instance, it can be used to simultaneously gather occultation data from multiple GPS signals as they traverse atmospheric regions of interest. Alternatively, the constellation can function as a vehicle tracking system, receiving tracking signals to monitor and locate vehicles within a grid. The system is compatible with AIS for maritime vessels, ADS-B for aircraft, and AEI for trains, allowing for extended tracking of valuable cargo and enhancing protection against piracy and other threats.",
            "\tIn KR102452232B, describes a network node designed for use in space includes a transmit interface for sending radio frequency signals, a receive interface for receiving radio frequency signals, and a network management module for handling communication session details. The network management interface provides session information to a controller, which manages the transmit and receive interfaces based on this information. Additionally, the network entity consists of the network node and multiple adaptive antennas, and includes a satellite equipped with the network entity and user equipment for communication with the network node.",
            "\tThe present invention solved the problems associated with security of satellite communication systems from a wide range of physical threats.",
            "\t1.\tUnauthorized Access and Tampering-",
            "\to\tProblem: Unauthorized access and tampering with satellite components can lead to data theft, system sabotage, and loss of control over satellite operations.",
            "\to\tSolution: The invention employs advanced tamper-evident designs, including tamper-evident seals, sensors, and tamper-resistant enclosures, to detect and deter unauthorized access attempts. These measures ensure that any tampering is immediately detected and appropriate responses are initiated to safeguard the satellite.",
            "\t2.\tEnvironmental Hazards:",
            "\to\tProblem: Satellites are exposed to harsh space conditions, including extreme temperatures, radiation, and electromagnetic interference, which can degrade their performance and reliability.",
            "\to\tSolution: The invention incorporates sophisticated shielding techniques, such as electromagnetic shielding (Faraday cages, conductive coatings), laser attack mitigation (reflective and absorptive coatings), and radiation protection (radiation-hardened materials, protective layers). These techniques protect satellites from environmental hazards, ensuring their long-term operational integrity.",
            "\t3.\tPhysical Attacks:",
            "\to\tProblem: Deliberate physical attacks, such as high-energy laser attacks or mechanical interference, can damage satellite components and disrupt operations.",
            "\to\tSolution: The invention uses advanced materials and multi-layered coatings to mitigate laser attacks and other physical threats. These protective measures prevent damage to critical satellite components, maintaining uninterrupted service.",
            "\t4.\tStructural Integrity Monitoring:",
            "\to\tProblem: Structural failures due to undetected stress or damage can lead to catastrophic satellite failures.",
            "\to\tSolution: The invention includes sensors such as strain gauges and crack detection sensors that monitor the structural integrity of satellite components. These sensors provide early warnings of potential failures, allowing for timely maintenance interventions and enhancing overall reliability.",
            "\t5.\tReal-Time Threat Detection and Response:",
            "\to\tProblem: Delays in detecting and responding to threats can result in significant damage or loss of satellite functionality.",
            "\to\tSolution: The invention integrates edge computing and AI to enable real-time data processing, threat analysis, and automated response protocols. This capability allows the satellite to detect and respond to threats immediately, minimizing damage and ensuring continuous protection.",
            "\t6.\tProximity Detection and Collision Avoidance:",
            "\to\tProblem: Collisions with space debris or other objects can cause severe damage to satellites.",
            "\to\tSolution: The invention employs proximity detection systems, including Lidar and ultrasonic sensors, to detect nearby objects and prevent collisions. These systems enhance the satellite's ability to navigate safely in space.",
            "\t7.\tCost and Maintenance Efficiency:",
            "\to\tProblem: High maintenance costs and limited satellite lifespans can reduce the cost-effectiveness of satellite communication systems.",
            "\to\tSolution: By providing early detection of issues and extending the operational lifespan of satellites, the invention reduces maintenance costs and enhances cost-efficiency. Preventive maintenance enabled by the advanced sensor suite ensures timely interventions and minimizes expensive repairs.",
            "\tOverall, the invention provides a comprehensive, robust, and reliable solution to safeguard satellite communication systems against a broad spectrum of physical threats. It ensures the integrity, reliability, and resilience of these systems, addressing critical security concerns and enhancing their operational effectiveness.",
            "\tDrawings",
            "\tFig.1 illustrates the security framework for satellite communication system",
            "Detailed Description of the Invention",
            "The following description includes the preferred best mode of one embodiment of the present invention. It will be clear from this description of the invention that the invention is not limited to these illustrated embodiments but that the invention also includes a variety of modifications and embodiments thereto. Therefore, the present description should be seen as illustrative and not limiting. While the invention is susceptible to various modifications and alternative constructions, it should be understood, that there is no intention to limit the invention to the specific form disclosed, but, on the contrary, the invention is to cover all  modifications, alternative constructions, and equivalents falling within the spirit and scope of the invention as defined in the claims.",
            "\tIn any embodiment described herein, the open-ended terms \"comprising,\" \"comprises,\u201d and the like (which are synonymous with  \"including,\" \"having\u201d and \"characterized by\") may be replaced by the respective partially closed phrases \"consisting essentially of,\" consists essentially of,\" and the like or the respective closed phrases \"consisting of,\" \"consists of, the like. As used herein, the singular forms \u201ca\u201d, \u201can\u201d, and \u201cthe\u201d designate both the singular and the plural, unless expressly stated to designate the singular only.",
            "\tThe present invention relates to an advanced security framework for satellite communication systems, integrating tamper-evident designs, sophisticated shielding techniques, and AI-powered sensors.",
            "\tThe advanced security framework comprises:",
            "\t1.\tDesign and Development:",
            "\to\tConceptual Design: Initial phase involved conceptualizing tamper-evident designs, shielding techniques, and advanced sensor integration. The focus was on creating a comprehensive security framework.",
            "\to\tMaterial Selection: Identified and tested materials for tamper-resistant enclosures, electromagnetic shielding, laser attack mitigation, and radiation protection. Emphasis was placed on durability and effectiveness.",
            "\to\tSensor Suite Design: Selected and integrated a diverse range of sensors (accelerometers, gyroscopes, thermal sensors, radiation detectors, etc.) to provide comprehensive monitoring capabilities.",
            "\to\tAI and Edge Computing Integration: Developed AI algorithms for threat detection and response, and incorporated edge computing for real-time data processing and decision-making.",
            "\t2.\tPrototype Development:",
            "\to\tBuilding Prototypes: Developed prototypes of tamper-evident designs, shielding materials, and sensor modules. Ensured compatibility and seamless integration of all components.",
            "\to\tIntegration Testing: Combined prototypes into a cohesive system, testing for interoperability and overall system performance.",
            "\t3.\tTesting and Validation:",
            "\to\tEnvironmental Testing: Simulated harsh space conditions, including temperature extremes, radiation exposure, and electromagnetic interference, to evaluate the effectiveness of shielding techniques.",
            "\to\tTamper Testing: Conducted tests to simulate tampering attempts using physical force, electromagnetic tools, and other methods. Assessed the effectiveness of tamper-evident designs and detection sensors.",
            "\to\tSensor Calibration and Validation: Calibrated sensors for accuracy and reliability. Validated their performance in detecting environmental changes, structural integrity issues, and potential threats.",
            "\to\tAI Algorithm Training: Trained AI algorithms using historical data and simulated threat scenarios. Refined models to enhance accuracy and predictive capabilities.",
            "\t4.\tReal-World Simulation:",
            "\to\tEnd-to-End Testing: Conducted comprehensive end-to-end tests simulating real-world scenarios. Evaluated the system's ability to detect, analyze, and respond to threats in real-time.",
            "\to\tIterative Improvements: Based on test results, made iterative improvements to the design, materials, sensor integration, and AI algorithms. Ensured continuous enhancement of system performance.",
            "\tThe present invention achieved the below results:",
            "\t1.\tEnhanced Security and Detection:",
            "\to\tTamper-Evident Designs: Successfully demonstrated immediate detection and deterrence of unauthorized access using tamper-evident seals, sensors, and tamper-resistant enclosures. Achieved high detection accuracy with minimal false positives.",
            "\to\tRobust Shielding Techniques: Effectively mitigated electromagnetic interference, laser attacks, and radiation exposure. Shielding materials proved durable and efficient, maintaining satellite integrity under simulated space conditions.",
            "\t2.\tAdvanced Monitoring Capabilities:",
            "\to\tComprehensive Sensor Performance: Sensors provided accurate real-time monitoring of environmental and operational parameters. Successfully detected temperature variations, radiation levels, light intensity changes, and structural anomalies.",
            "\to\tProximity Detection: Lidar and ultrasonic sensors effectively identified nearby objects and environmental changes, preventing potential collisions and threats.",
            "\t3.\tReal-Time Processing and AI-Driven Responses:",
            "\to\tEdge Computing Efficiency: Local data processing reduced latency, enabling rapid threat analysis and decision-making. Improved the satellite's autonomous operational capabilities.",
            "\to\tAI Algorithm Accuracy: AI algorithms accurately identified patterns and anomalies, predicting potential threats with high precision. Automated response protocols effectively initiated protective measures, such as adjusting satellite position and deploying shielding mechanisms.",
            "\t4.\tIncreased Reliability and Resilience:",
            "\to\tStructural Integrity Monitoring: Successfully monitored the physical condition of satellite components, providing early warnings of potential failures. Enabled timely maintenance interventions, enhancing overall reliability.",
            "\to\tOperational Continuity: Shielding techniques and tamper-evident designs ensured uninterrupted communication and service. Reduced downtime and associated costs.",
            "\t5.\tCost Efficiency:",
            "\to\tReduced Maintenance Costs: Early detection of issues allowed for timely interventions, minimizing the need for expensive repairs or replacements. Prolonged satellite lifespan provided better returns on investment.",
            "\to\tScalable and Customizable Solutions: Modular design allowed for easy upgrades and integration with existing systems. Tailored security solutions to various satellite types and missions, enhancing flexibility and adaptability.",
            "\t6.\tHolistic Threat Mitigation:",
            "\to\tMulti-Layered Defense: Successfully integrated multiple security measures into a cohesive system, addressing a wide range of threats. Provided comprehensive protection against physical tampering, environmental hazards, and deliberate attacks.",
            "\to\tSynergistic Technologies: Combined advanced materials, sensors, edge computing, and AI to create a robust and reliable security framework. Enhanced overall effectiveness through seamless integration of technologies.",
            "\tThe methodology adopted and the results obtained demonstrate the effectiveness and reliability of the advanced security framework for satellite communication systems. The invention provides a comprehensive, cost-effective, and scalable solution to safeguard satellites against a wide range of physical threats, ensuring their integrity, reliability, and resilience.",
            "\tThe salient features and advantages of the preset invention are as follows:",
            "\t1.\tComprehensive Security Integration:",
            "\to\tTamper-Evident Designs: The invention uniquely integrates tamper-evident seals, sensors, and tamper-resistant enclosures, providing a multi-layered approach to detect and deter unauthorized access.",
            "\to\tSophisticated Shielding Techniques: Advanced materials and coatings for electromagnetic interference (EMI) shielding, laser attack mitigation, and radiation protection offer robust defense against a variety of environmental hazards.",
            "\t2.\tAdvanced Sensor Suite:",
            "\to\tDiverse Sensor Array: Incorporates a wide range of sensors, including accelerometers, gyroscopes, pressure sensors, thermal sensors, radiation detectors, optical sensors, and more, providing comprehensive monitoring of the satellite\u2019s environment and structural integrity.",
            "\to\tIntegrated Smart Sensors: Combines multiple sensor types into unified modules, enhancing detection capabilities and reducing system complexity.",
            "\t3.\tEdge Computing and AI Integration:",
            "\to\tReal-Time Data Processing: Edge computing enables local data processing on the satellite, reducing latency and allowing for immediate analysis and response to detected threats.",
            "\to\tArtificial Intelligence: AI algorithms enhance threat detection by analyzing patterns and anomalies in sensor data, predicting potential threats, and automating response protocols. This integration significantly boosts the satellite\u2019s autonomous decision-making capabilities.",
            "\t4.\tInnovative Protective Measures:",
            "\to\tSelf-Destruct Mechanisms: Tamper-resistant enclosures may include self-destruct mechanisms that activate upon unauthorized access attempts, destroying critical components to prevent data theft or system sabotage.",
            "\to\tReflective and Absorptive Coatings: Multi-layered coatings for laser attack mitigation and EMI shielding provide advanced protection that is more effective than conventional solutions.",
            "\t5.\tStructural Integrity and Environmental Monitoring:",
            "\to\tStrain Gauges and Crack Detection: Monitoring the physical condition of satellite components ensures early detection of potential structural failures, enhancing overall reliability and safety.",
            "\to\tProximity Detection: Lidar and ultrasonic sensors detect nearby objects or changes in the satellite\u2019s immediate environment, preventing collisions and other physical threats.",
            "\t6.\tScalability and Adaptability:",
            "\to\tModular Design: The security framework\u2019s modular design allows for easy upgrades and integration with existing satellite systems, offering scalable and adaptable security solutions.",
            "\to\tCustomizable Applications: The invention can be tailored to various types of satellites and missions, from commercial to military and scientific, providing customized security solutions.",
            "\t7.\tCost Efficiency:",
            "\to\tPreventive Maintenance: Early detection of issues through advanced sensors and AI reduces maintenance costs by enabling timely interventions and minimizing the need for expensive repairs or replacements.",
            "\to\tExtended Satellite Lifespan: Enhanced protection and monitoring extend the operational lifespan of satellites, providing better returns on investment and ensuring long-term operational continuity.",
            "\t8.\tHolistic Threat Mitigation:",
            "\to\tMulti-Layered Defense System: The invention\u2019s combination of tamper-evident designs, sophisticated shielding techniques, advanced sensors, edge computing, and AI creates a comprehensive defense system that addresses a wide range of threats.",
            "\to\tSynergistic Technologies: The seamless integration of various advanced technologies ensures a robust and reliable security framework, enhancing the overall effectiveness of satellite protection.",
            "\t9.\tTechnical Breakthroughs:",
            "\to\tCutting-Edge AI Algorithms: The development and integration of sophisticated AI algorithms for real-time threat detection and response represent significant technical advancements, enabling the satellite to autonomously handle complex security challenges.",
            "\to\tInnovative Shielding Materials: The invention of new materials for laser and EMI shielding offers enhanced protection, durability, and efficiency compared to conventional solutions.",
            "\t10.\tEnhanced Reliability and Resilience:",
            "\to\tContinuous Monitoring: Real-time monitoring of environmental and operational parameters ensures the satellite\u2019s systems remain functional and resilient against both accidental and deliberate threats.",
            "\to\tAutomated Response: AI-driven automated response protocols enhance the satellite\u2019s ability to react swiftly and effectively to detected threats, ensuring continuous protection.",
            "\tThese unique features collectively create a robust, reliable, and cost-effective solution for safeguarding satellite communication systems, ensuring their integrity, reliability, and resilience against a wide range of physical threats.",
            "\t, Claims:1. An advanced security framework for satellite communication systems, the framework comprising of:",
            "\ta)\tDesign and Development, wherein",
            "\to\tConceptual Design involved conceptualizing tamper-evident designs, shielding techniques, and advanced sensor integration. The focus was on creating a comprehensive security framework.",
            "\to\tMaterial Selection involves Identified and tested materials for tamper-resistant enclosures, electromagnetic shielding, laser attack mitigation, and radiation protection. Emphasis was placed on durability and effectiveness.",
            "\to\tSensor Suite Design integrated a diverse range of sensors (accelerometers, gyroscopes, thermal sensors, radiation detectors, etc.) to provide comprehensive monitoring capabilities.",
            "\to\tAI and Edge Computing Integration for threat detection and response, and incorporated edge computing for real-time data processing and decision-making.",
            "\tb)\tPrototype Development, wherein",
            "\to\tDeveloped Building Prototype of tamper-evident designs, shielding materials, and sensor modules. Ensured compatibility and seamless integration of all components.",
            "\to\tCombined prototypes into a cohesive system, testing for interoperability and overall system performance.",
            "\tc)\tTesting and Validation, wherein",
            "\to\tEnvironmental testing simulated harsh space conditions, including temperature extremes, radiation exposure, and electromagnetic interference, to evaluate the effectiveness of shielding techniques.",
            "\to\tConducted tamper tests to simulate tampering attempts using physical force, electromagnetic tools, and other methods. Assessed the effectiveness of tamper-evident designs and detection sensors.",
            "\to\tCalibrated sensors for accuracy and reliability. Validated their performance in detecting environmental changes, structural integrity issues, and potential threats.",
            "\to\tTrained AI algorithms using historical data and simulated threat scenarios. Refined models to enhance accuracy and predictive capabilities.",
            "\td)\tReal-World Simulation, wherein",
            "\to\tConducted comprehensive end-to-end tests simulating real-world scenarios. Evaluated the system's ability to detect, analyze, and respond to threats in real-time.",
            "\to\tIterative Improvements are made based on test results, involving continuous enhancements to the design, materials, sensor integration, and AI algorithms to optimize system performance and reliability.",
            "\t2. The advanced security framework for satellite communication systems as claimed in the claim 1, wherein Lidar and ultrasonic sensors effectively identified nearby objects and environmental changes, preventing potential collisions and threats.",
            "\t3. The advanced security framework for satellite communication systems as claimed in the claim 1, wherein edge computing reduced latency, enabling rapid threat analysis and decision-making and improved the satellite's autonomous operational capabilities.",
            "\t4. The advanced security framework for satellite communication systems as claimed in the claim 1, wherein AI algorithms accurately identified patterns and anomalies, predicting potential threats with high precision.",
            "\t5. The advanced security framework for satellite communication systems as claimed in the claim 1, wherein Shielding techniques and tamper-evident designs ensured uninterrupted communication and service. Reduced downtime and associated costs.",
            "\t6. The advanced security framework for satellite communication systems as claimed in the claim 1, wherein Modular design allowed for easy upgrades and integration with existing systems."
        ],
        "Inventors": [
            {
                "Name": "Ms. Varaa Sharma",
                "Address": "Department of CCE, School of Computing and Intelligent Systems, Manipal University Jaipur",
                "Country": "India",
                "Nationality": "India"
            },
            {
                "Name": "Mr. Shubham Dahatonde",
                "Address": "Department of IOT and Intelligent Systems, School of Computing and Intelligent Systems, Manipal University Jaipur",
                "Country": "India",
                "Nationality": "India"
            },
            {
                "Name": "Mr. Rohit Sharma",
                "Address": "Department of CCE, School of Computing and Intelligent Systems, Manipal University Jaipur",
                "Country": "India",
                "Nationality": "India"
            },
            {
                "Name": "Dr. Somya R.Goyal",
                "Address": "Department of CCE, School of Computing and Intelligent Systems, Manipal University Jaipur",
                "Country": "India",
                "Nationality": "India"
            },
            {
                "Name": "Dr. Sunil Kumar",
                "Address": "Department of CCE, School of Computing and Intelligent Systems, Manipal University Jaipur",
                "Country": "India",
                "Nationality": "India"
            }
        ],
        "Applicants": [
            {
                "Name": "Manipal University Jaipur",
                "Address": "Manipal University Jaipur, Off Jaipur-Ajmer Expressway, Post: Dehmi Kalan,  Jaipur-303007, Rajasthan, India",
                "Country": "India",
                "Nationality": "India"
            }
        ]
    }
}