{
    "202421067246": {
        "Invention Title": "\"NECK RING-BASED SCOOP ON TOP MECHANISM FOR CONTAINERS.\"",
        "Publication Number": "39/2024",
        "Publication Date": "27/09/2024",
        "Publication Type": "INA",
        "Application Number": "202421067246",
        "Application Filing Date": "05/09/2024",
        "Priority Number": "",
        "Priority Country": "",
        "Priority Date": "",
        "Field Of Invention": "ELECTRONICS",
        "Classification (IPC)": "H01L0029786000, H01J0049420000, A61B0018120000, F28F0003040000, F21S0043140000",
        "Abstract": "The present invention relates to an innovative scoop on top mechanism for containers, such as jars, bottles, or other similar vessels, where the scoop is always accessible on top. This mechanism does not require any additional attachments, holders, fixtures, or accessories. It can also be sealed with a wad without compromising the scoop on top feature. The scoop mechanism features a unique notch that allows it to rest securely on the container's ring. The container ring or ledge provides additional strength to the neck, ensuring easy alignment for closing and preventing leaks and spills. This notch helps keep the scoop in place and prevents it from falling into the container or getting lost  in the product, addressingthe common issue of scoops being difficult to find inside the jar. A lost scoop often leads to unhygienic conditions and contamination as users search for it within the product. This mechanism ensures that the scoop is readily accessible and conveniently positioned on top of the container, enhancing user convenience and functionality while maintaining hygiene.\r\nField of the Invention:\r\nThe present invention relates to an innovative mechanism for containers, such as jars, bottles, or other similar vessels, where a scoop is always accessible on top. This mechanism eliminates the need for additional attachments, holders, fixtures, or accessories and can be sealed with a wad without compromising the scoop's accessibility.\r\nBackground of the Invention:\r\nIn conventional containers used for holding powders, granules, or other particulate materials, scoops are often buried within the product. This makes them difficult to find and retrieve, leading to inconvenience and potential contamination as users search through the product. The present invention addresses these issues by providing a mechanism that keeps the scoop on top of the container, ensuring it is always easily accessible and hygienically stored.\r\nSummary of the Invention:\r\nThe present invention provides a container mechanism featuring a ring or ledge formed integrally with the main body of the container. A scoop with a notch on its front part and a handle on its back part is designed to engage with this ring or ledge, retaining the scoop in an accessible position on top of the container. This design enhances user convenience and maintains the hygiene of the product.",
        "Description": [
            "Field of the Invention:",
            "\tThe present invention relates to an innovative mechanism for containers, such as jars, bottles, or other similar vessels, where a scoop is always accessible on top. This mechanism eliminates the need for additional attachments, holders, fixtures, or accessories and can be sealed with a wad without compromising the scoop's accessibility.",
            "Background of the Invention:",
            "\tIn conventional containers used for holding powders, granules, or other particulate materials, scoops are often buried within the product. This makes them difficult to find and retrieve, leading to inconvenience and potential contamination as users search through the product. The present invention addresses these issues by providing a mechanism that keeps the scoop on top of the container, ensuring it is always easily accessible and hygienically stored.",
            "Summary of the Invention:",
            "\tThe present invention provides a container mechanism featuring a ring or ledge formed integrally with the main body of the container. A scoop with a notch on its front part and a handle on its back part is designed to engage with this ring or ledge, retaining the scoop in an accessible position on top of the container. This design enhances user convenience and maintains the hygiene of the product.",
            "\tComplete Specification",
            "\tFORM 2",
            "\tTHE PATENTS ACT, 1970",
            "\t(39 OF 1970)",
            "\t&",
            "\tPATENTS RULES, 2003",
            "\tCOMPLETE SPECIFICATION",
            "\t(SECTION 10 and RULE 13)",
            "\t1. TITLE OF THE INVENTION: - \"Neck Ring-Based Scoop on Top Mechanism for Containers.",
            "\t2. APPLICANT(s)",
            "\ta.\tName -\tZipline",
            "\tb.\tNationality -      INDIAN",
            "\tc.\tAddress -\t178, Por Industrial Park, Near Por G.I.D.C., Por, Vadodara, Gujarat, Pin",
            "\tCode-391 243. India",
            "3. PREAMBLE TO THE DESCRIPTION",
            "\tCOMPLETE",
            "\tThe following specification particularly describes the invention and the manner in which it is to be performed",
            "4. DESCRIPTION (Description shall start from next page)",
            "\t5. CLAIM (not applicable for provisional specification. Claims should start with the preamble-\"I/we claim\" on separate page)",
            "\t1.   ABSTRACT OF INVENTION -",
            "\tNOTE-",
            "\tRepeat boxes in case of more than one entry.",
            "\tTo be signed by the application(s) or by authorized registered patent agent.",
            "\tName of the application should be given in full, family name in the beginning.",
            "\tComplete address of the application should be stating the postal index no/code, state and",
            "\tcountry.",
            "\tStrike out the column which is/are not application",
            "DESCRIPTION: -",
            "Title: Neck Ring-Based Scoop on Top Mechanism for Containers** Field of the Invention:",
            "\tThe present invention relates to an innovative mechanism for containers, such as jars, bottles, or other similar vessels, where a scoop is always accessible on top. This mechanism eliminates the need for additional attachments, holders, fixtures, or accessories and can be sealed with a wad without compromising the scoop's accessibility.",
            "Background of the Invention:",
            "\tIn conventional containers used for holding powders, granules, or other particulate materials, scoops are often buried within the product. This makes them difficult to find and retrieve, leading to inconvenience and potential contamination as users search through the product. The present invention addresses these issues by providing a mechanism that keeps the scoop on top of the container, ensuring it is always easily accessible and hygienically stored.",
            "Summary of the Invention:",
            "\tThe present invention provides a container mechanism featuring a ring or ledge formed integrally with the main body of the container. A scoop with a notch on its front part and a handle on its back part is designed to engage with this ring or ledge, retaining the scoop in an accessible position on top of the container. This design enhances user convenience and maintains the hygiene of the product.",
            "Detailed Description of the Invention: -",
            "\tIntroduction:",
            "\tThe present invention pertains to an enhanced container design that incorporates an innovative scoop-on-top mechanism. This mechanism ensures the scoop remains readily accessible at all times, eliminating the common inconvenience and hygiene concerns associated with lost or buried scoops in traditional containers. The invention comprises a container body, a closure, a reinforcing ring or ledge, and a uniquely designed scoop that securely rests on the ring.",
            "\tContainer Structure:",
            "\t1. Container Body: -",
            "\tThe container body is constructed from a suitable material such as glass, plastic, or metal, depending on the intended product and packaging requirements. The body is designed to hold the product securely and withstand typical handling conditions.",
            "\t2. Closure: -",
            "\tThe closure is a lid or cap that seals the container to preserve product freshness and prevent spillage. It is designed to fit securely onto the container body and can be made from various materials compatible with the container body and product.",
            "\t3.Ring or Ledge: -",
            "\tAn integral part of the container body, the ring or ledge is positioned below the closure. It serves as a reinforcement for the container neck, enhancing its structural integrity and facilitating a secure seal. Additionally, this ring provides a stable platform for the scoop to rest upon.",
            "\t4. Scoop: -",
            "\tThe scoop is crafted from a food-safe material and features a unique notch on its front part and a handle on its back part. The notch engages with the ring or ledge of the container, retaining the scoop in an accessible position. The scoop can be of any size in milliliters (ml) and any shape, designed to effectively remove the product from the container. It can be made of any material, including wood, plastic, compostable material, metal, paper, or any other suitable substance.",
            "\tOperation:",
            "\tTo use the container, the user simply removes the closure. The scoop, securely positioned on the ring, is immediately accessible. The user can then fill the scoop with the product and dispense it as needed. When finished, the scoop is placed back on the ring, and the closure is reapplied.",
            "\tThe ring or ledge offers several advantages. It strengthens the container neck, reducing the risk of breakage or deformation. It also provides a precise alignment point for the closure, minimizing the chances of leaks or spills. By keeping the scoop consistently on top, the invention maintains product hygiene and prevents contamination.",
            "\tFeatures and Benefits:",
            "\t1. Secure Resting Mechanism:",
            "\tThe notch in the scoop allows it to rest securely on the ring or ledge without requiring additional attachments, holders, fixtures, or accessories. This design prevents the scoop from falling into the container or getting lost in the product.",
            "\t2.\tEnhanced Neck Strength: -",
            "\tThe ring or ledge provides additional strength to the neck of the container, facilitating easy alignment for closing and preventing leaks and spills. This ensures a secure seal and enhances the overall durability of the container.",
            "\t3.\tHygienic Storage: -",
            "\tThe mechanism ensures that the scoop remains hygienically stored on top of the container. By preventing the scoop from being buried within the product, the design reduces the risk of contamination and maintain the hygiene of the product.",
            "\t4.\tEase of Use: -",
            "\tThe scoop is always accessible and conveniently positioned on top of the container, eliminating the need t search for it within the product. This enhances user convenience and functionality.",
            "\t5.\tVersatility: -",
            "\tThe neck ring-based scoop mechanism is adaptable to various container sizes and types, including jars, bottles, and other similar vessels. This versatility ensures that the mechanism can be used across a wide range of products and applications.",
            "\tMethod of Packaging:",
            "\t1. Packaging Process:",
            "\t-\tProviding a container according to the claims;",
            "\t-\tFilling the container with the product;",
            "\t-\tPositioning the scoop on top of the container, with the notch engaged with the ring or ledge;",
            "\t-\tApplying an induction wad if needed, to ensure the product remains sealed and uncontaminated;",
            "\t-\tSealing the container with a closure or cap.",
            "\tIndustrial Applicability:",
            "\tThe neck ring-based scoop on top mechanism is applicable in various industries, including food and beverage, pharmaceuticals, household products, and any other industry requiring the use of containers to store particulate materials. The innovative design ensures that the scoop is always accessible and hygienically stored, enhancing user convenience and maintaining product integrity.",
            "\tAdvantages of the Invention:",
            "\tConvenience:",
            "\t-\tThe always-accessible scoop simplifies product usage.",
            "\tHygiene:",
            "\t- Elimlnates the need to search for a lost scoop within the product, reducing contamination risks. Efficiency:",
            "\t-\tStreamlined product dispensing process.",
            "\tStructural Integrity:",
            "\t-\tThe reinforcing ring enhances container durability Versatility:",
            "\t-\tSuitable for various products and container types.",
            "\tConclusion:",
            "\tThe Neck Ring-Based Scoop on Top Mechanism represents a significant improvement in container design. By providing a convenient, hygienic, and efficient solution for product dispensing, this invention addresses a common consumer frustration and enhances the overall user experience.",
            "\tClaims: -",
            "\tI CLAMS ,",
            "\t1.\tA container comprising:",
            "\t\u2022\tA main body for holding a product;",
            "\t\u2022\tA closure for sealing the main body;",
            "\t\u2022\tA ring or ledge formed integrally with the main body, positioned below the closure;",
            "\t\u2022\tA scoop having a notch configured to engage with the ring or ledge, thereby retaining the scoop in an accessible position on top of the container.",
            "\t2.\twherein the scoop is further configured to rest securely on the ring or ledge without requiring additional attachments, holders, fixtures or accessories.",
            "\t3.\twherein the container and scoop are sealable with a wad without compromising the scoop on top feature.",
            "\t4.\twherein the ring or ledge provides additional strength to the neck of the container, facilitating easy alignment for closing and preventing leaks and spills.",
            "\t5.\twherein the notch in the scoop is configured to prevent the scoop from falling into the container or getting lost in the product.",
            "\t6.\tWherein the scoop is made of a food -safe material.",
            "\t7.\tWherein the scoop is sized and shaped to effectively remove the product from the container.",
            "\t8.\tWherein the container is a jar, bottle, or other similar vessel.",
            "\t9.\tWherein the product is a powder, granule or other particulate material.",
            "\t10.\tA method of packaging a product, comprising:",
            "\t\u2022\tProviding a container according to claim 1;",
            "\t\u2022\tFilling the container with the product;",
            "\t\u2022\tPositioning the scoop on top of the container;",
            "\t\u2022\tApplying the induction wad if needed; &",
            "\t\u2022\tSealing the container with a closure or cap."
        ],
        "Inventors": [
            {
                "Name": "KISHAN VAMJA",
                "Address": "604, MANSI FLAT, OPP. TUBE COMPANY, OLD PADRE ROAD, VADODARA, AKOTA, GUJARAT, INDIA - 390020",
                "Country": "India",
                "Nationality": "India"
            },
            {
                "Name": "RAVI VAMJA",
                "Address": "604, MANSI FLAT, OPP. TUBE COMPANY, OLD PADRE ROAD, VADODARA, AKOTA, GUJARAT, INDIA - 390020",
                "Country": "India",
                "Nationality": "India"
            }
        ],
        "Applicants": [
            {
                "Name": "ZIPLINE",
                "Address": "178, POR INDUSTRIAL  PARK, NEAR POR G.I.D.C., POR, VADODARA, GUJARAT, INDIA - 391 243.",
                "Country": "India",
                "Nationality": "India"
            }
        ]
    }
}