{
    "202441067152": {
        "Invention Title": "AFR   (ASSISTANCE TO FIRST RESPONDERS)",
        "Publication Number": "37/2024",
        "Publication Date": "13/09/2024",
        "Publication Type": "INA",
        "Application Number": "202441067152",
        "Application Filing Date": "05/09/2024",
        "Priority Number": "",
        "Priority Country": "",
        "Priority Date": "",
        "Field Of Invention": "ELECTRONICS",
        "Classification (IPC)": "G08G0001096500, G08G0001087000, G01S0019140000, G08G0001010000, G08G0001080000",
        "Abstract": "The AFR system is designed to prioritize emergency vehicles, such as ambulances, fire trucks, and police cars, at urban intersections. Utilizing LoRa communication and GPS technology, the system allows emergency vehicles to transmit real-time location data to traffic signal controllers as they approach intersections. Once an emergency vehicle is detected, the traffic signal is automatically adjusted to give the vehicle a green light, enabling it to pass through without delay. A centralized authorization process ensures that only legitimate emergency vehicles can trigger the system, preventing misuse. The system is capable of managing multiple intersections and prioritizing different types of emergency vehicles based on their urgency. By reducing delays and improving response times, this solution enhances the efficiency of emergency services, improves road safety, and ultimately saves lives. The system is designed to be secure, scalable, and easily integrated with existing traffic infrastructure, making it a practical and effective solution for modern urban environments.",
        "Description": [
            "Description:Urban traffic congestion poses significant challenges for emergency vehicles when responding to critical situations. The delays encountered at traffic intersections can be life-threatening, particularly for patients in ambulances or during time-sensitive emergencies like fires or crimes in progress. Conventional traffic management systems lack the dynamic capability to prioritize these emergency vehicles effectively, leading to increased response times and potentially catastrophic outcomes. The AFR System is an advanced traffic management solution designed to prioritize emergency vehicles at intersections. This system uses a combination of LoRa communication, GPS technology, and real-time traffic control algorithms to ensure that emergency vehicles can pass through intersections without delays, thus improving response times in critical situations.",
            "\tLoRa Communication Modules: LoRa SX1276 modules are used for long-range, low-power communication between emergency vehicles and traffic signal controllers at intersections.",
            "\tGPS Modules: GPS NEO-6M modules provide real-time location data of the emergency vehicles, which is crucial for determining their approach to an intersection.",
            "\tMicrocontrollers: Arduino Nano and Arduino Uno microcontrollers are used to process signals from the LoRa and GPS modules and to control the traffic lights accordingly. Traffic Signal Controllers: These are the standard controllers that manage the traffic lights at intersections, which are modified to interface with the AFR system.",
            "\tCentralized Authorization System: A centralized system that authorizes the activation of the emergency signal control to prevent misuse and ensure that only legitimate emergency vehicles can alter the traffic signals.",
            "\tSystem Execution",
            "\t\u2022\tAuthorization Process: When an emergency arises, the centralized department authorizes the emergency vehicle to use the AFR system. This prevents unauthorized use and ensures that only legitimate emergency vehicles can access the priority control.",
            "\t\u2022\tSignal Transmission: Once authorized, the emergency vehicle\u2019s LoRa module begins transmitting a signal containing its unique identifier and real-time GPS coordinates. This signal is sent as the vehicle approaches an intersection.",
            "\t\u2022\tSignal Reception: The LoRa receiver mounted at the intersection receives the signal from the approaching emergency vehicle. The receiver processes the signal to determine the type of emergency vehicle and its direction of approach based on the GPS data.",
            "\t\u2022\tTraffic Light Control: Upon receiving the signal, the traffic light controller at the intersection prioritizes the lane in which the emergency vehicle is approaching. The controller switches the light to green for the corresponding lane, allowing the emergency vehicle to pass through without stopping.",
            "\t\u2022\tNormal Operation Mode: Once the emergency vehicle has passed through the intersection, the system automatically reverts the traffic lights to their normal operation mode, ensuring minimal disruption to regular traffic flow.",
            "\t\u2022\tMultiple Vehicle Coordination: If multiple emergency vehicles approach the same intersection from different directions, the system prioritizes them based on the type of emergency vehicle (e.g., fire trucks have higher priority over ambulances) and the urgency of their mission. The traffic policeman at the intersection receives an acknowledgment and can manually decide the priority if needed.",
            "\t\u2022\tData Logging and Analysis: The system logs data on traffic signal changes, emergency vehicle movements, and system performance. This data is used for post-event analysis to assess system effectiveness and identify areas for improvement.",
            "\t\u2022\tPublic Awareness Campaigns: The system includes initiatives to raise public awareness about the importance of the AFR system, educating drivers on how to respond when encountering emergency vehicles and the benefits of the system.",
            "\t\u2022\t Real-Time Feedback Loop: The system includes a feedback loop where traffic policemen and emergency responders can provide input on system performance and any issues encountered, allowing for continuous improvement and system refinement.",
            "\t, Claims:\u2022\tAFR system has a claim of Automated Emergency Vehicle Detection which detects approaching emergency vehicles using LoRa communication, triggering automatic traffic signal adjustments.",
            "\t\u2022\tIt claims that traffic signals adjust dynamically to prioritize emergency vehicles based on their type and urgency.",
            "\t\u2022\tIt claims that only authorized emergency vehicles can activate the system, preventing unauthorized use.",
            "\t\u2022\tIt also claims to track the precise location of emergency vehicles for timely and accurate signal adjustments and also support multiple intersections and emergency vehicles, making it adaptable to various urban environments.",
            "\t\u2022\tIt claims to allow traffic police to override the system for real-time control in complex situations and to employ encrypted communication to protect data integrity and prevent unauthorized access.",
            "\t\u2022\tIt also claims that backup systems to ensure continuous operation during failures."
        ],
        "Inventors": [
            {
                "Name": "Prof. Kalanandhini. G",
                "Address": "Assistant Professor\r\nDepartment of Electronics and Communication Engineering\r\nPrince Shri Venkateshwara Padmavathy Engineering College\r\nMedavakkam \u2013 Mambakkam Road, \r\nPonmar, Chennai-600127",
                "Country": "India",
                "Nationality": "India"
            },
            {
                "Name": "Mr. Vigneshwaran. D. S",
                "Address": "Department of Electronics and Communication Engineering\r\nPrince Shri Venkateshwara Padmavathy Engineering College\r\nMedavakkam \u2013 Mambakkam Road, \r\nPonmar, Chennai-600127",
                "Country": "India",
                "Nationality": "India"
            },
            {
                "Name": "Ms. Karthika. R",
                "Address": "Department of Electronics and Communication Engineering\r\nPrince Shri Venkateshwara Padmavathy Engineering College\r\nMedavakkam \u2013 Mambakkam Road, \r\nPonmar, Chennai-600127",
                "Country": "India",
                "Nationality": "India"
            },
            {
                "Name": "Ms. Pushpalatha. S",
                "Address": "Department of Electronics and Communication Engineering\r\nPrince Shri Venkateshwara Padmavathy Engineering College\r\nMedavakkam \u2013 Mambakkam Road, \r\nPonmar, Chennai-600127",
                "Country": "India",
                "Nationality": "India"
            },
            {
                "Name": "Ms. Sakthi Priya. D",
                "Address": "Department of Electronics and Communication Engineering\r\nPrince Shri Venkateshwara Padmavathy Engineering College\r\nMedavakkam \u2013 Mambakkam Road, \r\nPonmar, Chennai-600127",
                "Country": "India",
                "Nationality": "India"
            }
        ],
        "Applicants": [
            {
                "Name": "PRINCE SHRI VENKATESHWARA PADMAVATHY ENGINEERING COLLEGE",
                "Address": "MEDAVAKKAM-MAMBAKKAM ROAD\r\nPONMAR\r\nChennai",
                "Country": "India",
                "Nationality": "India"
            },
            {
                "Name": "PRINCE DR K VASUDEVAN COLLEGE OF ENGINEERING AND TECHNOLOGY",
                "Address": "MEDAVAKKAM-MAMBAKKAM ROAD\nPONMAR\nChennai",
                "Country": "India",
                "Nationality": "India"
            },
            {
                "Name": "PRINCE SHRI BALAJI ARTS AND SCIENCE COLLEGE",
                "Address": "MEDAVAKKAM-MAMBAKKAM ROAD\nPONMAR\nChennai",
                "Country": "India",
                "Nationality": "India"
            },
            {
                "Name": "PRINCE SHRI VENKATESHWARA ARTS AND SCIENCE COLLEGE",
                "Address": "GOWRIWAKKAM, CHENNAI",
                "Country": "India",
                "Nationality": "India"
            }
        ]
    }
}