{
    "202411066115": {
        "Invention Title": "A METHOD FOR NANOPARTICLE SYNTHESIS USING A MICROREACTOR",
        "Publication Number": "38/2024",
        "Publication Date": "20/09/2024",
        "Publication Type": "INA",
        "Application Number": "202411066115",
        "Application Filing Date": "01/09/2024",
        "Priority Number": "",
        "Priority Country": "",
        "Priority Date": "",
        "Field Of Invention": "COMPUTER SCIENCE",
        "Classification (IPC)": "B82Y30/00, B82Y40/00, B01J19/02",
        "Abstract": "The present invention relates to a method for synthesizing nanoparticles using a microreactor system. This method leverages the precise control over reaction conditions afforded by microreactor technology, including temperature regulation, reactant flow rates, and concentrations, to produce nanoparticles with uniform size, shape, and composition. The continuous flow nature of the microreactor facilitates efficient mixing and rapid heat and mass transfer, leading to high-quality nanoparticles with consistent properties. The method is adaptable to various types of nanoparticles, including metals, metal oxides, and semiconductors, and is scalable for industrial production by adding multiple microreactor units in parallel. This invention addresses the limitations of traditional batch synthesis methods and offers a versatile, efficient solution for nanoparticle manufacturing.\r\nAccompanied Drawing [FIGS. 1-2]",
        "Description": [
            "Description:[001] The present invention pertains to the field of nanotechnology, with a specific focus on the synthesis of nanoparticles. Nanoparticles, which are particles with dimensions on the nanometer scale, exhibit unique physical and chemical properties due to their small size and high surface area. These properties make nanoparticles invaluable in a wide range of applications, including drug delivery, electronics, catalysis, and materials science.",
            "\t[002] This invention particularly relates to the use of microreactor technology for the synthesis of nanoparticles. Microreactors, characterized by their small channel dimensions, offer significant advantages in terms of precise control over reaction conditions, such as temperature, pressure, and reactant flow rates. This level of control is crucial for producing nanoparticles with uniform size, shape, and composition, which are essential for achieving consistent performance in their various applications.",
            "\t[003] The invention addresses the challenges associated with conventional nanoparticle synthesis methods, which often result in broad particle size distributions and inconsistent quality. By leveraging the continuous flow capabilities and enhanced heat and mass transfer characteristics of microreactors, this invention provides an innovative method for producing high-quality nanoparticles in a scalable and reproducible manner.",
            "BACKGROUND OF THE INVENTION",
            "\t[004] Nanoparticles have garnered significant attention across various industries due to their unique properties, which differ markedly from those of bulk materials. These properties, including enhanced catalytic activity, improved optical characteristics, and increased surface area, make nanoparticles highly desirable in applications such as drug delivery, sensors, electronic devices, coatings, and renewable energy systems. However, the commercial and industrial use of nanoparticles is often hindered by challenges associated with their synthesis, particularly the need for precise control over particle size, shape, and composition.",
            "\t[005] Traditional methods for nanoparticle synthesis, such as chemical reduction, sol-gel processes, and hydrothermal synthesis, typically involve batch processing. While these methods can produce nanoparticles with desired properties, they often suffer from limitations like poor reproducibility, broad particle size distributions, and the inability to easily scale up production. Batch processes are inherently prone to variations in reaction conditions, such as temperature and concentration gradients, leading to inconsistencies in the quality of the produced nanoparticles. Additionally, the scale-up of batch processes can be complex and costly, further limiting their utility in industrial settings.",
            "\t[006] Microreactor technology has emerged as a promising solution to these challenges. Microreactors are devices with channels typically in the range of tens to hundreds of micrometers, allowing for continuous flow processing of reactants under highly controlled conditions. The small dimensions of the microchannels result in enhanced heat and mass transfer rates, which are critical for maintaining uniform reaction conditions. This uniformity is crucial for producing nanoparticles with consistent size, shape, and composition, thereby improving the overall quality and performance of the nanoparticles in their intended applications.",
            "\t[007] The continuous flow nature of microreactors also offers significant advantages in terms of scalability. Unlike batch processes, which require large reaction vessels for scale-up, microreactor systems can be easily scaled by numbering up multiple microreactor units in parallel. This modular approach to scaling allows for increased production capacity without sacrificing control over reaction conditions or product quality.",
            "\t[008] Despite these advantages, the application of microreactor technology in nanoparticle synthesis is still relatively new, and there remains a need for optimized methods that leverage the full potential of microreactors. Specifically, there is a demand for methods that can produce a wide range of nanoparticles with tailored properties, while also being efficient, cost-effective, and suitable for large-scale production.",
            "\t[009] The present invention addresses these needs by providing a method for synthesizing nanoparticles using a microreactor system. This method enables precise control over key reaction parameters, including temperature, reactant concentration, and flow rate, leading to the production of nanoparticles with highly uniform properties.",
            "\t[010] Furthermore, the invention is adaptable to various types of nanoparticles, including metals, metal oxides, and semiconductor materials, making it versatile for numerous applications. By overcoming the limitations of traditional batch processes and capitalizing on the benefits of microreactor technology, this invention represents a significant advancement in the field of nanoparticle synthesis.",
            "SUMMARY OF THE INVENTION",
            "\t[011] The present invention provides a novel method for synthesizing nanoparticles utilizing a microreactor system. This method leverages the unique advantages of microreactor technology to achieve precise control over the nanoparticle synthesis process, resulting in nanoparticles with uniform size, shape, and composition. By integrating continuous flow processing with advanced control mechanisms, the invention addresses common challenges associated with traditional batch synthesis methods, including inconsistencies in particle quality and difficulties in scaling up production.",
            "\t[012] At the core of the invention is the use of a microreactor, a device with small, precisely engineered channels that facilitate continuous flow of reactants. The microreactor enables efficient mixing and rapid heat and mass transfer, which are crucial for maintaining stable and uniform reaction conditions. This setup allows for fine-tuning of critical parameters such as temperature, flow rate, and reactant concentrations, thereby enhancing the reproducibility and quality of the synthesized nanoparticles.",
            "\t[013] The method outlined in this invention involves several key steps. First, reactants are prepared in specific concentrations and introduced into the microreactor. The reactants then flow through the microchannels where they undergo chemical reactions to form nanoparticles. The continuous flow nature of the process ensures that the reaction conditions remain consistent throughout the microreactor, leading to the production of nanoparticles with desired properties.",
            "\t[014] One of the significant advantages of this method is its adaptability to a wide range of nanoparticles, including metals, metal oxides, and semiconductors. This versatility makes the method suitable for various applications, from medical and electronic uses to materials science. Additionally, the method is scalable, as the microreactor system can be expanded by adding multiple units in parallel, allowing for increased production capacity while maintaining precise control over the synthesis process.",
            "\t[015] Overall, the invention provides a highly efficient and effective solution for nanoparticle synthesis. By harnessing the benefits of microreactor technology, the method enables the production of high-quality nanoparticles with uniform characteristics, addressing the limitations of traditional synthesis approaches and offering a pathway to scalable, industrial-scale nanoparticle manufacturing.",
            "BRIEF DESCRIPTION OF THE DRAWINGS",
            "\t[016] The accompanying figures included herein, and which form parts of the present invention, illustrate embodiments of the present invention, and work together with the present invention to illustrate the principles of the invention Figures:",
            "\t[017] Figure 1, illustrates a general functional working diagram, in accordance with an embodiment of the present invention.",
            "\t[018] Figure 2, illustrates a concept of the functional flow diagram, in accordance with an embodiment of the present invention.",
            "DETAILED DESCRIPTION OF THE INVENTION",
            "\tMicroreactor System Design:",
            "\t[019] The microreactor system employed in the present invention consists of a network of microchannels engineered to facilitate continuous flow processing. These microchannels, which are typically on the order of tens to hundreds of micrometers in width, enable efficient mixing of reactants and provide enhanced heat and mass transfer compared to traditional batch reactors. The microreactor can be constructed from various materials such as glass, silicon, or polymer composites, depending on the chemical properties of the reactants and the desired properties of the nanoparticles.",
            "\t[020] The system includes several key components:",
            "\t\u2022\tInlet Ports: These are used to introduce the reactants into the microreactor. The inlet ports are designed to ensure precise control over the flow rates of each reactant.",
            "\t\u2022\tMicrochannels: These channels facilitate the mixing and reaction of the reactants. The design of the microchannels, including their length, width, and geometry, can be optimized to achieve the desired mixing efficiency and reaction conditions.",
            "\t\u2022\tTemperature Control: To maintain the optimal reaction temperature, the microreactor is equipped with heating or cooling elements. These elements allow for precise temperature regulation, which is crucial for controlling the nanoparticle synthesis process.",
            "\t\u2022\tOutlet Ports: The outlet ports collect the synthesized nanoparticles after they have passed through the microchannels. The outlet design ensures that the collected nanoparticles are efficiently separated from any unreacted precursors or by-products.",
            "\tReactant Preparation:",
            "\t[021] The synthesis of nanoparticles begins with the preparation of reactants, which are selected based on the type of nanoparticles to be produced. For instance, in the synthesis of metal nanoparticles, common reactants include metal salt precursors (such as silver nitrate or gold chloride) and reducing agents (such as sodium citrate or hydrazine). The concentration of these reactants is carefully controlled to influence the size and composition of the nanoparticles.",
            "\t[022] Reactants are typically prepared in separate solutions and mixed in precise ratios before being introduced into the microreactor. This step may involve the use of mixing tanks or inline mixers to ensure homogeneous solutions. The preparation process is designed to prevent premature reactions before the reactants enter the microreactor, which could otherwise lead to undesirable nanoparticle formation.",
            "\tNanoparticle Synthesis:",
            "\t[023] Once the reactants are introduced into the microreactor, they flow through the microchannels where they undergo a chemical reaction to form nanoparticles. The continuous flow of reactants through the microreactor ensures that the reaction conditions, such as temperature and concentration, are maintained consistently throughout the reactor.",
            "\t[024] Key parameters that are controlled during the synthesis process include:",
            "\t\u2022\tFlow Rate: The flow rate of the reactants is carefully regulated to control the residence time of the reactants in the microreactor. This parameter influences the size and morphology of the nanoparticles.",
            "\t\u2022\tReaction Temperature: The temperature within the microreactor is maintained at an optimal level using heating or cooling elements. Temperature control is essential for ensuring that the reaction proceeds at the desired rate and that the nanoparticles are formed with the desired properties.",
            "\t\u2022\tReactant Concentration: The concentration of the reactants affects the growth rate and size of the nanoparticles. By adjusting the concentrations, it is possible to achieve nanoparticles with specific characteristics.",
            "\t[025] The design of the microchannels allows for efficient mixing of the reactants, leading to uniform reaction conditions and consistent nanoparticle formation. The reaction kinetics are enhanced due to the rapid heat and mass transfer within the microreactor, which can reduce the overall reaction time and improve the yield of the desired nanoparticles.",
            "\tCollection and Purification:",
            "\t[026] After the nanoparticles are synthesized, they are collected from the outlet of the microreactor. The nanoparticles are typically suspended in a solvent, forming a colloidal solution. To separate the nanoparticles from any unreacted precursors or by-products, the solution may undergo further purification processes such as centrifugation, filtration, or dialysis.",
            "\t[027] The purified nanoparticles are then prepared for their intended applications. Depending on the application, the nanoparticles may be dried to form a powder, or they may be dispersed in a suitable medium for use in liquid formulations.",
            "\tCharacterization of Nanoparticles:",
            "\t[028] To ensure that the synthesized nanoparticles meet the desired specifications, they are subjected to a series of characterization techniques. These techniques include:",
            "\t\u2022\tTransmission Electron Microscopy (TEM): Used to determine the size, shape, and morphology of the nanoparticles.",
            "\t\u2022\tScanning Electron Microscopy (SEM): Provides detailed images of the surface structure and size distribution of the nanoparticles.",
            "\t\u2022\tX-ray Diffraction (XRD): Used to analyze the crystalline structure and phase composition of the nanoparticles.",
            "\t\u2022\tDynamic Light Scattering (DLS): Measures the size distribution of nanoparticles in suspension.",
            "\t[029] The characterization data is used to verify that the nanoparticles have the desired properties and to optimize the synthesis process if necessary. The ability to consistently produce nanoparticles with uniform characteristics is a key advantage of the microreactor-based synthesis method.",
            "\t[030] The present invention introduces a sophisticated method for synthesizing nanoparticles through the use of a microreactor system. This innovative approach capitalizes on the unique advantages of microreactor technology to achieve precise control over the nanoparticle synthesis process. By leveraging the continuous flow capabilities and efficient heat and mass transfer characteristics of microreactors, the method ensures the production of nanoparticles with uniform size, shape, and composition, overcoming many of the limitations associated with traditional batch synthesis techniques.",
            "\t[031] The ability to finely control key reaction parameters such as temperature, flow rate, and reactant concentration is a significant advancement in the field of nanoparticle synthesis. This level of control not only enhances the reproducibility and quality of the nanoparticles but also allows for the scalable production of nanoparticles tailored to specific applications. Whether for use in drug delivery systems, electronic devices, or advanced materials, the nanoparticles produced by this method are expected to exhibit superior performance due to their consistent properties.",
            "\t[032] Moreover, the versatility of the microreactor-based synthesis method makes it applicable to a wide range of nanoparticles, including metals, metal oxides, and semiconductors. This adaptability broadens the scope of potential applications and positions the method as a valuable tool for various industries. The ability to scale up production by adding multiple microreactor units further enhances the method\u2019s practicality and efficiency for industrial-scale manufacturing.",
            "\t[033] In summary, the method provided by the present invention represents a significant step forward in the field of nanoparticle synthesis. By addressing the challenges of traditional synthesis methods and harnessing the benefits of microreactor technology, this invention offers a robust, scalable, and versatile solution for producing high-quality nanoparticles. The advancements achieved through this method have the potential to impact a wide range of applications, contributing to advancements in technology and industry.",
            "\t, Claims:1.\tA method for synthesizing nanoparticles comprising the steps of introducing reactants into a microreactor, allowing the reactants to flow through microchannels, and controlling reaction conditions to produce nanoparticles.",
            "\t2.\tThe method of claim 1, wherein the microreactor is constructed from materials selected from the group consisting of glass, silicon, and polymer composites.",
            "\t3.\tThe method of claim 1, wherein the reactants include metal salt precursors and reducing agents for the synthesis of metal nanoparticles.",
            "\t4.\tThe method of claim 1, wherein the temperature within the microreactor is controlled using heating or cooling elements to maintain optimal reaction conditions.",
            "\t5.\tThe method of claim 1, wherein the flow rate of the reactants is regulated to control the residence time and influence the size and morphology of the nanoparticles.",
            "\t6.\tThe method of claim 1, wherein the concentration of the reactants is adjusted to achieve nanoparticles with specific characteristics.",
            "\t7.\tThe method of claim 1, wherein the microreactor is designed with microchannels that enhance mixing efficiency and reaction uniformity.",
            "\t8.\tThe method of claim 1, further comprising the step of collecting nanoparticles from the outlet of the microreactor and separating them from unreacted precursors or by-products.",
            "\t9.\tThe method of claim 1, wherein the synthesized nanoparticles are characterized using techniques selected from the group consisting of Transmission Electron Microscopy (TEM), Scanning Electron Microscopy (SEM), X-ray Diffraction (XRD), and Dynamic Light Scattering (DLS).",
            "\t10.\tThe method of claim 1, wherein the microreactor system is scalable by adding multiple microreactor units in parallel to increase production capacity."
        ],
        "Inventors": [
            {
                "Name": "Dr. Aseel A. Kadhem",
                "Address": "Doctor Teacher, Ministry of Education, Wasit Education Directorate, Wasit Secondary School for Distinguished Students, Iraq.",
                "Country": "Iraq",
                "Nationality": "Iraq"
            },
            {
                "Name": "Talaat Hikmat Hashim Al-Aqbi",
                "Address": "Assistant Teacher, Ministry of Education, Wasit Education Directorate, AL_Mutafawiqin Secondary School for Boys, Iraq.",
                "Country": "Iraq",
                "Nationality": "Iraq"
            },
            {
                "Name": "Ashwaq Hussein Ward Al-Farhani",
                "Address": "Assistant Teacher, Ministry of Education, Wasit Education Directorate, Iraq.",
                "Country": "Iraq",
                "Nationality": "Iraq"
            }
        ],
        "Applicants": [
            {
                "Name": "Dr. Aseel A. Kadhem",
                "Address": "Doctor Teacher, Ministry of Education, Wasit Education Directorate, Wasit Secondary School for Distinguished Students, Iraq.",
                "Country": "Iraq",
                "Nationality": "Iraq"
            },
            {
                "Name": "Talaat Hikmat Hashim Al-Aqbi",
                "Address": "Assistant Teacher, Ministry of Education, Wasit Education Directorate, AL_Mutafawiqin Secondary School for Boys, Iraq.",
                "Country": "Iraq",
                "Nationality": "Iraq"
            },
            {
                "Name": "Ashwaq Hussein Ward Al-Farhani",
                "Address": "Assistant Teacher, Ministry of Education, Wasit Education Directorate, Iraq.",
                "Country": "Iraq",
                "Nationality": "Iraq"
            }
        ]
    }
}