{
    "202431069201": {
        "Invention Title": "Sabjibazaar: Connecting Farmers & Consumers",
        "Publication Number": "38/2024",
        "Publication Date": "20/09/2024",
        "Publication Type": "INA",
        "Application Number": "202431069201",
        "Application Filing Date": "12/09/2024",
        "Priority Number": "",
        "Priority Country": "",
        "Priority Date": "",
        "Field Of Invention": "CHEMICAL",
        "Classification (IPC)": "A61P0037040000, B01L0003000000, A61P0011000000, A61K0047600000, H01L0033480000",
        "Abstract": "e-Sabjibazaar is an innovative online platform designed to transform the agricultural supply chain by directly connecting farmers with consumers. The platform addresses inefficiencies and challenges in traditional agricultural markets by eliminating intermediaries, enabling farmers to set fair prices for their produce, and providing consumers with access to fresh, locally sourced products. Key features include a user-friendly interface for product listings and purchases, secure payment integration, real-time inventory management, and a feedback system. The platform also incorporates a real-time communication module using Socket.IO to facilitate direct interactions between farmers and consumers. By enhancing transparency, promoting sustainable practices, and reducing food wastage, e-Sabjibazaar offers a more equitable and efficient marketplace for agricultural goods.",
        "Description": [
            "Description:",
            "Field of the Invention",
            "[001] The field of the invention encompasses the agricultural and technology sectors, specifically focusing on the creation of online platforms that enhance the efficiency and transparency of agricultural supply chains. By leveraging digital technology to directly connect farmers with consumers, this innovation addresses key challenges in traditional farming markets, including inefficiencies caused by intermediaries, lack of transparency, and logistical barriers. The invention falls within the realm of e-commerce and agricultural technology, aiming to transform the way agricultural products are bought and sold, promote fair trade, and support sustainable practices through a user-friendly, technology-driven marketplace.",
            "Background of the invention and related prior Art",
            "[002] The background of the invention revolves around the traditional agricultural supply chain, which has long been plagued by inefficiencies, exploitation by intermediaries, and a lack of transparency. Farmers often face difficulties in accessing fair markets and fair compensation for their produce due to the presence of multiple middlemen. Consumers, in turn, struggle to obtain fresh, locally-sourced goods and are often unaware of the origins or quality of their food. These issues contribute to food waste, distrust in the food supply chain, and economic losses for both farmers and consumers. In response to these challenges, the invention introduces an innovative online platform designed to directly connect farmers with consumers, thereby enhancing transparency, reducing reliance on intermediaries, and improving the efficiency of agricultural commerce.",
            "\t[003] In a patent document US20200359550A1 discloses an agricultural method includes selecting a seed with predetermined end product properties; selecting microbes to assist seed growth and providing the microbes to help the seed during early stage growth; planting the seed on a farm and periodically capturing growth data with one or more sensors; storing the growth data on a blockchain; viewing the growth data by an interested party; and controlling an irrigation system in response to the growth data.",
            "\t[004] In another patent document US20180285810A1 discloses herein provide a system, method, and computer program product using blockchain and applying the internet of things concept to the food system in order to provide an infrastructure to which data can be recorded, shared and validated while data privacy and security is maintained. The collection of this data enables virtual histories of shipments to be created, which can be used to increase efficiency, create new business practices and potentially restructure marketplaces. Overall, the solution presents a novel and new method to understanding of our food.",
            "\t[005] A document WO2021092146A1 discloses a method and system for improving a user's food selections by comparing one or more attributes of a food selection, such as nutritional profile, to one or more subjective criteria, such as a user's medical conditions, food allergies, and preferences for certain types of foods (vegan or vegetarian), and/or objective criteria, such objective food scores for the food selection, to provide a user with information regarding the relative healthfulness of a particular item compared to another and to incentivize the user to select more healthful items. Alternative items of equal or better food score may be suggested. A user's selections and scores for those selections are tracked over time to allow for comparisons to the user's prior data and to data for other user's having one or more common attributes to provide a competitive incentive for improvements. Rewards may also be provided for improvements or positive selections.",
            "\t[006] Another document US20210264550A1 discloses systems, apparatus, and methods for transacting, recording, validating and/or verifying agricultural products. The 2018 Farm Act rescinded industrial hemp from Schedule I of the Controlled Substances Act (CSA). Although industrial hemp has a variety of uses ranging from concrete, insulation, paper products, and rope; the Government's biggest concern is the ingestion of tetrahydrocannabinol (THC) and cannabidiol (CBD). Commercial regulation typically balances a variety of factors: e.g., consumer protection, regulatory overhead, market competition, tax revenue, public policy, etc. In contrast, law enforcement has a singular purpose, and may go to extraordinary lengths to stop criminal activity. Various embodiments described herein provide a blockchain ledger-based supply chain that allows many commercial and regulatory entities to independently cooperate. Every transaction is permanently and transparently recorded within a chain-of-custody; the chain-of-custody enables a traceability. A variety of new applications are enabled by the blockchain ledger-based supply chain.",
            "\t[007] A patent document US20180096175A1 discloses a distributed manufacturing platform and related techniques connect designers, manufacturers (e.g., 3D printer owners and other traditional manufacturers), shippers, and other entities and simplifies the process of manufacturing and supplying new and existing products. A distributed ledger or blockchain may be used to record transactions, execute smart contracts, and perform other operations to increase transparency and integrity of supply chain. Blockchain enabled packaging can be used to track movement and conditions of packages from manufacture, through transit, to delivery.",
            "\t[008] None of these above patents, however alone or in combination, disclose the present invention. The invention consists of certain novel features and a combination of parts hereinafter fully described, illustrated in the accompanying drawings, and particularly pointed out in the appended claims, it being understood that various changes in the details may be made without departing from the spirit, or sacrificing any of the advantages of the present invention.",
            "Summary of the Invention:",
            "\t[009] The invention, e-Sabjibazaar, is an advanced online platform designed to directly connect farmers with consumers, bypassing traditional intermediaries and addressing inefficiencies in the agricultural supply chain. By leveraging technology, e-Sabjibazaar empowers farmers to set fair prices and reach a broader audience while providing consumers with access to fresh, locally sourced produce. The platform enhances transparency by allowing consumers to trace the origin of their food and supports sustainable practices. It incorporates a range of technological solutions, including a user-friendly interface, secure payment options, and real-time communication features, to streamline transactions, reduce food wastage, and foster economic empowerment for both producers and consumers.",
            "Detailed Description of the Invention with Accompanying Drawings",
            "[010] For the purpose of facilitating an understanding of the invention, there is illustrated in the accompanying drawing a preferred embodiment thereof, from an inspection of which, when considered in connection with the following description, the invention, its preparation, and many of its advantages should be readily understood and appreciated.",
            "[011] The principal object of the invention is to develop e-Sabjibazaar: connecting farmers & consumers. The invention, e-Sabjibazaar, is an innovative online platform designed to revolutionize the agricultural supply chain by facilitating direct interactions between farmers and consumers. Here\u2019s a detailed description of the invention:",
            "\t1. Platform Overview:",
            "\te-Sabjibazaar is a comprehensive digital marketplace that connects farmers directly with consumers, eliminating the need for intermediaries and addressing inefficiencies in the traditional supply chain. The platform aims to provide a transparent, fair, and efficient channel for the buying and selling of agricultural products.",
            "\t2. Frontend Development:",
            "\t- React: The user interface of e-Sabjibazaar is developed using React, allowing for a responsive and dynamic user experience with reusable components.",
            "\t- Material-UI: This framework is used for consistent and visually appealing design, providing pre-styled components and data tables.",
            "\t- State Management: Redux and @reduxjs/toolkit manage global state, while redux-thunk handles complex asynchronous logic.",
            "\t- Routing: React-router-dom enables seamless navigation within the single-page application.",
            "\t- HTTP Requests: Axios is employed for efficient communication between the frontend and backend.",
            "\t- Payment Integration: Secure payment processing is handled via @stripe/react-stripe-js and @paypal/react-paypal-js, offering multiple payment options.",
            "\t- Additional Libraries: Libraries like react-toastify (for notifications), react-lottie (for animations), and timeago.js (for relative time formats) enhance the user experience.",
            "\t3. Backend Development:",
            "\t- Express.js: The server-side logic is built using Node.js and Express.js, providing a robust environment for API development.",
            "\t- Database Management: Mongoose interacts with MongoDB, defining schemas and ensuring data consistency.",
            "\t- Authentication and Security: JSON Web Tokens (JWT) handle secure authentication, while bcrypt and bcryptjs ensure safe password storage.",
            "\t- Email Notifications: Nodemailer is integrated to send various types of email notifications and verifications.",
            "\t- Environment Configuration: dotenv manages environment variables securely.",
            "\t- CORS: The cors library handles cross-origin requests, allowing smooth interaction between the frontend and backend.",
            "\t- Real-Time Communication: Socket.IO enables bi-directional, low-latency communication, supporting real-time interactions between farmers and consumers.",
            "\t4. Functional Features:",
            "\t- Direct Farmer-Consumer Interaction: Farmers can list their products, set prices, and engage with consumers directly, bypassing traditional middlemen.",
            "\t- Real-Time Inventory Updates: The platform provides real-time updates on product availability, ensuring accurate information for consumers.",
            "\t- Personalized Recommendations: Machine learning algorithms offer product suggestions based on user preferences and past purchases.",
            "\t- Feedback Mechanisms: Consumers can leave reviews and ratings, fostering transparency and trust within the marketplace.",
            "\t5. Sustainability and Efficiency:",
            "\t- Reduced Food Wastage: By streamlining the supply chain, e-Sabjibazaar minimizes food wastage and improves the efficiency of product distribution.",
            "\t- Sustainable Practices: The platform supports sustainable farming practices by connecting consumers with locally sourced produce and promoting environmentally friendly practices.",
            "\tOverall, e-Sabjibazaar represents a significant advancement in agricultural commerce, combining modern technology with a user-centric approach to address longstanding issues in the supply chain and enhance the overall market experience for both farmers and consumers.",
            "\tFigure 1. Flowchart describes the work flow of the e-sabjibazar website according to the embodiment of the present invention.",
            "\tFigure 2. Website page of e-Sabjibazar according to the embodiment of the present invention.",
            "\tFigure 3. Registration page for seller according to the embodiment of the present invention.",
            "\tFigure 4. Login to your shop according to the embodiment of the present invention.",
            "\tFigure 5. Dashboard according to the embodiment of the present invention.",
            "\tFigure 6. Adding of product and setting the price according to the embodiment of the present invention.",
            "\tFigure 7. Shipping details according to the embodiment of the present invention.",
            "\tFigure 8. Payment method according to the embodiment of the present invention.",
            "\tFigure 9. Order status according to the embodiment of the present invention.",
            "\t[012] Without further elaboration, the foregoing will so fully illustrate my invention, that others may, by applying current of future knowledge, readily adapt the same for use under various conditions of service. It should also be realized by those skilled in the art that such equivalent constructions do not depart from the spirit and scope of the invention.",
            "\tAdvantages over the prior art",
            "\t[013] E-Sabjibazaar: connecting farmers & consumers proposed by the present invention has the following advantages over the prior art:",
            "\t1. Fair Compensation for Farmers: By eliminating intermediaries, farmers can set fair prices for their produce and receive a higher share of the profits, leading to better economic outcomes for them.",
            "\t2. Direct Access to Consumers: Farmers gain direct access to a broader customer base, enhancing their market reach and enabling them to build relationships with consumers.",
            "\t3. Fresh and Locally Sourced Produce: Consumers benefit from access to fresh, locally sourced agricultural products, which are often more nutritious and of higher quality than those from distant sources.",
            "\t4. Enhanced Transparency: The platform allows consumers to trace the origin of their food, providing visibility into production practices and ensuring higher standards of food safety and quality.",
            "\t5. Reduced Food Wastage: By streamlining distribution and improving supply chain efficiency, e-Sabjibazaar helps minimize food wastage, benefiting both farmers and consumers.",
            "\t6. Sustainable Practices: The focus on local produce and sustainable farming practices supports environmental conservation and reduces the carbon footprint associated with long-distance transportation.",
            "\t7. Efficient Transactions: The platform\u2019s integration of secure payment options and real-time inventory updates facilitates smooth and efficient transactions for both parties.",
            "\t8. Enhanced Communication: Real-time messaging features allow for direct communication between farmers and consumers, improving engagement and resolving issues promptly.",
            "\t9. Personalized Experience: Machine learning algorithms provide personalized recommendations, enhancing the shopping experience and helping consumers discover products that match their preferences.",
            "\t10. Trust and Transparency: The feedback and review system fosters trust by allowing consumers to share their experiences and rate products, ensuring a reliable and credible marketplace.",
            "[014] In the preceding specification, the invention has been described with reference to specific exemplary embodiments thereof. It will be evident that various modifications and changes may be made thereunto without departing from the broader spirit and scope of the invention as set forth in the claims that follow. The specification and drawings are accordingly to be regarded in an illustrative rather than restrictive sense. Therefore, the aim in the appended claims is to cover all such changes and modifications as fall within the true spirit and scope of the invention. The matter set forth in the foregoing description and accompanying drawings is offered by way of illustration only and not as a limitation. The actual scope of the invention is intended to be defined in the following claims when viewed in their proper perspective based on the prior art.",
            "\t, Claims:We claim:",
            "\t1.\tE-Sabjibazaar: connecting farmers & consumers which consists of:",
            "\t- A user interface for farmers to list agricultural products, set pricing, and manage inventory;",
            "\t- A user interface for consumers to browse and search for products, place orders, and view product details;",
            "\t- A backend server for managing user accounts, processing transactions, and handling real-time inventory updates;",
            "\t- A secure payment gateway integrated with the system for processing financial transactions.",
            "\t2. A method for facilitating transactions between farmers and consumers through an online platform, comprising:",
            "\t- Receiving product listings from farmers, including product details, images, and prices;",
            "\t- Providing consumers with an interface to search, select, and purchase products;",
            "\t- Processing consumer orders and payments through a secure payment gateway;",
            "\t- Updating product availability in real-time based on inventory changes.",
            "\t3.  A real-time communication module for an online agricultural marketplace, comprising:",
            "\t- A messaging system that enables direct communication between farmers and consumers;",
            "\t- A real-time notification system for delivering messages and updates instantly using Socket.IO.",
            "\t4. A feedback and review system for an online marketplace, comprising:",
            "\t- A module allowing consumers to rate and review products;",
            "\t- A mechanism for displaying consumer feedback and ratings on product listings to inform future buyers.",
            "\t5. A personalized recommendation engine for an online agricultural marketplace, comprising:",
            "\t- An algorithm that analyzes consumer behavior and purchase history;",
            "\t- A recommendation system that suggests products to consumers based on their preferences and past interactions.",
            "\t6. A secure payment integration system for an online marketplace, comprising:",
            "\t- A module for integrating with multiple payment processing services, including Stripe and PayPal;",
            "\t- A secure interface for handling financial transactions and safeguarding payment information.",
            "\t7. A real-time inventory management system for an online agricultural marketplace, comprising:",
            "\t- A backend module that updates product availability and pricing in real-time;",
            "\t- An interface that reflects these updates immediately to consumers to ensure accurate product information.",
            "\t8. A non-transitory computer-readable medium storing instructions that, when executed by a computing device, perform a method for managing an online agricultural marketplace, comprising:",
            "\t- Instructions for displaying a user interface for product listing and management;",
            "\t- Instructions for processing orders and payments;",
            "\t- Instructions for real-time communication between farmers and consumers;",
            "\t- Instructions for updating and managing inventory and providing personalized recommendations."
        ],
        "Inventors": [
            {
                "Name": "Ira Nath",
                "Address": "Associate Professor, JIS College of Engineering\r\nBlock A, Phase III\r\nKalyani\r\nWest Bengal\r\nIndia",
                "Country": "India",
                "Nationality": "India"
            },
            {
                "Name": "Pranati Rakshit",
                "Address": "Associate Professor, JIS College of Engineering\r\nBlock A, Phase III\r\nKalyani\r\nWest Bengal\r\nIndia",
                "Country": "India",
                "Nationality": "India"
            },
            {
                "Name": "Uddalak Mitra",
                "Address": "Assistant Professor, JIS College of Engineering.\r\nBlock A, Phase III\r\nKalyani\r\nWest Bengal\r\nIndia\r\n741235",
                "Country": "India",
                "Nationality": "India"
            },
            {
                "Name": "Sanket Dan",
                "Address": "Assistant Professor, JIS College of Engineering.\r\nBlock A, Phase III\r\nKalyani\r\nWest Bengal\r\nIndia\r\n741235",
                "Country": "India",
                "Nationality": "India"
            },
            {
                "Name": "Souradip Pal",
                "Address": "Student, \r\nJIS College of Engineering\r\nBlock A, Phase III\r\nKalyani\r\nWest Bengal\r\nIndia\r\n741235",
                "Country": "India",
                "Nationality": "India"
            },
            {
                "Name": "Seshadri Dutta",
                "Address": "Student, \r\nJIS College of Engineering\r\nBlock A, Phase III\r\nKalyani\r\nWest Bengal\r\nIndia\r\n741235",
                "Country": "India",
                "Nationality": "India"
            },
            {
                "Name": "Shailja Swati",
                "Address": "Student, \r\nJIS College of Engineering\r\nBlock A, Phase III\r\nKalyani\r\nWest Bengal\r\nIndia\r\n741235",
                "Country": "India",
                "Nationality": "India"
            },
            {
                "Name": "Soumiya Deb",
                "Address": "Student, \r\nJIS College of Engineering\r\nBlock A, Phase III\r\nKalyani\r\nWest Bengal\r\nIndia\r\n741235",
                "Country": "India",
                "Nationality": "India"
            }
        ],
        "Applicants": [
            {
                "Name": "JIS COLLEGE OF ENGINEERING",
                "Address": "Block A, Phase III, Dist. Nadia, Kalyani, \r\nWest Bengal- 741235",
                "Country": "India",
                "Nationality": "India"
            }
        ]
    }
}