{
    "202441067975": {
        "Invention Title": "ANTI-PROTEASE INCORPORATION INTO BONDING AGENT TO PROLONG BOND DURABILITY",
        "Publication Number": "37/2024",
        "Publication Date": "13/09/2024",
        "Publication Type": "INA",
        "Application Number": "202441067975",
        "Application Filing Date": "09/09/2024",
        "Priority Number": "",
        "Priority Country": "",
        "Priority Date": "",
        "Field Of Invention": "MECHANICAL  ENGINEERING",
        "Classification (IPC)": "A01J0005017000, A61P0025000000, A61M0001340000, A01J0007040000, A61P0031180000",
        "Abstract": "ABSTRACT\r\nANTI-PROTEASE INCORPORATION INTO BONDING AGENT TO PROLONG BOND DURABILITY\r\nThe present field of invention relates to the field of Dentistry. Endogenous proteases are activated by the carious process and the treatment for the same, namely acid etching/conditioning and adhesive restoration placement. Anti-protease application has been tried as either a separate step or part of the adhesive protocol using different inhibitory constituents. This invention proposes the use of 1,2,3,4 butane tetracarboxylic acid is an organic acid with chelating potential like ethylendiamine tetraacetic acid. This would enable deactivating proteases which are Ca++ dependent for their activation. This acid is additionally a conditioner with ability to interact with the adhesive monomers used in the formulation and form a stable molecule. Hence this acts as an agent to prevent protease activation during dentin bonding.",
        "Description": [
            "Description:",
            "\tFORM 2",
            "\tTHE PATENTS ACT, 1970",
            "\t(39 of 1970)",
            "\t&",
            "\tTHE PATENT RULES, 2003",
            "\tComplete Specification",
            "\t(See section 10 and rule 13)",
            "\t1.Title of the Invention :    ANTI-PROTEASE INCORPORATION INTO BONDING AGENT TO PROLONG BOND DURABILITY",
            "\t2. Applicant",
            "\tName\tNationality\tAddress",
            "\tDr. Anand V. Susila",
            "\tIndian",
            "\tProfessor and HOD, Department of Conservative dentistry and Endodontics, Madha Dental College,  Somangalam Road, - Chennai 600 069",
            "3. Preamble to the Description :",
            "\tThe following specification particularly describes the invention and the manner in which it is to be performed.",
            "4. DESCRIPTION",
            "Field of the Invention",
            "\tThe present field of invention relates to the field of Dentistry.",
            "\tBackground of invention",
            "\tEndogenous proteases are activated by the carious process and the treatment for the same, namely acid etching/conditioning and adhesive restoration placement. Proof for the host-derived matrix metalloproteinase (MMP) and other enzyme-mediated collagenolytic activity is well established.1 2 3 4 5 Nearly 70% of the collagen fibrils in the hybrid layer is lysed by such activity leading to bond deterioration6. This eventually weakens the same and the restoration fails. Anti-protease application has been tried as either a separate step or part of the adhesive protocol using different inhibitory constituents 2 3. With this background, I have thought of incorporating an anti-protease agent into bonding systems which would preserve the restoration-dentin bond while simultaneously imparting the conditioning/priming/adhesive function of the bonding system.",
            "Detailed description of the invention",
            "\t1,2,3,4 butane tetracarboxylic acid is an organic acid with chelating potential like ethylendiamine tetraacetic acid. This would enable deactivating proteases which are Ca++ dependent for their activation. This acid is additionally a conditioner with ability to interact with the adhesive monomers used in the formulation and form a stable molecule. Hence I have used this as an agent to prevent protease activation during dentin bonding.",
            "\tExperiment",
            "\tIn our experimental study involving bonding composite to dentin blocks with either butane tetra carboxylic acid or gold standard chlorhexidine, a well established preventor of collagenolytic activity by  MMP we attained superior microtensile bond strength both in immediate (18 vs. 14MPa) and delayed (16 vs. 13 MPa) testing. The immediate groups were stored in artificial saliva for 24h whereas the delayed groups were stored for 1 month. Though there was no statistically significant difference (immediate \u2013 p<0.3; delayed \u2013 p<0.12), the new organic acid is better than the gold standard control group chlorhexidine. Besides, its unique advantage is it can act as a self-etching primer and is capable of interacting with monomers in bonding systems like 2-hydroxy ethyl methacrylate (HEMA).",
            "\tAdvantages of the invention",
            "\tThe extra step involved in separate pre-treatment for bond stabilization can be avoided",
            "\tRestoration-dentin bonds can be durable and stronger",
            "\tRestorations would serve longer and exhibit better survival",
            "\tSecondary caries and post-operative sensitivity can be prevented",
            "\tThere were no disadvantages in the invention.",
            "\tBibliography :-",
            "\t1. Hebling J, Pashley DH, Tj\u00e4derhane L, Tay FR. Chlorhexidine Arrests Subclinical Degradation of Dentin Hybrid Layers in vivo. J Dent Res. 2005;84(8):741-746. doi:10.1177/154405910508400811",
            "\t2. Brackett MG, Tay FR, Brackett WW, et al. In Vivo Chlorhexidine Stabilization of Hybrid Layers of an Acetone-based Dentin Adhesive. Oper Dent. 2009;34(4):379-383. doi:10.2341/08-103",
            "\t3. Scheffel D, Hebling J, Scheffel R, et al. Inactivation of Matrix-bound Matrix Metalloproteinases by Cross-linking Agents in Acid-etched Dentin. Oper Dent. 2014;39(2):152-158. doi:10.2341/12-425-L",
            "\t4. Tersariol IL, Geraldeli S, Minciotti CL, et al. Cysteine Cathepsins in Human Dentin-Pulp Complex. J Endod. 2010;36(3):475-481. doi:10.1016/j.joen.2009.12.034",
            "\t5. Zhang S, Kern M. The Role of Host-derived Dentinal Matrix Metalloproteinases in Reducing Dentin Bonding of Resin Adhesives. Int J Oral Sci. 2009;1(4):163-176. doi:10.4248/IJOS.09044",
            "\t6. Pashley DH, Tay FR, Yiu C, et al. Collagen Degradation by Host-derived Enzymes during Aging. J Dent Res. 2004;83(3):216-221. doi:10.1177/154405910408300306",
            "\t, Claims:",
            "\tCLAIMS",
            "\tI Claim:",
            "\t1.\tAn anti-protease incorporated bonding agent for prolonged bond durability, comprising 1,2,3,4 butane tetracarboxylic acid for deactivating proteases which are Ca++ dependent and acting as a conditioner to interact with the adhesive monomers used in the formulation, wherein the  1,2,3,4 butane tetracarboxylic acid acts as a self-etching primer.",
            "\t2. A method of prolonging bond durability by an anti-protease incorporated bonding agent, comprising incorporation of 1,2,3,4 butane tetracarboxylic acid in the bonding agent for deactivating proteases, which are Ca++ dependent and wherein the 1,2,3,4 butane tetracarboxylic acid acts as a conditioner to interact with the adhesive monomers used in the formulation and wherein the  1,2,3,4 butane tetracarboxylic acid also acts as a self-etching primer",
            "\tDated this the 09th September 2024",
            "\tSenthil Kumar B",
            "\tAgent for the applicant",
            "\tIN/PA-1549"
        ],
        "Inventors": [
            {
                "Name": "Dr. Anand V. Susila",
                "Address": "Professor and HOD, Department of Conservative dentistry and Endodontics, Madha Dental College,  Somangalam Road, - Chennai 600 069",
                "Country": "India",
                "Nationality": "India"
            }
        ],
        "Applicants": [
            {
                "Name": "Dr. Anand V. Susila",
                "Address": "Professor and HOD, Department of Conservative dentistry and Endodontics, Madha Dental College,  Somangalam Road, - Chennai 600 069",
                "Country": "India",
                "Nationality": "India"
            }
        ]
    }
}