{
    "202411068385": {
        "Invention Title": "AI- DRIVEN PREDICTIVE LEGAL OUTCOME SYSTEM FOR CASE STRATEGY OPTIMIZATION",
        "Publication Number": "39/2024",
        "Publication Date": "27/09/2024",
        "Publication Type": "INA",
        "Application Number": "202411068385",
        "Application Filing Date": "10/09/2024",
        "Priority Number": "",
        "Priority Country": "",
        "Priority Date": "",
        "Field Of Invention": "BIO-CHEMISTRY",
        "Classification (IPC)": "A61P0015000000, A61P0007000000, C07D0417120000, A61K0008680000, H04L0009400000",
        "Abstract": "Abstract\r\nThe AI-driven predictive legal outcome system leverages machine learning and natural language processing to optimize legal case strategies. It collects and preprocesses extensive legal data, including historical case records and judicial rulings. The system extracts relevant features from this data using NLP techniques and employs both supervised and unsupervised learning algorithms to train predictive models. These models generate probabilistic predictions of potential legal outcomes and provide strategic recommendations tailored to specific cases. Legal professionals interact with the system through a user-friendly interface, allowing for case-specific data input and customized predictions. The system continuously updates its models with new data and integrates user feedback to enhance accuracy and relevance. By offering data-driven insights, the AI-driven predictive legal outcome system significantly improves the efficiency and effectiveness of legal strategy planning and decision-making.",
        "Description": [
            "Description:AI- Driven Predictive Legal Outcome System for case strategy optimization",
            "Field of the invention",
            "\tThe present invention relates to an AI-driven predictive legal outcome system designed to enhance case strategy optimization. The system utilizes machine learning algorithms to analyze historical case data, legal texts, and judicial behavior to predict potential legal outcomes.",
            "Background of the Invention:",
            "\tThe legal profession has always been a domain where the combination of expertise, experience, and intuition plays a crucial role in determining the outcomes of cases. Legal professionals spend considerable time and resources analyzing case law, reviewing precedents, and assessing judicial behavior to formulate strategies that maximize the chances of favorable outcomes for their clients. However, this traditional approach is not without its limitations. The sheer volume of legal data, the complexity of legal arguments, and the variability in judicial decisions make it challenging to consistently predict case outcomes and devise optimal strategies.",
            "\tIn recent years, advances in artificial intelligence (AI) and machine learning have opened new possibilities for transforming various fields, including law. AI has demonstrated its potential in analyzing vast datasets, identifying patterns, and making predictions with a high degree of accuracy. By leveraging these capabilities, there is an opportunity to develop a system that can assist legal professionals in predicting legal outcomes and optimizing their case strategies.",
            "\tThe primary challenge in the legal domain is the analysis of large and diverse datasets, which include court records, legal texts, judicial opinions, and other relevant documents. Traditional methods of legal research and analysis are time-consuming and often limited by human cognitive capacity. Moreover, the ability to accurately predict legal outcomes is influenced by numerous factors, including the specifics of the case, the behavior and history of the presiding judge, and the nuances of applicable laws.",
            "\tAn AI-driven predictive legal outcome system addresses these challenges by utilizing machine learning algorithms to analyze historical case data and legal texts. Such a system can provide probabilistic predictions of legal outcomes, thereby assisting legal professionals in making informed decisions and optimizing their case strategies. By automating the analysis of large datasets and continuously learning from new data, the system can offer valuable insights that are both time-efficient and highly accurate.",
            "\tThe proposed AI-driven predictive legal outcome system will incorporate various advanced technologies, including natural language processing (NLP) for extracting relevant information from legal texts, supervised and unsupervised learning algorithms for training predictive models, and user-friendly interfaces for inputting case-specific data and displaying results. The system aims to enhance the strategic planning capabilities of legal professionals, reduce the time and effort required for case analysis, and ultimately improve the likelihood of achieving favorable legal outcomes.",
            "\tThis invention represents a significant advancement in the application of AI to the legal field, offering a powerful tool for legal professionals to navigate the complexities of case strategy optimization. By integrating predictive analytics into legal practice, the system has the potential to revolutionize how legal strategies are developed and executed, leading to more effective and efficient legal services.",
            "Summary of the Invention:",
            "\tThe present invention relates to an AI-driven predictive legal outcome system designed to enhance the optimization of case strategies for legal professionals. By leveraging advanced machine learning algorithms and natural language processing techniques, this system analyzes extensive historical case data, legal texts, and judicial behavior to generate probabilistic predictions of potential legal outcomes. These insights allow legal professionals to make more informed decisions and strategically optimize their case strategies.",
            "\tKey components of the system include:",
            "\t1.\tData Collection Module: Aggregates and integrates historical case data, legal precedents, judicial rulings, and other relevant legal information from various sources such as legal databases, court records, and legal literature.",
            "\t2.\tData Preprocessing Module: Cleans, normalizes, and preprocesses the collected data to ensure consistency and accuracy, preparing it for detailed analysis.",
            "\t3.\tFeature Extraction Module: Utilizes natural language processing (NLP) to extract relevant features and patterns from legal texts and other data sources, identifying key elements that influence legal outcomes.",
            "\t4.\tMachine Learning Module: Employs supervised and unsupervised learning algorithms to train predictive models based on the preprocessed data and extracted features. These models are continuously updated with new data to enhance their accuracy over time.",
            "\t5.\tPredictive Analytics Module: Generates probabilistic predictions of potential legal outcomes using the trained models. Provides strategic recommendations based on these predictions to help legal professionals optimize their case strategies.",
            "\t6.\tUser Interface Module: Offers a user-friendly interface for legal professionals to input case-specific data and view predictive analytics and strategic recommendations. The interface allows customization and refinement of predictions based on additional inputs or changing circumstances.",
            "\tThe AI-driven predictive legal outcome system provides several advantages, including enhanced accuracy and efficiency in case strategy planning, reduced reliance on individual expertise, and improved decision-making through data-driven insights. By automating the analysis of large datasets and incorporating continuous learning, the system offers legal professionals a powerful tool for navigating the complexities of the legal landscape and achieving favorable outcomes for their clients.",
            "Detailed Description of the Invention:",
            "\tThe present invention is an AI-driven predictive legal outcome system designed to revolutionize the way legal professionals approach case strategy optimization. This system integrates advanced machine learning algorithms and natural language processing (NLP) techniques to analyze vast amounts of historical case data, legal texts, and judicial behavior. The primary goal of this invention is to provide legal professionals with accurate probabilistic predictions of potential legal outcomes and strategic recommendations, thereby enhancing their decision-making process and optimizing case strategies.",
            "\tAt the core of this invention is a sophisticated data collection module that aggregates extensive legal information from a variety of sources. These sources include legal databases, court records, and legal literature, ensuring a comprehensive dataset that captures the nuances of past legal cases and judicial decisions. The data collection module continuously updates this dataset to reflect the latest legal developments and precedents, ensuring that the system's predictions remain relevant and accurate.",
            "\tOnce the data is collected, it undergoes a meticulous preprocessing stage. The data preprocessing module cleans and normalizes the collected information to ensure consistency and accuracy. This involves removing duplicates, correcting errors, and standardizing formats. This preprocessing step is crucial as it prepares the data for detailed analysis and ensures that the subsequent steps operate on high-quality information.",
            "\tThe next stage involves feature extraction, where the system utilizes advanced NLP techniques to identify key features and patterns within the legal texts and data. By analyzing language and context, the feature extraction module identifies critical elements that influence legal outcomes. This could include specific legal arguments, case facts, judicial opinions, and other relevant information. The extracted features are then used to build a comprehensive representation of each case, capturing the essential details that impact legal decisions.",
            "\tThe core of the predictive capability lies in the machine learning module. This module employs both supervised and unsupervised learning algorithms to train predictive models. Supervised learning techniques are used to train the models on labeled data, where the outcomes of past cases are known. Unsupervised learning, on the other hand, helps identify hidden patterns and correlations within the data that may not be immediately apparent. These models are continuously refined and updated with new data, ensuring that they evolve and improve over time.",
            "\tOnce the models are trained, the predictive analytics module generates probabilistic predictions of potential legal outcomes. These predictions are based on the analysis of the input data and the patterns identified by the machine learning algorithms. The system provides a range of possible outcomes, each with an associated probability, giving legal professionals a clear understanding of the likely scenarios they may face.",
            "\tIn addition to predicting outcomes, the system offers strategic recommendations to optimize case strategies. By analyzing the predicted outcomes and the features that influence them, the system suggests the best legal arguments, potential settlement options, and risk assessments. These recommendations are tailored to the specifics of each case, providing actionable insights that can significantly enhance the effectiveness of legal strategies.",
            "\tThe user interface module is designed to be user-friendly and intuitive, allowing legal professionals to easily input case-specific data and view the generated predictions and recommendations. The interface supports customization and refinement of predictions based on additional inputs or changing circumstances, giving users the flexibility to adapt the system's insights to their unique needs.",
            "\tOverall, the AI-driven predictive legal outcome system represents a significant advancement in legal technology. By leveraging the power of AI and machine learning, this invention provides legal professionals with a powerful tool to navigate the complexities of case strategy optimization. It enhances the accuracy and efficiency of legal analysis, reduces reliance on individual expertise, and improves decision-making through data-driven insights. This system has the potential to transform the legal profession, offering a new level of precision and effectiveness in legal practice.",
            "\tThe AI-driven predictive legal outcome system operates through an integrated workflow that begins with the collection and preprocessing of extensive legal data and culminates in the generation of probabilistic predictions and strategic recommendations for legal professionals. This workflow leverages advanced machine learning algorithms and natural language processing (NLP) techniques to provide valuable insights into potential legal outcomes, thereby optimizing case strategies.",
            "\tThe system initiates its operation with a comprehensive data collection module designed to aggregate historical case data, legal precedents, and judicial rulings from a variety of sources, including legal databases, court records, and legal literature. This extensive data collection ensures that the system has access to a wide range of relevant information, capturing the diversity and complexity of past legal cases and decisions.",
            "\tOnce the data is collected, it enters the preprocessing stage. The data preprocessing module is responsible for cleaning and normalizing the collected data to ensure its consistency and accuracy. This involves removing duplicates, correcting errors, and standardizing data formats, thereby preparing the data for detailed analysis. High-quality preprocessed data is crucial for the effectiveness of subsequent analytical steps.",
            "\tFollowing preprocessing, the system employs a feature extraction module that utilizes NLP techniques to identify key features and patterns within the legal texts and data. By analyzing the language and context of legal documents, the feature extraction module isolates critical elements that influence legal outcomes, such as specific legal arguments, case facts, and judicial opinions. These features form the basis for building a comprehensive representation of each case, capturing essential details that impact legal decisions.",
            "\tThe core analytical capability of the system lies in the machine learning module. This module employs a combination of supervised and unsupervised learning algorithms to train predictive models. Supervised learning techniques are used to train the models on labeled data, where the outcomes of past cases are known, while unsupervised learning helps identify hidden patterns and correlations within the data. These models are continuously updated with new data, ensuring that they evolve and improve over time, thereby enhancing their predictive accuracy.",
            "\tOnce the models are trained, the predictive analytics module generates probabilistic predictions of potential legal outcomes. This module processes the input data through the trained models to provide a range of possible outcomes, each with an associated probability. These probabilistic predictions give legal professionals a clear understanding of the likely scenarios they may face, enabling them to make more informed decisions.",
            "\tIn addition to predicting outcomes, the system offers strategic recommendations to optimize case strategies. By analyzing the predicted outcomes and the features that influence them, the system suggests the best legal arguments, potential settlement options, and risk assessments. These recommendations are tailored to the specifics of each case, providing actionable insights that can significantly enhance the effectiveness of legal strategies.",
            "\tThe user interface module plays a crucial role in the system's operation, providing a user-friendly platform for legal professionals to interact with the system. Users can input case-specific data through the interface and view the generated predictions and strategic recommendations in an intuitive format. The interface supports customization and refinement of predictions based on additional inputs or changing circumstances, giving users the flexibility to adapt the system's insights to their unique needs.",
            "\tThroughout its operation, the system integrates user feedback to continually refine and improve its predictive models. Legal professionals can provide input on the accuracy and relevance of the predictions and recommendations, which the system incorporates to enhance its performance.",
            "\tOverall, the AI-driven predictive legal outcome system operates through a seamless and iterative process of data collection, preprocessing, feature extraction, model training, prediction generation, and user interaction. By leveraging the power of AI and machine learning, this system provides legal professionals with a powerful tool to navigate the complexities of case strategy optimization, enhancing the accuracy, efficiency, and effectiveness of legal analysis and decision-making.",
            "\t, Claims:CLAIM(s)",
            "\t1.\tA system for optimizing legal case strategies through predictive legal outcome analysis, comprising:",
            "\t?\ta data collection module configured to aggregate historical case data, legal precedents, and judicial rulings from various sources;",
            "\t?\ta data preprocessing module configured to clean and normalize the aggregated data;",
            "\t?\ta feature extraction module utilizing natural language processing (NLP) to identify relevant features and patterns from the preprocessed data;",
            "\t?\ta machine learning module employing supervised and unsupervised learning algorithms to train predictive models based on the identified features;",
            "\t?\ta predictive analytics module configured to generate probabilistic predictions of potential legal outcomes using the trained predictive models;",
            "\t?\ta strategic recommendation module providing optimized case strategies based on the probabilistic predictions;",
            "\t?\tand a user interface module configured to allow users to input case-specific data and view the generated predictions and strategic recommendations.",
            "\t2.\tThe system of claim 1, wherein the data collection module sources data from legal databases, court records, and legal literature, ensuring a comprehensive dataset.",
            "\t3.\tThe system of claim 1, wherein the data preprocessing module further includes functionalities for removing duplicates, correcting errors, and standardizing data formats to enhance the quality of the preprocessed data.",
            "\t4.\tThe system of claim 1, wherein the feature extraction module employs advanced NLP techniques to analyze language and context, thereby identifying critical elements such as specific legal arguments, case facts, and judicial opinions.",
            "\t5.\tThe system of claim 1, wherein the machine learning module continuously updates the predictive models with new data, ensuring that the models evolve and improve over time for increased accuracy.",
            "\t6.\tThe system of claim 1, wherein the predictive analytics module provides a range of potential legal outcomes, each associated with a probability, to give legal professionals a clear understanding of likely scenarios.",
            "\t7.\tThe system of claim 1, wherein the user interface module allows customization and refinement of the generated predictions and strategic recommendations based on additional inputs or changing circumstances, providing flexibility to legal professionals."
        ],
        "Inventors": [
            {
                "Name": "Dr. Neha",
                "Address": "V.P.O Bhaloth, Pana Doran ,District Rohtak. 124401",
                "Country": "India",
                "Nationality": "India"
            },
            {
                "Name": "Dr. Raj Rani",
                "Address": "H.no. 437, Gali no.-2 Near Water Tank ,Dev Colony ,Rohtak 124001",
                "Country": "India",
                "Nationality": "India"
            }
        ],
        "Applicants": [
            {
                "Name": "Dr. Neha",
                "Address": "V.P.O Bhaloth, Pana Doran ,District Rohtak. 124401",
                "Country": "India",
                "Nationality": "India"
            },
            {
                "Name": "Dr. Raj Rani",
                "Address": "H.no. 437, Gali no.-2 Near Water Tank ,Dev Colony ,Rohtak 124001",
                "Country": "India",
                "Nationality": "India"
            }
        ]
    }
}