{
    "202441067178": {
        "Invention Title": "ERUTUFF APP",
        "Publication Number": "37/2024",
        "Publication Date": "13/09/2024",
        "Publication Type": "INA",
        "Application Number": "202441067178",
        "Application Filing Date": "05/09/2024",
        "Priority Number": "",
        "Priority Country": "",
        "Priority Date": "",
        "Field Of Invention": "ELECTRONICS",
        "Classification (IPC)": "G08G0001010000, G08G0001096700, G01C0021340000, G08G0001052000, H04L0067530000",
        "Abstract": "Our innovative is useful when people is completely engrossed in their phone,\"Erutuff app,\" is designed to enhance awareness and prevent accidents on the road and even on streets. Equipped with real-time traffic updates, it alerts users of potential hazards, road closures, and congestion. Additionally, this app\u2019s features an alert message to phone user while they have no concentration on their way.",
        "Description": [
            "Description:Let\u2019s create an application that allows us to monitor our surroundings while we are completely engrossed in our phones, while logging in this application we grant it access to",
            "\t\u2022\tCamera",
            "\t\u2022\tLocation",
            "\t\u2022\tVolume",
            "\t\u2022\tBattery section",
            "\t\u2022\tHeat section and other",
            "\tIt also requests additional information, such as the phone\u2019s model and purchase year. Heat section of phone, phone\u2019s model and purchase year of phone to ensure that the mobile is in good working condition.",
            "\tCamera - Supervises the surrounding of the user.",
            "\tLocation- It helps to get information if that specific area has any accidents or strike or other incidents.",
            "\tVolume- It is used for observing the sound in user\u2019s surrounding.",
            "\tVolume (out) - It helps to read the alert message aloud",
            "\t, Claims:The user's safety is guaranteed by this application, the user is asked to give access to the camera, sound system, and other devices as soon as it is loaded.",
            "\t1.\tThis software is special since it's meant to keep people secure.",
            "\t2.\tThe application ceases to operate when the phone's screen is off.",
            "\t3.\tThe security system would be as secure, preventing hackers from breaking in and obtaining user data.",
            "\t4.\tIn addition, it accesses the area and reports any dangers nearby.",
            "\t5.\tThere is a spoken and visual alert notification.",
            "\t6.\tIt also notifies the user when the battery on your phone is draining out."
        ],
        "Inventors": [
            {
                "Name": "Prof.  Rajalakshmi G",
                "Address": "Assistant Professor, Department of Information Technology, Prince Shri Venkateshwara Padmavathy Engineering College, Medavakkam-Mambakkam main road, Ponmar, Chennai- 600127",
                "Country": "India",
                "Nationality": "India"
            },
            {
                "Name": "Ms. Michelle Susan Ezhilarasi C S",
                "Address": "Department of Computer Science Engineering, Prince Shri Venkateshwara Padmavathy Engineering College, Medavakkam-Mambakkam Road, Ponmar, Chennai-600127.",
                "Country": "India",
                "Nationality": "India"
            },
            {
                "Name": "Mr. Yashwanth N V",
                "Address": "Department of Computer Science Engineering, Prince Shri Venkateshwara Padmavathy Engineering College, Medavakkam-Mambakkam Road, Ponmar, Chennai-600127.",
                "Country": "India",
                "Nationality": "India"
            },
            {
                "Name": "Ms. Janani A",
                "Address": "Department of Computer Science Engineering, Prince Shri Venkateshwara Padmavathy Engineering College, Medavakkam-Mambakkam Road, Ponmar, Chennai-600127.",
                "Country": "India",
                "Nationality": "India"
            },
            {
                "Name": "Mr. Shyam G",
                "Address": "Department of Computer Science Engineering, Prince Shri Venkateshwara Padmavathy Engineering College, Medavakkam-Mambakkam Road, Ponmar, Chennai-600127.",
                "Country": "India",
                "Nationality": "India"
            },
            {
                "Name": "Mr. Alli Pudi Pavan",
                "Address": "Department of Computer Science Engineering, Prince Shri Venkateshwara Padmavathy Engineering College, Medavakkam-Mambakkam Road, Ponmar, Chennai-600127.",
                "Country": "India",
                "Nationality": "India"
            }
        ],
        "Applicants": [
            {
                "Name": "PRINCE SHRI VENKATESHWARA PADMAVATHY ENGINEERING COLLEGE",
                "Address": "MEDAVAKKAM-MAMBAKKAM ROAD\r\nPONMAR\r\nChennai",
                "Country": "India",
                "Nationality": "India"
            },
            {
                "Name": "PRINCE DR K VASUDEVAN COLLEGE OF ENGINEERING AND TECHNOLOGY",
                "Address": "MEDAVAKKAM-MAMBAKKAM ROAD\nPONMAR\nChennai",
                "Country": "India",
                "Nationality": "India"
            },
            {
                "Name": "PRINCE SHRI BALAJI ARTS AND SCIENCE COLLEGE",
                "Address": "MEDAVAKKAM-MAMBAKKAM ROAD\nPONMAR\nChennai",
                "Country": "India",
                "Nationality": "India"
            },
            {
                "Name": "PRINCE SHRI VENKATESHWARA ARTS AND SCIENCE COLLEGE",
                "Address": "GOWRIWAKKAM, CHENNAI",
                "Country": "India",
                "Nationality": "India"
            }
        ]
    }
}