{
    "202411066348": {
        "Invention Title": "EXTERNAL BODY FIDUCIAL MARKER BELT",
        "Publication Number": "38/2024",
        "Publication Date": "20/09/2024",
        "Publication Type": "INA",
        "Application Number": "202411066348",
        "Application Filing Date": "02/09/2024",
        "Priority Number": "",
        "Priority Country": "",
        "Priority Date": "",
        "Field Of Invention": "BIO-MEDICAL ENGINEERING",
        "Classification (IPC)": "A61B90/00, A61B6/00",
        "Abstract": "The present invention provides an external body fiducial marker belt. While the patient lies on the \tcouch there are three LASERs present, one on each side wall and one on ceiling helps to position the patient accurately. In the Simulator machine room when patient lies, the lasers are marked on the immobilization device i.e. cast or cushion. These markings need to be visible on the CT image set of the patient so to make it visible one small lead \tball is affixed on the marking point. Three marking so three small lead balls need to be affixed on the immobilization device. It has been observed that these three small lead balls are not appear in one single CT slice which creates some error in patient positioning for treatment. This becomes the base of the invention of the external body marker belt device.\r\nFigure 1",
        "Description": [
            "Description:[001]\tThe present invention relates to the field of medical science, and more particularly, the present invention relates to the external body fiducial marker belt.",
            "\tBACKGROUND FOR THE INVENTION:",
            "\t[002]\tThe following discussion of the background to the invention is intended to facilitate an understanding of the present invention. However, it should be appreciated that the discussion is not an acknowledgment or admission that any of the material referred to was published, known, or part of the common general knowledge in any jurisdiction as of the priority date of the application. The details provided herein the background if belongs to any publication is taken only as a reference for describing the problems, in general terminologies or principles or both of science and technology in the associated prior art.",
            "\t[003]\tThe patient lie down on the couch of the Simulator for CT scan, required for the treatment planning and treatment delivery in the Linear Accelerator machine. The LASERs are present in the CT Simulator and Linear Accelerator Room for patient positioning. The immobilization device like cast and cushions are prepared for individual patient and while it is used on patient, LASERs are utilized to position the patient accurately. There are three marking points on the cast/ cushion where small lead balls are affixed for generating a reference point which helps in shifting machine iso-center to the tumor center for treatment. It has been observed that these three small lead balls are not appear in single CT slice which create errors in giving the reference point for patient treatment.",
            "\t[004]\tIn light of the foregoing, there is a need for the External body fiducial marker belt that overcomes problems prevalent in the prior art. The belt can be designed which will have three small lead balls with scale and fixing mechanism with patient base plate. This belt will remove the error of lead ball fixing on the cast/ cushion for a patient. The single belt can be utilized in any patient which is to be plan for external beam radiotherapy treatment.",
            "\tOBJECTS OF THE INVENTION:",
            "\t[005]\tSome of the objects of the present disclosure, which at least one embodiment herein satisfies, are as follows.",
            "\t[006]\tThe principal object of the present invention is to overcome the disadvantages of the prior art by providing the External body fiducial marker belt.",
            "\t[007]\tAn object of the present invention is to provide the external body fiducial marker belt that can be fit on the cast and cushion in the patient.",
            "\t[008]\tAnother object of the present invention is to provide the external body fiducial marker belt that is having small lead balls with scale to properly mark the LASERs position.",
            "\t[009]\tAnother object of the present invention is to provide the external body fiducial marker belt that is cost-effective and easy to place in the patient.",
            "\t[010]\tAnother object of the present invention is to provide the external body fiducial marker belt that is very helpful in the cancer patient treatment with accurate position.",
            "[011]\tOther objects and advantages of the present disclosure will be more apparent from the following description, which is not intended to limit the scope of the present disclosure.",
            "SUMMARY OF THE INVENTION:",
            "\t[012]\tThe present invention provides an external body fiducial marker belt.",
            "\t[013]\tIn one aspect of the present invention, the marked belt includes a base plate; and a belt with three fiducial makers having lead scale markings thereon.",
            "\t[014]\tIn another aspect of the present invention, the belt\u2019s end is fixed in the base plate.",
            "\t[015]\tIn another aspect of the present invention, the belt is made with a minimum radiation absorption material.",
            "\t[016]\tIn another aspect of the present invention, the belt is flexible to take the shape of the patient body contour.",
            "\t[017]\tIn another aspect of the present invention, the small lead balls are affixed over the patient immobilization device manually.",
            "BRIEF DESCRIPTION OF DRAWINGS:",
            "\t[018]\tReference will be made to embodiments of the invention, examples of which may be illustrated in accompanying figures. These figures are intended to be illustrative, not limiting. Although the invention is generally described in the context of these embodiments, it should be understood that it is not intended to limit the scope of the invention to these particular embodiments.",
            "\t[019]\tFigure 1: Design of a EBFMB Device;",
            "DETAILED DESCRIPTION OF DRAWINGS:",
            "[020]\tWhile the present invention is described herein by way of example using embodiments and illustrative drawings, those skilled in the art will recognize that the invention is not limited to the embodiments of drawing or drawings described and are not intended to represent the scale of the various components. Further, some components that may form a part of the invention may not be illustrated in certain figures, for ease of illustration, and such omissions do not limit the embodiments outlined in any way. It should be understood that the drawings and the detailed description thereto are not intended to limit the invention to the particular form disclosed, but on the contrary, the invention is to cover all modifications, equivalents, and alternatives falling within the scope of the present invention as defined by the appended claim.",
            "[021]\tAs used throughout this description, the word \"may\" is used in a permissive sense (i.e. meaning having the potential to), rather than the mandatory sense, (i.e. meaning must). Further, the words \"a\" or \"an\" mean \"at least one\u201d and the word \u201cplurality\u201d means \u201cone or more\u201d unless otherwise mentioned. Furthermore, the terminology and phraseology used herein are solely used for descriptive purposes and should not be construed as limiting in scope. Language such as \"including,\" \"comprising,\" \"having,\" \"containing,\" or \"involving,\" and variations thereof, is intended to be broad and encompass the subject matter listed thereafter, equivalents, and additional subject matter not recited, and is not intended to exclude other additives, components, integers, or steps. Likewise, the term \"comprising\" is considered synonymous with the terms \"including\" or \"containing\" for applicable legal purposes. Any discussion of documents, acts, materials, devices, articles, and the like are included in the specification solely for the purpose of providing a context for the present invention. It is not suggested or represented that any or all these matters form part of the prior art base or were common general knowledge in the field relevant to the present invention.",
            "\t[022]\tIn this disclosure, whenever a composition or an element or a group of elements is preceded with the transitional phrase \u201ccomprising\u201d, it is understood that we also contemplate the same composition, element, or group of elements with transitional phrases \u201cconsisting of\u201d, \u201cconsisting\u201d, \u201cselected from the group of consisting of, \u201cincluding\u201d, or \u201cis\u201d preceding the recitation of the composition, element or group of elements and vice versa.",
            "[023]\tThe present invention is described hereinafter by various embodiments with reference to the accompanying drawing, wherein reference numerals used in the accompanying drawing correspond to the like elements throughout the description. This invention may, however, be embodied in many different forms and should not be construed as limited to the embodiment set forth herein. Rather, the embodiment is provided so that this disclosure will be thorough and complete and will fully convey the scope of the invention to those skilled in the art. In the following detailed description, numeric values and ranges are provided for various aspects of the implementations described. These values and ranges are to be treated as examples only and are not intended to limit the scope of the claims. In addition, several materials are identified as suitable for various facets of the implementations. These materials are to be treated as exemplary and are not intended to limit the scope of the invention.",
            "\t[024]\tThe present invention provides an external body fiducial marker belt that is helpful in the cancer patient positioning in CT Simulator while taking CT scan and in treatment machine while setting up a patient for treatment. At present the small lead balls are affixed over the patient immobilization device manually which introduced a human error and with this invent device the error removed and accuracy will increased.",
            "\t[025]\tConstruction of the Belt:",
            "\t-\tA belt with three fiducial makers with scale marking;",
            "\t-\tThe belt\u2019s end are fixed in the base plate of the patient;",
            "\t-\tThe Belt is made with a minimum radiation absorption material;",
            "\t-\tThe belt is flexible to take the shape of the patient body contour.",
            "[026]\tThe disclosure has been described with reference to the accompanying embodiments herein and the various features and advantageous details thereof are explained with reference to the non-limiting embodiments in the following description. Descriptions of well-known components and processing techniques are omitted so as to not unnecessarily obscure the embodiments herein.",
            "[027]\tThe foregoing description of the specific embodiments so fully revealed the general nature of the embodiments herein that others can, by applying current knowledge, readily modify and/or adapt for various applications such specific embodiments without departing from the generic concept, and, therefore, such adaptations and modifications should and are intended to be comprehended within the meaning and range of equivalents of the disclosed embodiments. It is to be understood that the phraseology or terminology employed herein is for the purpose of description and not of limitation. Therefore, while the embodiments herein have been described in terms of preferred embodiments, those skilled in the art will recognize that the embodiments herein can be practiced with modification within the scope of the embodiments as described herein.",
            "\t, Claims:1)\tAn external body fiducial marker belt, the marked belt comprises:",
            "\t-\ta base plate;",
            "\t-\ta belt with three fiducial makers having lead scale markings thereon;",
            "\t-\twherein the belt\u2019s end is fixed in the base plate.",
            "\t2)\tThe marked belt as claimed in claim 1, wherein the belt is made with a minimum radiation absorption material.",
            "\t3)\tThe marked belt as claimed in claim 1, wherein the belt is flexible to take the shape of the patient body contour.",
            "\t4)\tThe marked belt as claimed in claim 1, wherein the small lead balls are affixed over the patient immobilization device manually."
        ],
        "Inventors": [
            {
                "Name": "Dr. Ravi Kant",
                "Address": "Department of Medical Physics, \r\nHIMS, Swami Rama Himalayan \r\nUniversity, Swami Ram Nagar, \r\nJolly Grant, Dehradun, Uttarakhand-248016, India",
                "Country": "India",
                "Nationality": "India"
            }
        ],
        "Applicants": [
            {
                "Name": "Swami Rama Himalayan University",
                "Address": "Swami Rama Himalayan University,\r\nSwami Ram Nagar, Jolly Grant,\r\nDehradun, Uttarakhand, 248016,\r\nIndia",
                "Country": "India",
                "Nationality": "India"
            }
        ]
    }
}