{
    "202441068327": {
        "Invention Title": "SMART PARKING: A REAL-TIME IOT SYSTEM FOR AUTOMATED MONITORING AND BILLING",
        "Publication Number": "37/2024",
        "Publication Date": "13/09/2024",
        "Publication Type": "INA",
        "Application Number": "202441068327",
        "Application Filing Date": "10/09/2024",
        "Priority Number": "",
        "Priority Country": "",
        "Priority Date": "",
        "Field Of Invention": "BIOTECHNOLOGY",
        "Classification (IPC)": "C07K0016180000, A61P0025000000, C12N0009000000, A61B0005000000, C12N0015850000",
        "Abstract": "The search for a parking spot that is available in today's world can be considered to be both time-consuming and fuel-intensive. For this reason, it has the potential to make drivers frustrated, which in turn will result in improper parking, which could ultimately result in an accident. Using a variety of sensors that will be based on Arduino uno, this parking system will automatically transport vehicles to different levels at a specific position. This will be accomplished through the use of mechanized lift trucks. In order to establish a connection between the Arduino and the electronic payment procedure, the EM-18 RFID Card reader will be utilized. This parking is designed to cut down on the amount of time that a driver needs to spend driving around the parking lot in order to find a spot that is available. This system not only ensures the safety of the parking area but also reduces the amount of traffic that is in the vicinity of the parking lot.",
        "Description": [
            "Description:Initially, the system only permits users who have been authenticated. RFID cards are used to verify this information. A radio frequency identification (RFID) reader is used to read the one-of-a-kind codes contained on these cards, which are stored at the beginning and the end of the parking space. Then, the cars that have been authenticated are permitted to enter, and they are able to see the LEDs that have been placed on each slot as red for slots that are not available and green for slots that are available. The infrared sensors that are installed on each of the slots enable the LEDs to change from green to red whenever a vehicle comes to a stop and parks in that particular spot. Thirdly, the ultrasonic sensors that are installed in the vehicle are able to assist in avoiding obstacles and parking the vehicle in a secure manner.",
            "\tArduino:",
            "\tArduino hardware is open-source. Hardware reference designs are available on the Arduino website under a Creative Commons Attribution Share-Alike 2.5 license. There are layout and production files for some hardware versions. The IDE source code is licensed under the GNU General Public License, version 2. Arduino staff have never released a Bill of Materials. The hardware and software designs are available under copy left licenses, but the developers want the name Arduino to be exclusive to the official product and not used for derivative works. Arduino's name policy emphasizes that the patent welcomes outside contributions to the product. Several commercial Arduino-compatible products use -duino names to avoid the name.",
            "\tA compiler that generates binary machine code for the target processor can compile Arduino programs in any programming language. Atmel offers AVR Studio and Atmel Studio for microcontroller development.",
            "\tArduino provides a cross-platform Java-based integrated development environment (IDE). It came from Processing and Wiring's IDE. It has a code editor with text cutting and pasting, searching and replacing text, automatic indenting, brace matching, and syntax highlighting, and one-click compiling and uploading to Arduino boards. A message area, text console, toolbar with common functions, and operation menu hierarchy are also included.",
            "\t, C , Claims:",
            "\t1.\tWe claim he system provides highly accurate, real-time monitoring of parking space availability, reducing the time drivers spend searching for parking by up to 50%.",
            "\t2.\tWe claim the system automatically detects vehicle presence in parking spaces using advanced IoT sensors and promptly notifies users through a mobile application.",
            "\t3.\tWe claim the system ensures automatic, error-free billing based on precise parking duration, eliminating the need for manual payment processing and reducing billing disputes.",
            "\t4.\tWe claim the system offers a user-friendly mobile application that allows drivers to easily locate available parking, reserve spots, and make payments seamlessly from their mobile devices.",
            "\t5.\tWe claim the system integrates advanced security features, including license plate recognition and real-time video surveillance, to safeguard vehicles and prevent unauthorized access."
        ],
        "Inventors": [
            {
                "Name": "Vikram Pasupuleti, Software Developer",
                "Address": "Eastern Illinois University, Charleston, Illinois 61920, United States of America.",
                "Country": "U.S.A.",
                "Nationality": "India"
            }
        ],
        "Applicants": [
            {
                "Name": "Vikram Pasupuleti, Software Developer",
                "Address": "Eastern Illinois University, Charleston, Illinois 61920, United States of America.",
                "Country": "U.S.A.",
                "Nationality": "India"
            }
        ]
    }
}