{
    "202441069567": {
        "Invention Title": "Naturebite Laddu A Healthy Laddu made with a unique combination of natural ingredients that promote health and wellness",
        "Publication Number": "38/2024",
        "Publication Date": "20/09/2024",
        "Publication Type": "INA",
        "Application Number": "202441069567",
        "Application Filing Date": "13/09/2024",
        "Priority Number": "",
        "Priority Country": "",
        "Priority Date": "",
        "Field Of Invention": "CHEMICAL",
        "Classification (IPC)": "A61P0035000000, A61P0011000000, A61P0025000000, A61P0001160000, A61K0031195000",
        "Abstract": "ABSTRACT    The market for healthy snacks has been growing due to increased awareness about fitness and nutrition. Consumers are seeking snacks that are not only delicious but also packed with essential nutrients. The Naturebite aims to bridge the gap between traditional sweets and modern dietary needs by offering a nutrient-dense, health-conscious snack. The combination of ingredients has been carefully chosen to ensure both taste and health benefits.  Artificial food colors and flavors, used to enhance the visual appeal and taste of processed foods, have raised concerns due to their potential health risks. Research suggests that some artificial additives may be linked to health issues, including cancer and other chronic conditions, due to their synthetic nature and possible toxic effects. These additives often lack nutritional benefits and can contribute to allergic reactions and hyperactivity in sensitive individuals. To reduce potential health risks, it's advisable to limit consumption of products containing artificial colors and flavors and choose natural, whole foods whenever possible. \nSummary of the Invention:  This invention relates to a healthy laddu formulation that includes a variety of ingredients known for their nutritional benefits. The key ingredients in the Naturebite Laddu include:  Raspberry:  High in Vitamins: Raspberries are rich in vitamin C, which supports immune function and skin health. They also contain vitamin K, which is essential for blood clotting and bone health.  Antioxidants: They are packed with antioxidants, including quercetin and ellagic acid, which help combat oxidative stress and reduce inflammation.  Fiber: Raspberries are a good source of dietary fiber, which aids in digestion, helps maintain a healthy weight, and can lower cholesterol levels.  Low in Calories: They are relatively low in calories, making them a healthy choice for adding natural sweetness without excessive caloric intake.  Minerals: They provide essential minerals like manganese and magnesium, which play roles in bone health and metabolic functions.   Incorporating raspberries into laddus not only enhances their flavor but also boosts their nutritional profile, making the sweet treat healthier and more beneficial.",
        "Description": [
            "Summary of the Invention:  This invention relates to a healthy laddu formulation that includes a variety of ingredients known for their nutritional benefits. The key ingredients in the Naturebite Laddu include:  Raspberry:  High in Vitamins: Raspberries are rich in vitamin C, which supports immune function and skin health. They also contain vitamin K, which is essential for blood clotting and bone health.  Antioxidants: They are packed with antioxidants, including quercetin and ellagic acid, which help combat oxidative stress and reduce inflammation.  Fiber: Raspberries are a good source of dietary fiber, which aids in digestion, helps maintain a healthy weight, and can lower cholesterol levels.  Low in Calories: They are relatively low in calories, making them a healthy choice for adding natural sweetness without excessive caloric intake.  Minerals: They provide essential minerals like manganese and magnesium, which play roles in bone health and metabolic functions.   Incorporating raspberries into laddus not only enhances their flavor but also boosts their nutritional profile, making the sweet treat healthier and more beneficial.",
            "\tComplete Specification",
            "Description:Description.",
            "\tThe Naturebite Laddu can be produced on an industrial scale and marketed as a health-conscious alternative to traditional sweets. It caters to a wide audience, including health enthusiasts, fitness-conscious individuals, and those looking for a guilt-free snack.  This healthy laddu can be marketed in various forms, including pre-packaged snack sizes, gift packs, and health-food products available in both physical stores and online platforms. The product can also be used in dietary plans or offered as a part of health-focused meal kits.",
            "\tThe Naturebite Laddu is a novel, health-focused snack that blends traditional ingredients with modern nutritional needs. Its unique combination of fruits, nuts, and natural ingredients offers a healthy alternative to traditional high-sugar, high-fat sweets, appealing to the growing demand for nutritious yet delicious snacks.  Makhana (Fox Nuts): Nutritional Value of Makhana (Per 100 grams): Calories: Approximately 350 kcal Protein: 9-10 grams Fat: 1-2 grams (mostly unsaturated fats) Carbohydrates: 76-80 grams Fiber: 7-8 grams Calcium: 60-80 mg Iron: 1.6-2.0 mg Magnesium: 50-60 mg Phosphorus: 30-40 mg Potassium: 400-500 mg  Health Benefits:  High in Protein: Provides a good amount of plant-based protein, which is beneficial for muscle repair and growth. Low in Fat: Contains minimal fat, mainly unsaturated, which supports heart health. Rich in Fiber: Aids in digestion, helps in maintaining bowel regularity, and can contribute to weight management. Good Source of Calcium: Supports bone health and helps in maintaining strong teeth. Iron Content: Contributes to healthy blood and helps prevent iron deficiency anemia. Magnesium and Potassium: These minerals support heart health, regulate blood pressure, and contribute to overall well-being.  Antioxidants: Contains antioxidants that help combat oxidative stress and inflammation. Adding makhana to laddus enhances their nutritional profile, making them a healthier choice by providing protein, fiber, and essential minerals while keeping the fat content low.  Black Currant: Nutritional Value of Black Currants (Per 100 grams): Calories: Approximately 63 kcal Protein: 1.0-1.5 grams Fat: 0.2-0.5 grams Carbohydrates: 15 grams Fiber: 4.3 grams Vitamin C: 181 mg (over 200% of the daily recommended intake) Vitamin A: 200 IU Vitamin K: 24.6 mcg Iron: 1.0 mg Calcium: 55 mg Magnesium: 15 mg Potassium: 322 mg Antioxidants: High levels of anthocyanins and polyphenols   Health Benefits:  Rich in Vitamin C: Supports immune function, skin health, and enhances iron absorption. High in Fiber: Aids digestion, helps maintain bowel regularity, and supports weight management.  Antioxidants: Contains anthocyanins and polyphenols, which help fight oxidative stress and inflammation.  Supports Heart Health: Potassium and antioxidants contribute to cardiovascular health by supporting blood pressure regulation and reducing inflammation.  Vitamin A and K: Essential for vision, skin health, and proper blood clotting. Incorporating black currants into laddus not only enhances their flavor but also boosts their nutritional value, making the sweet treat more beneficial for overall health.  White Raisins: Nutritional Value of White Raisins (Per 100 grams): Calories: Approximately 299 kcal Protein: 2.6 grams Fat: 0.5 grams Carbohydrates: 79 grams Fiber: 3.7 grams Sugars: 59 grams Calcium: 50 mg Iron: 1.9 mg Potassium: 825 mg Magnesium: 32 mg Vitamin B6: 0.2 mg Vitamin C: Trace amounts   Health Benefits:  Energy Boost: High carbohydrate content provides a quick source of energy. Rich in Fiber: Aids in digestion, helps maintain bowel health, and can assist in weight management. Iron Content: Supports red blood cell production and helps prevent iron deficiency anemia. Potassium: Helps maintain healthy blood pressure levels and supports heart health. Calcium: Contributes to bone health and supports teeth strength.  Antioxidants: Contains antioxidants that help combat oxidative stress and inflammation.  Incorporating white raisins into laddus not only adds natural sweetness but also provides valuable nutrients that contribute to overall health and well-being.  Dried Mango: Dried mango is a flavorful and nutritious ingredient that can enhance the nutritional profile of laddus. Here\u2019s an overview of its nutritional value:  Nutritional Value of Dried Mango (Per 100 grams): Calories: Approximately 320 kcal Protein: 2.0 grams  Fat: 1.0 gram Carbohydrates: 78 grams Fiber: 2.0 grams Sugars: 69 grams Vitamin A: 540 IU (provides a significant amount of daily vitamin A needs) Vitamin C: 60 mg Calcium: 25 mg Iron: 0.9 mg Potassium: 700 mg Magnesium: 33 mg  Health Benefits:  Rich in Vitamins: High in vitamin A, which supports vision, immune function, and skin health. Provides a good amount of vitamin C, which boosts immunity and aids in collagen production.  Energy Boost: High carbohydrate content offers a quick source of energy. Antioxidants: Contains antioxidants that help combat oxidative stress and inflammation. Potassium: Supports heart health and helps regulate blood pressure.  Fiber: Aids in digestion and helps maintain bowel regularity.  Adding dried mango to laddus not only enhances their flavor but also contributes essential vitamins, minerals, and antioxidants, making them a more nutritious treat.  Cashew: Cashews are a nutritious nut that can significantly enhance the health benefits of laddus. Here\u2019s a breakdown of their nutritional value:  Nutritional Value of Cashews (Per 100 grams):  Calories: Approximately 553 kcal Protein: 18.2 grams Fat: 43.9 grams Saturated Fat: 7.8 grams Monounsaturated Fat: 23.8 grams Polyunsaturated Fat: 7.8 grams Carbohydrates: 30.2 grams Fiber: 3.3 grams Sugars: 5.9 grams Calcium: 37 mg Iron: 6.7 mg Magnesium: 292 mg Phosphorus: 568 mg Potassium: 660 mg Vitamin K: 34 mcg Vitamin E: 0.9 mg Vitamin B6: 0.4 mg  Health Benefits:  High in Protein: Provides a good source of plant-based protein, which supports muscle growth and repair.  Healthy Fats: Contains predominantly monounsaturated fats, which are beneficial for heart health.  Rich in Minerals: Provides essential minerals like magnesium, phosphorus, and iron, which support bone health, energy production, and overall well-being.  Antioxidants: Contains antioxidants such as vitamin E and various phytochemicals that help protect cells from oxidative damage.  Supports Metabolism: B vitamins in cashews help with energy metabolism and maintaining healthy nerve function.  Incorporating cashews into laddus adds not only a rich, nutty flavor but also a range of nutrients that contribute to a balanced diet and overall health.  Pomelo:Pomelo is a large citrus fruit known for its refreshing taste and nutritional benefits. Here\u2019s an overview of its nutritional value:  Nutritional Value of Pomelo (Per 100 grams): Calories: Approximately 38 kcal Protein: 0.8 grams Fat: 0.2 grams Carbohydrates: 9.6 grams  Fiber: 1.4 grams Sugars: 7.8 grams Vitamin C: 61 mg (about 68% of the daily recommended intake) Vitamin A: 0 IU Calcium: 6 mg Iron: 0.2 mg Potassium: 216 mg Magnesium: 10 mg  Health Benefits: High in Vitamin C: Supports immune function, skin health, and enhances iron absorption.  Low in Calories: A great option for adding natural sweetness with minimal caloric impact. Fiber Content: Aids digestion, promotes bowel regularity, and supports a feeling of fullness.  Potassium: Helps maintain healthy blood pressure levels and supports cardiovascular health. Antioxidants: Contains antioxidants that help combat oxidative stress and inflammation. Including pomelo in laddus adds a tangy flavor and boosts the nutritional profile of the treat, providing essential vitamins, fiber, and antioxidants.  Pumpkin: Pumpkin is a nutritious ingredient that adds flavor and health benefits to laddus. Here\u2019s a breakdown of its nutritional value:  Nutritional Value of Pumpkin (Per 100 grams, raw): Calories: Approximately 26 kcal Protein: 1.0 gram Fat: 0.1 grams Carbohydrates: 6.5 grams Fiber: 0.5 grams Sugars: 2.8 grams  Vitamin A: 8500 IU (significant for eye health, providing more than 100% of the daily recommended intake)  Vitamin C: 9 mg Calcium: 21 mg Iron: 0.8 mg Potassium: 340 mg Magnesium: 12 mg  Health Benefits:  High in Vitamin A: Supports vision, immune function, and skin health due to its beta-carotene content. Low in Calories: Provides a nutritious option with minimal caloric impact, making it suitable for weight management. Vitamin C: Supports immune function and skin health. Fiber: Contributes to digestive health and helps maintain bowel regularity.  Potassium: Helps regulate blood pressure and supports heart health.  Antioxidants: Contains antioxidants that help combat oxidative stress and inflammation.  Adding pumpkin to laddus not only enhances the flavor but also provides a boost of essential vitamins, minerals, and antioxidants, making the treat more nutritious.  Butterfly Pea: Butterfly pea (Clitoria ternatea) is a vibrant blue flower known for its potential health benefits and use as a natural coloring agent. Here\u2019s an overview of its nutritional and health benefits:  Nutritional Value of Butterfly Pea (Per 100 grams, dried flowers): Calories: Approximately 290 kcal Protein: 10 grams Fat: 3 grams Carbohydrates: 62 grams Fiber: 11 grams Vitamins: Vitamin C: High content Vitamin A: Present in moderate amounts  Minerals: Calcium: 195 mg Iron: 7 mg Magnesium: 65 mg  Potassium: 200 mg  Health Benefits:  Rich in Antioxidants: Contains anthocyanins, which have strong antioxidant properties and help combat oxidative stress. Supports Cognitive Function: May have neuroprotective properties that support brain health and improve cognitive function. Anti-inflammatory Properties: Can help reduce inflammation and support overall health. High in Vitamin C: Enhances immune function and supports skin health.  Rich in Fiber: Aids in digestion and promotes a healthy digestive system. Incorporating butterfly pea into laddus not only adds a unique color but also provides a range of antioxidants and nutrients that contribute to overall health and well-being.  Banana Leaf: Traditionally used for its cooling and health properties in Ayurvedic medicine. Antioxidants: Banana leaves contain antioxidants, which may contribute to reducing oxidative stress in the body when used in cooking.  Anti-inflammatory Properties: The leaves have been used in traditional medicine for their potential anti-inflammatory effects. Natural Antibacterial: They have natural antibacterial properties that can help in food preservation and flavor enhancement.  Nutmeg:  Nutmeg is a spice used in small amounts to add flavor to various dishes, including laddus. Despite its small serving size, nutmeg offers several nutritional benefits. Here\u2019s a breakdown of its nutritional value:  Nutritional Value of Nutmeg (Per 100 grams, ground): Calories: Approximately 525 kcal Protein: 5.8 grams Fat: 36.3 grams Saturated Fat: 24.8 grams Carbohydrates: 49.3 grams Fiber: 20.8 grams Sugars: 0.0 grams Vitamins: Vitamin C: 3.0 mg Vitamin A: 100 IU Vitamin B6: 0.3 mg  Minerals:  Calcium: 184 mg Iron: 10.4 mg Magnesium: 183 mg Potassium: 350 mg    Health Benefits:  Rich in Antioxidants: Nutmeg contains antioxidants that help fight oxidative stress and reduce inflammation.  Digestive Health: The fiber content supports digestion and can help alleviate gastrointestinal issues. Anti-inflammatory: Nutmeg has anti-inflammatory properties that may help reduce pain and inflammation. Supports Cognitive Function: Some studies suggest that nutmeg may have neuroprotective effects and support brain health.  Usage in Recipes:  Flavor Enhancement: Nutmeg adds a warm, aromatic flavor to sweets like laddus, often enhancing the overall taste and complexity of the dish. Due to its strong flavor, nutmeg is used in small quantities. Despite this, its rich nutritional profile contributes to the health benefits of dishes that include it. Brazil Nut: Brazil nuts are nutrient-dense and add significant health benefits when included in laddus. Here\u2019s an overview of their nutritional value: Nutritional Value of Brazil Nuts (Per 100 grams): Calories: Approximately 656 kcal Protein: 14.3 grams Fat: 66.4 grams Saturated Fat: 15.0 grams  Monounsaturated Fat: 24.0 grams Polyunsaturated Fat: 27.0 grams Carbohydrates: 12.3 grams Fiber: 7.5 grams Sugars: 2.3 grams Vitamins: Vitamin E: 5.7 mg Vitamin B6: 0.1 mg Minerals: Calcium: 160 mg Iron: 2.4 mg Magnesium: 376 mg Phosphorus: 725 mg Potassium: 659 mg Selenium: 1917 mcg (extremely high)  Health Benefits:  High in Selenium: Brazil nuts are one of the best sources of selenium, an essential mineral with antioxidant properties that support thyroid function and immune health. Healthy Fats: Rich in healthy fats, including monounsaturated and polyunsaturated fats, which support heart health and reduce inflammation. Protein and Fiber: Provides plant-based protein and fiber that support muscle health, digestion, and satiety.  Rich in Magnesium: Contributes to bone health, muscle function, and overall metabolism.   Including Brazil nuts in laddus not only enhances their flavor but also adds a range of essential nutrients that support overall health and well-being. Peach:Peaches are a nutritious fruit that can enhance the flavor and health benefits of laddu. Here\u2019s an overview of their nutritional value:  Nutritional Value of Peaches (Per 100 grams, raw):  Calories: Approximately 39 kcal Protein: 0.9 grams Fat: 0.3 grams Carbohydrates: 9.5 grams Fiber: 1.5 grams Sugars: 8.4 grams Vitamins: Vitamin C: 6.6 mg Vitamin A: 489 IU Vitamin E: 0.9 mg Minerals: Calcium: 6 mg Iron: 0.2 mg Magnesium: 9 mg Potassium: 190 mg  Health Benefits: Rich in Vitamins: Provides vitamin C, which supports immune health and skin health, and vitamin A, which is important for vision and skin.  Low in Calories: Offers a natural sweetness with minimal caloric impact, suitable for weight management. Fiber Content: Supports digestion, helps maintain bowel regularity, and promotes a feeling of fullness.  Antioxidants: Contains antioxidants like vitamin C and vitamin E that help combat oxidative stress and support overall health.  Hydrating: High water content helps with hydration.   Incorporating peaches into laddus adds natural sweetness and a range of essential nutrients, contributing to a healthier and more flavorful treat.  Jujube: Jujube, also known as Chinese date, is a nutrient-rich fruit that can enhance the nutritional profile of laddu. Here\u2019s a summary of its nutritional value:  Nutritional Value of Jujube (Per 100 grams, dried):  Calories: Approximately 277 kcal Protein: 2.2 grams Fat: 0.2 grams Carbohydrates: 73.0 grams Fiber: 7.0 grams Sugars: 63.0 grams  Vitamins: Vitamin C: 100 mg (more than 100% of the daily recommended intake) Vitamin A: 2 IU Vitamin B6: 0.2 mg Minerals: Calcium: 70 mg Iron: 1.0 mg Magnesium: 40 mg  Potassium: 250 mg  Health Benefits:  High in Vitamin C: Supports immune function, enhances skin health, and improves iron absorption. Rich in Fiber: Aids digestion, helps maintain bowel regularity, and contributes to a feeling of fullness. Low in Fat: Offers a nutrient-dense option with minimal fat content. Mineral Content: Provides essential minerals such as calcium, iron, and potassium, which support bone health, blood health, and cardiovascular function. Antioxidants: Contains antioxidants that help protect cells from damage and reduce inflammation. Incorporating jujube into laddus adds natural sweetness and a variety of essential nutrients, making them a more nutritious treat.  Orange Peel: Orange peel is a flavorful addition to laddu that also offers various nutritional benefits. Here\u2019s an overview of its nutritional value:  Nutritional Value of Orange Peel (Per 100 grams, dried): Calories: Approximately 97 kcal Protein: 2.0 grams Fat: 0.4 grams Carbohydrates: 24.0 grams Fiber: 10.6 grams  Sugars: 3.5 grams Vitamins: Vitamin C: 136 mg (more than 100% of the daily recommended intake) Vitamin A: 1,500 IU Vitamin B6: 0.1 mg Minerals: Calcium: 161 mg Iron: 0.7 mg Magnesium: 58 mg Potassium: 532 mg",
            "\tHealth Benefits:  High in Vitamin C: Supports immune function, enhances skin health, and provides antioxidant protection. Rich in Fiber: Helps with digestion, promotes bowel regularity, and aids in maintaining a healthy weight. Antioxidants: Contains flavonoids and other antioxidants that help combat oxidative stress and inflammation. Mineral Content: Provides essential minerals like calcium and potassium, which support bone health and cardiovascular function. Flavor and Aroma: Adds a citrusy flavor and aroma to foods, enhancing their taste.  Incorporating orange peel into laddus can enhance their flavor while adding significant nutritional benefits, including a boost in vitamin C and fiber.  Tabasco Pepper: Adds some spicy kick and rich in metabolism  Tabasco pepper, primarily used as a spice or condiment, adds heat and flavor to dishes. While it's not typically used in large quantities, it does offer some nutritional benefits. Here\u2019s a breakdown of its nutritional value:  Nutritional Value of Tabasco Pepper (Per 100 grams, fresh): Calories: Approximately 20 kcal Protein: 0.9 grams Fat: 0.2 grams Carbohydrates: 4.0 grams Fiber: 1.5 grams Sugars: 1.0 grams  Vitamins: Vitamin C: 130 mg (about 145% of the daily recommended intake) Vitamin A: 1400 IU Minerals: Calcium: 10 mg Iron: 0.5 mg Magnesium: 12 mg Potassium: 250 mg  Health Benefits: High in Vitamin C: Supports immune function, enhances skin health, and provides antioxidant protection. Vitamin A: Contributes to vision health and immune function.  Capsaicin: The active compound in Tabasco peppers, capsaicin, has anti-inflammatory and metabolism-boosting properties. Low in Calories: Adds flavor without significantly increasing caloric content. Though used in small quantities, Tabasco pepper can enhance the flavor profile of laddus while contributing beneficial nutrients like vitamins C and A.  Fresh Hibiscus: Known for its vitamin C content and antioxidant properties. Fresh hibiscus, known for its vibrant color and tangy flavor, also offers several nutritional benefits. Here\u2019s an overview of its nutritional value:  Nutritional Value of Fresh Hibiscus (Per 100 grams): Calories: Approximately 37 kcal Protein: 1.3 grams Fat: 0.2 grams Carbohydrates: 8.6 grams Fiber: 1.2 grams Sugars: 6.2 grams  Vitamins: Vitamin C: 0.6 mg Vitamin A: 1,000 IU Minerals: Calcium: 35 mg Iron: 0.8 mg Magnesium: 22 mg  Potassium: 113 mg Health Benefits:  Rich in Vitamin C: Supports immune health and enhances skin health. Antioxidants: Contains antioxidants that help combat oxidative stress and inflammation. Low in Calories: Adds flavor without significantly increasing caloric intake. Minerals: Provides essential minerals like calcium and iron, contributing to overall health. Including fresh hibiscus in laddus can enhance their flavor and color while adding beneficial nutrients and antioxidants.  Mint Leaf: Known for its refreshing flavor and digestive benefits. Mint leaves are often used for their aromatic qualities and flavor rather than for their nutritional content in small amounts. However, they do offer several health benefits. Here\u2019s a summary of the nutritional value of mint leaves:  Nutritional Value of Fresh Mint Leaves (Per 100 grams): Calories: Approximately 70 kcal Protein: 3.8 grams Fat: 0.9 grams Carbohydrates: 14.9 grams Fiber: 8.0 grams Sugars: 0.0 grams   Vitamins:  Vitamin C: 31.8 mg (about 35% of the daily recommended intake) Vitamin A: 5,000 IU Vitamin B6: 0.2 mg Minerals: Calcium: 256 mg Iron: 5.0 mg Magnesium: 80 mg Potassium: 569 mg  Health Benefits: Rich in Vitamin C: Supports immune function and skin health. High in Fiber: Promotes digestive health and helps maintain bowel regularity. Mineral Content: Provides essential minerals like calcium and iron, which contribute to bone health and overall metabolism. Antioxidants: Contains antioxidants that help combat oxidative stress and inflammation. Digestive Aid: Known for its ability to soothe the digestive system and alleviate symptoms such as nausea.  While mint is typically used in small amounts for flavoring, its nutritional benefits can contribute to the overall health benefits of laddus. Pomegranate: Rich in antioxidants and vitamins. Pomegranate is a nutritious fruit that adds both flavor and health benefits to laddus. Here\u2019s an overview of its nutritional value:  Nutritional Value of Pomegranate (Per 100 grams, seeds): Calories: Approximately 83 kcal Protein: 1.7 grams Fat: 1.2 grams Carbohydrates: 18.7 grams Fiber: 4.0 grams Sugars: 13.7 grams  Vitamins: Vitamin C: 10.2 mg (about 11% of the daily recommended intake) Vitamin K: 16.4 mcg Folate: 38 mcg",
            "\tMinerals: Calcium: 10 mg Iron: 0.3 mg Magnesium: 12 mg Potassium: 236 mg",
            "Health Benefits: Rich in Antioxidants: Pomegranates are high in antioxidants, particularly punicalagins and anthocyanins, which help reduce oxidative stress and inflammation.  Vitamin C: Supports immune function, skin health, and iron absorption. Fiber: Promotes digestive health and helps maintain bowel regularity.  Low in Calories: Adds natural sweetness and nutrients with minimal calorie content.  Heart Health: May help improve heart health by reducing cholesterol levels and improving blood flow.  Adding pomegranate to laddus not only enhances their flavor but also boosts their nutritional value with essential vitamins, minerals, and antioxidants.  Black Plum (Jamun): Known for its anti-diabetic properties. Black plum (Jamun) is a nutritious fruit that adds both flavor and health benefits to laddus. Here\u2019s a breakdown of its nutritional values and benefits per 100 grams:  Nutritional Value of Black Plum (Jamun) (Per 100 grams, raw): Calories: Approximately 60 kcal Protein: 1.0 grams Fat: 0.3 grams Carbohydrates: 14.7 grams Fiber: 2.5 grams Sugars: 10.5 grams  Vitamins: Vitamin C: 30 mg (about 33% of the daily recommended intake) Vitamin A: 70 IU Minerals: Calcium: 20 mg Iron: 0.4 mg  Magnesium: 20 mg  Potassium: 200 mg Health Benefits:  High in Vitamin C: Enhances immune function, supports skin health, and aids in iron absorption. Rich in Antioxidants: Contains compounds that help protect cells from damage and reduce inflammation. Fiber Content: Supports digestive health and helps maintain bowel regularity. Low in Calories: Adds natural sweetness and nutrients without significantly increasing caloric intake. Blood Sugar Regulation: May help improve blood sugar levels and support metabolic health.  Including black plum in laddus enhances their taste and nutritional value, providing essential vitamins, minerals, and antioxidants.  Ceylon Olive: Offers numerous health benefits, including antioxidant and anti-inflammatory effects. Ceylon olive, also known as Ceylon or Indian olive (Elaeagnus spp.), is less commonly used but offers valuable nutrients. Here\u2019s an overview of its nutritional value:  Nutritional Value of Ceylon Olive (Per 100 grams, fresh): Calories: Approximately 59 kcal  Protein: 1.1 grams  Fat: 0.5 grams Carbohydrates: 14.5 grams Fiber: 1.5 grams Sugars: 11.5 grams  Vitamins: Vitamin C: 14 mg (about 15% of the daily recommended intake) Vitamin A: 350 IU Minerals: Calcium: 15 mg Iron: 0.3 mg Magnesium: 15 mg Potassium: 100 mg  Health Benefits:  Rich in Vitamin C: Supports immune health, improves skin health, and aids in the absorption of iron. Contains Antioxidants: Helps combat oxidative stress and inflammation. Fiber Content: Aids in digestion and promotes gastrointestinal health. Low in Fat: Provides beneficial nutrients with minimal fat content.  Incorporating Ceylon olive into laddus adds unique flavor and contributes additional vitamins, minerals, and antioxidants.   5. Detailed Description:  The Naturebite Laddu is prepared by blending the above ingredients in specific proportions to create a balanced and nutritious snack. The formulation ensures that the laddu is:  Low in added sugars: The natural sweetness from fruits like white raisins, dried mango, and black currant reduces the need for refined sugar. Rich in antioxidants: Ingredients like raspberry, pomegranate, and hibiscus contribute to the antioxidant content. High in fiber and nutrients: Makhana, pumpkin, and cashew provide fiber and essential vitamins and minerals.  Unique flavor profile: The use of spices like nutmeg, fresh mint, and a hint of Tabasco pepper creates a distinctive taste. Color and texture: Butterfly pea adds a natural blue tint, while various fruits and nuts contribute to a multi-textural experience.",
            "\t, C , Claims:Claims:  1. A healthy laddu formulation containing raspberry, makhana, black currant, white raisins, dried mango, cashew, pomelo, pumpkin, butterfly pea, banana leaf, nutmeg, Brazil nut, peach, jujube, orange peel, Tabasco pepper, fresh hibiscus, mint leaf, pomegranate, black plum, and Ceylon olive.   2. The laddu formulation of Claim 1, wherein the natural sweetness comes from fruits, minimizing the need for added sugar.   3. The laddu formulation of Claim 1, wherein the ingredients are selected for their antioxidant properties.   4. The laddu formulation of Claim 1, wherein the ingredients are selected for their digestive benefits and metabolism-boosting properties.   5. The laddu formulation of Claim 1, wherein the laddu provides a natural source of vitamins, minerals, and fiber"
        ],
        "Inventors": [
            {
                "Name": "Nandhana B S",
                "Address": "nandhanbs49@gmail.com  Address: Benglavuparambil (H);North.kuthiathode p o Thelathuruth , Eranakulam Pin:683594",
                "Country": "India",
                "Nationality": "India"
            },
            {
                "Name": "Aswathi V S",
                "Address": "aswathisivakumar18@gmail.com Address : Vallattuthara (H) Erumathala po Keezhmad, aluva,Eranakulam Pin 683112",
                "Country": "India",
                "Nationality": "India"
            }
        ],
        "Applicants": [
            {
                "Name": "Dr.NEWLY JOSEPH",
                "Address": "St.Xavier's College for Women Aluva\nEmail : newlyjoseph2020@gmail.com\nMob no:9495714149",
                "Country": "India",
                "Nationality": "India"
            },
            {
                "Name": "Nandhana B S",
                "Address": "Address: Benglavuparambil (H);North.kuthiathode p o Thelathuruth , Eranakulam Pin:",
                "Country": "India",
                "Nationality": "India"
            }
        ]
    }
}