{
    "202441069242": {
        "Invention Title": "A METHOD PARAGAMANJARI TO INTEGRATE POLLEN MOTIFS IN TEXTILE INDUSTRY",
        "Publication Number": "38/2024",
        "Publication Date": "20/09/2024",
        "Publication Type": "INA",
        "Application Number": "202441069242",
        "Application Filing Date": "13/09/2024",
        "Priority Number": "",
        "Priority Country": "",
        "Priority Date": "",
        "Field Of Invention": "BIO-MEDICAL ENGINEERING",
        "Classification (IPC)": "A61G0005100000, H01L0027120000, H01L0021840000, A61N0005060000, H01L0029780000",
        "Abstract": "ABSTRACT\nA METHOD PARAMANJARI TO INTEGRATE POLLEN MOTIFS IN TEXTILE INDUSTRY \nThe present invention relates to a method paragmanjiri which aims to integrate structural aspects of pollen grains into textile design and digital illustrations. Further the method develops motifs exhibiting enhanced aesthetic appeal and promote sustainable design practices by drawing inspiration from natural pollen structures.",
        "Description": [
            "Description:FIELD OF INVENTION",
            "\tThe present invention relates to a method of incorporating unique structures of pollen grains into aesthetic designs and patterns. Further the invention is an amalgamation of botanical aspects of nature with artistic creativity.",
            "BACKGROUND OF THE INVENTION",
            "\tIn the intricate and diverse world of textile design, nature has always been a profound source of inspiration. Among nature's most intricate elements are pollen grains, the fine powdery substances produced by the anthers of flowering plants. Pollen morphology varies significantly from plant to plant, with each species exhibiting unique and aesthetic exine patterns. These intricate patterns on the pollen exine are not only biologically significant but also offer a rich tapestry of designs that can be artistically translated into textile motifs. The study aims to investigate the morphological characteristics of various pollen grains and their potential applications in textile design. Through meticulous analysis and experimentation, the research will explore different techniques for integrating these motifs into textiles, including printing, weaving, and embroidery. Additionally, the study will evaluate the environmental implications of using pollen-inspired designs, emphasizing the importance of sustainable practices in the textile industry.",
            "\tOBJECTIVE OF THE INVENTION",
            "\tThe principal objective of the present invention relates to a method paragamanjari of integrating structural features of pollen grains as motifs in textile design.",
            "\tAn objective of the present invention relates to bridge a gap between natural science and textile artistry.",
            "\tAnother objective of the present invention relates to investigating the morphological characteristics of various pollen grains and their potential applications in textile design.",
            "SUMMARY OF THE INVENTION",
            "\tIn an aspect of the present invention relates to a technique to integrate structural aspects of pollen grains into textile design and digital illustrations wherein the method comprises steps of:",
            "\tpollen samples are collected from a variety of locally available flowering plants, the selection criteria included plants known for their distinct and aesthetically pleasing pollen morphology, collection is performed during peak flowering seasons to ensure maximum pollen yield, pollen grains are carefully extracted using fine brushes and stored in sterile containers to prevent contamination;",
            "\tthe collected pollen samples underwent acetolysis to remove organic matter and enhance the visibility of exine patterns, pollen samples are fixed in a solution of glacial acetic acid for 24 hours, a mixture of 9 parts acetic anhydride to 1 part sulfuric acid is prepared and pollen samples are added to the acetolysis mix and heated in a water bath at 80\u00b0C for 3-5 minutes, the reaction is halted by adding distilled water, followed by multiple washings with distilled water to remove the acid, the acetolyzed pollen grains are mounted on slides with glycerin jelly for microscopic examination;",
            "\tacetolyzed pollen samples are examined under a light microscope to study their morphology and exine patterns, high-resolution images of the pollen grains are captured using a digital microscope camera and these images served as the primary reference for design development;",
            "\tthe high-resolution images of pollen grains are imported into IBIS Paint X, a digital painting and drawing application where a detailed tracing of pollen grain exine patterns is done to create digital illustrations, the traced patterns are enhanced and stylized using various tools available in IBIS Paint X to create visually appealing motifs, a color palette inspired by the natural colors of pollen and flowers is developed and applied to the motifs;",
            "\tthe digital illustrations created in IBIS Paint X are then imported into a CAD software for further refinement and integration into textile design templates, the pollen motifs are integrated into textile design templates for various products such as t-shirts, sarees, frocks, trousers, bedsheets, tablecloths, and curtains, the motifs are arranged into repeat patterns suitable for textile printing and weaving, virtual simulations of the final designs are created to visualize the patterns on different textile products.",
            "\tIn another aspect of the present invention relates to the technique is sustainable and new practice blending scientific precision with artistic creativity.",
            "BRIEF DESCRIPTION OF THE ACCOMPANYING DRAWINGS",
            "The accompanying drawings, which are incorporated in and constitute a part of the specification illustrate an embodiment of the invention and together with the description, explain the principles of the invention.",
            "\tFigure 1: Displays  motif  from the pollen of Vachelia nelotica (Fabaceae)",
            "\tFigure 2: Displays  motif  from the pollen of Ocimum tenuiflorum.( Lamiacaea.)",
            "\tFigure 3: Displays  motif  from the pollen of Cypella coelestis ( Iridiaceae )",
            "\tFigure 4: Displays  motif  from the pollen of Passiflora vialaca (Passifloraceae)",
            "\tFigure 5: Displays  motif  from the pollen of Croton schiedeanus(Euphorbiaceae)",
            "\tFigure 6: Displays  motif  from the pollen of Hemigraphis colorata (Acanthaceae)",
            "\tFigure 7: Displays  motif  from the pollen of Isopogon dawsonii( Proteaceae)",
            "\tFigure 8: Displays  motif  from the pollen of Vachellia nilotica(Fabaceae)",
            "\tFigure 9: Displays  motif  from the pollen of Cinnamomum camphora (Lauraceae)",
            "\tFigure 10: Displays motif from the pollen of Passiflora vialaca (Passifloraceae)",
            "DETAILED DESCRIPTION OF THE INVENTION",
            "The following description provides specific details of certain aspects of the disclosure illustrated in the drawings to provide a thorough understanding of those aspects. It should be recognized, however, that the present disclosure can be reflected in additional aspects and the disclosure may be practiced without some of the details in the following description.",
            "\tThe various aspects including the example aspects are now described more fully with reference to the accompanying drawings, in which the various aspects of the disclosure are shown. The disclosure may, however, be embodied in different forms and should not be construed as limited to the aspects set forth herein. Rather, these aspects are provided so that this disclosure is thorough and complete and fully conveys the scope of the disclosure to those skilled in the art. In the drawings, the sizes of components may be exaggerated for clarity.",
            "\tThe terms \"comprises\", \"comprising\", or any other variations thereof, are intended to cover a non-exclusive inclusion, such that a process or method that comprises a list of steps does not include only those steps but may include other steps not expressly listed or inherent to such a process or method. Similarly, one or more components, compounds, and ingredients preceded by \"comprises\" does not, without more constraints, preclude the existence of other components or compounds or ingredients or additional components. Appearances of the phrase \"in an embodiment\", \"in another embodiment\" and similar language throughout this specification may, but not necessarily do, all refer to the same embodiment.",
            "\tIn the following specification and the claims, reference will be made to a number of terms, which shall be defined to have the following meanings. The singular forms \u201ca\u201d, \u201can\u201d, and \u201cthe\u201d include plural references unless the context clearly dictates otherwise.",
            "\tUnless otherwise defined, all technical and scientific terms used herein have the same meaning as commonly understood by those skilled in the art to which this disclosure belongs. The system, methods, and examples provided herein are only illustrative and not intended to be limiting.",
            "The subject matter of example aspects, as disclosed herein, is described with specificity to meet statutory requirements. However, the description itself is not intended to limit the scope of this patent. Rather, the inventor/inventors have contemplated that the claimed subject matter might also be embodied in other ways, to include different features or combinations of features similar to the ones described in this document, in conjunction with other technologies.",
            "\tIn an embodiment of the present invention relates to a method paragmanajari to integrate structural aspects of pollen grains into textile design and digital illustrations, wherein the method comprises steps of:",
            "\tpollen samples are collected from a variety of locally available flowering plants, the selection criteria included plants known for their distinct and aesthetically pleasing pollen morphology, collection is performed during peak flowering seasons to ensure maximum pollen yield, pollen grains are carefully extracted using fine brushes and stored in sterile containers to prevent contamination;",
            "\tthe collected pollen samples underwent acetolysis to remove organic matter and enhance the visibility of exine patterns, pollen samples are fixed in a solution of glacial acetic acid for 24 hours, a mixture of 9 parts acetic anhydride to 1 part sulfuric acid is prepared and pollen samples are added to the acetolysis mix and heated in a water bath at 80\u00b0C for 3-5 minutes, the reaction is halted by adding distilled water, followed by multiple washings with distilled water to remove the acid, the acetolyzed pollen grains are mounted on slides with glycerin jelly for microscopic examination;",
            "\tacetolyzed pollen samples are examined under a light microscope to study their morphology and exine patterns, high-resolution images of the pollen grains are captured using a digital microscope camera and these images served as the primary reference for design development;",
            "\tthe high-resolution images of pollen grains are imported into IBIS Paint X, a digital painting and drawing application where a detailed tracing of pollen grain exine patterns is done to create digital illustrations, the traced patterns are enhanced and stylized using various tools available in IBIS Paint X to create visually appealing motifs, a color palette inspired by the natural colors of pollen and flowers is developed and applied to the motifs;",
            "\tthe digital illustrations created in IBIS Paint X are then imported into a CAD software for further refinement and integration into textile design templates, the pollen motifs are integrated into textile design templates for various products such as t-shirts, sarees, frocks, trousers, bedsheets, tablecloths, and curtains, the motifs are arranged into repeat patterns suitable for textile printing and weaving, virtual simulations of the final designs are created to visualize the patterns on different textile products.",
            "\tIn another embodiment relates to the method to integrate structural aspects of pollen grains into textile design and digital illustrations as claimed in claim 1 wherein, the technique is sustainable and new practice blending scientific precision with artistic creativity.",
            "\tThe scope of the invention is determined by the claims that follow. The invention is not limited to the described embodiments, versions or examples, which are included to enable a person having ordinary skill in the art to make and use the invention when combined with information and knowledge available to the person having ordinary skill in the art.",
            "\tEXAMPLES",
            "\tThe present invention is further explained in the form of following examples. However, it is to be understood that the following examples are merely illustrative and are not to be taken as limitations upon the scope of the invention.",
            "\tExample 1: Identification and Classification of Pollen types based on Morphological, Structural and Physical characteristics",
            "\tA comprehensive survey of locally available flowering plants was conducted to identify pollen types with desirable morphological features suitable for artistic expression. Pollen grains from various species were collected and classified based on their size, shape, and exine patterns. The key findings included:",
            "\tSize and Shape: Pollen grains ranged from small and spherical to larger and more complex shapes. The size and shape influenced the choice of motifs and their scalability for different textile products.",
            "\tExine Pattern Detail: High-resolution microscopy revealed detailed exine patterns that could be accurately reproduced in digital illustrations and textile designs.",
            "\tDiversity in Exine Patterns: Pollen grains exhibited a wide range of exine patterns, including reticulate, striate, and echinate structures.",
            "\tAesthetic Appeal: Certain pollen types, such as those from Hibiscus and Helianthus species, displayed particularly intricate and visually appealing exine patterns, making them ideal candidates for textile motifs.",
            "\tSuitability for Artistic Expression: Pollen grains with distinct and well-defined exine patterns were selected for further analysis and design development.",
            "\tExample 2: Materials and Methods",
            "\tCollection of Pollen Samples",
            "\tPollen samples were collected from a variety of locally available flowering plants. The selection criteria included plants known for their distinct and aesthetically pleasing pollen morphology. Collection was performed during peak flowering seasons to ensure maximum pollen yield. Pollen grains were carefully extracted using fine brushes and stored in sterile containers to prevent contamination.",
            "\tAcetolysis Procedure",
            "\tThe collected pollen samples underwent acetolysis to remove organic matter and enhance the visibility of exine patterns. The acetolysis procedure involved the following steps, pollen samples were fixed in a solution of glacial acetic acid for 24 hours. A mixture comprising of 9 parts acetic anhydride to 1 part sulfuric acid was prepared. Pollen samples were added to the acetolysis mix and heated in a water bath at 80\u00b0C for 3-5 minutes. The reaction was halted by adding distilled water, followed by multiple washings with distilled water to remove the acid. The acetolyzed pollen grains were mounted on slides with glycerin jelly for microscopic examination.",
            "\tMicroscopic Analysis and Image Capture",
            "\tAcetolyzed pollen samples were examined under a light microscope to study their morphology and exine patterns. High-resolution images of the pollen grains were captured using a digital microscope camera. These images served as the primary reference for design development.",
            "\tDigital Illustration with IBIS Paint X",
            "\tThe high-resolution images of pollen grains were imported into IBIS Paint X, a digital painting and drawing application. The following steps were performed:",
            "\tDetailed tracing of pollen grain exine patterns was done to create digital illustrations. The traced patterns were enhanced and stylized using various tools available in IBIS Paint X to create visually appealing motifs. A color palette inspired by the natural colors of pollen and flowers was developed and applied to the motifs.",
            "\tExample 3: Developing Innovative Methods for Integrating Paragamanjari Motifs into Textile Patterns",
            "\tSeveral innovative methods were developed to integrate Paragamanjari motifs into textile patterns. Using IBIS Paint X, detailed digital illustrations of pollen exine patterns were created, enhancing their visual appeal while preserving their natural intricacy. These digital motifs were then transferred into CAD software, where they were further refined and incorporated into repeat patterns suitable for textile applications. The integration process involved:",
            "\tPattern Repeat Design: Creating seamless repeat patterns to ensure the motifs could be effectively printed or woven into textiles.",
            "\tColor Scheme Development: Selecting color palettes that complemented the natural hues of pollen grains and suited various textile products.",
            "\tSimulation and Testing: Virtually simulating the designs on different textile products such as t-shirts, sarees, frocks, trousers, bedsheets, tablecloths, and curtains to assess their visual impact and practicality.",
            "\tFigures 1-9 is a collection of unique and aesthetically pleasing textile designs that showcased the potential of Paragamanjari motifs.",
            "\tThe foregoing examples are merely illustrative and are not to be taken as limitations upon the scope of the invention. Various changes and modifications to the disclosed embodiments will be apparent to those skilled in the art. Such changes and modifications may be made without departing from the scope of the invention.",
            "\t, Claims:We Claim,",
            "\t1.\tA method paragamanjari to integrate structural aspects of pollen grains into textile design and digital illustrations, wherein the method comprises steps of:",
            "\tpollen samples are collected from a variety of locally available flowering plants, the selection criteria included plants known for their distinct and aesthetically pleasing pollen morphology, collection is performed during peak flowering seasons to ensure maximum pollen yield, pollen grains are carefully extracted using fine brushes and stored in sterile containers to prevent contamination;",
            "\tthe collected pollen samples underwent acetolysis to remove organic matter and enhance the visibility of exine patterns, pollen samples are fixed in a solution of glacial acetic acid for 24 hours, a mixture of 9 parts acetic anhydride to 1 part sulfuric acid is prepared and pollen samples are added to the acetolysis mix and heated in a water bath at 80\u00b0C for 3-5 minutes, the reaction is halted by adding distilled water, followed by multiple washings with distilled water to remove the acid, the acetolyzed pollen grains are mounted on slides with glycerin jelly for microscopic examination;",
            "\tacetolyzed pollen samples are examined under a light microscope to study their morphology and exine patterns, high-resolution images of the pollen grains are captured using a digital microscope camera and these images served as the primary reference for design development;",
            "\tthe high-resolution images of pollen grains are imported into IBIS Paint X, a digital painting and drawing application where a detailed tracing of pollen grain exine patterns is done to create digital illustrations, the traced patterns are enhanced and stylized using various tools available in IBIS Paint X to create visually appealing motifs, a color palette inspired by the natural colors of pollen and flowers is developed and applied to the motifs;",
            "\tthe digital illustrations created in IBIS Paint X are then imported into a CAD software for further refinement and integration into textile design templates, the pollen motifs are integrated into textile design templates for various products such as t-shirts, sarees, frocks, trousers, bedsheets, tablecloths, and curtains, the motifs are arranged into repeat patterns suitable for textile printing and weaving, virtual simulations of the final designs are created to visualize the patterns on different textile products.",
            "\t2.\tThe method to integrate structural aspects of pollen grains into textile design and digital illustrations as claimed in claim 1 wherein, the technique is sustainable and new practice blending scientific precision with artistic creativity.",
            "\tDated this 9th day of September, 2024",
            "\tRadhika Vangala",
            "\t(IN/PA 4737)",
            "\tAgent for Applicant(s)"
        ],
        "Inventors": [
            {
                "Name": "Shivani Netha Chilukuri",
                "Address": "Palynology and Plant Systematics Laboratory, Department of Botany, University College of Science, Osmania University, Hyderabad, Telangana, 500007",
                "Country": "India",
                "Nationality": "India"
            },
            {
                "Name": "Dr. A. Vijaya Bhasker Reddy",
                "Address": "Palynology and Plant Systematics Laboratory, Department of Botany, University College of Science, Osmania University, Hyderabad, Telangana, 500007",
                "Country": "India",
                "Nationality": "India"
            }
        ],
        "Applicants": [
            {
                "Name": "Shivani Netha Chilukuri",
                "Address": "Palynology and Plant Systematics Laboratory, Department of Botany, University College of Science, Osmania University, Hyderabad, Telangana, 500007",
                "Country": "India",
                "Nationality": "India"
            },
            {
                "Name": "Dr. A. Vijaya Bhasker Reddy",
                "Address": "Palynology and Plant Systematics Laboratory, Department of Botany, University College of Science, Osmania University, Hyderabad, Telangana, 500007",
                "Country": "India",
                "Nationality": "India"
            }
        ]
    }
}