{
    "202411066948": {
        "Invention Title": "ENHANCING MEDICAL ADVICE AND TRIAGE WITH INTELLIGENT CHATBOTS",
        "Publication Number": "38/2024",
        "Publication Date": "20/09/2024",
        "Publication Type": "INA",
        "Application Number": "202411066948",
        "Application Filing Date": "04/09/2024",
        "Priority Number": "",
        "Priority Country": "",
        "Priority Date": "",
        "Field Of Invention": "BIO-MEDICAL ENGINEERING",
        "Classification (IPC)": "G16H0010600000, G16H0050200000, G16H0020100000, G16H0015000000, G16H0010200000",
        "Abstract": "The invention relates to an AI-powered health chatbot system comprising a personalized medical advice system (101), an intelligent triage mechanism (102), integration with electronic health records (EHR) (103), advanced natural language processing (NLP) system (104), data privacy and compliance system (105), and an automation module for routine inquiries and initial consultations (106). The personalized medical advice system analyzes patient inputs and medical history, while the intelligent triage mechanism evaluates symptom severity. EHR integration ensures real-time data access, and the NLP system enhances query interpretation. Data privacy measures protect patient information, and automation manages routine tasks. This interconnected system provides accurate medical advice, efficient triage, and improved healthcare delivery, ensuring continuity and security.",
        "Description": [
            "Description:Personalized Medical Advice System: The system examines a huge medical data and patient records using cutting-edge machine learning algorithms to deliver personalized medical recommendations. Patients get personalized recommendations that are customized to their individual health profiles by entering symptoms and pertinent medical information. To maintain the advice's currency and consistency with the available data, the system constantly learns from continuing patient contacts and fresh medical research. In addition to being correct, this tailored approach makes sure that patients receive information that is pertinent to their health setting, which improves health outcomes.",
            "\tIntelligent Triage Mechanism: Expanding on the personalized guidance system, the intelligent triage mechanism uses an advanced decision tree model to determine how urgent a patient's situation is. This process considers the patient's medical history, other contextual factors, and the stated symptoms, as well as their intensity. In doing so, it ascertains whether the patient can arrange a regular visit, manage their health with self-care, or need immediate medical assistance. Prioritizing patient safety and efficiency, the triage method lowers the number of needless hospital visits while guaranteeing that urgent cases get timely attention. This embodiment is essential for improving resource allocation within medical facilities and expediting the delivery of healthcare.",
            "\tIntegration with Electronic Health Records (EHR): One important factor that increases the chatbot's efficacy is its integration with EHR systems. The chatbot can provide more accurate and contextualized guidance by accessing real-time patient data, such as past diagnoses, treatments, and current drugs. Because the chatbot bases its recommendations on the patient's whole medical history, this seamless integration guarantees continuity of care. Additionally, modifications made during patient contacts are documented in the electronic health record (EHR), which keeps medical professionals informed and in sync with the chatbot's recommendations. A comprehensive understanding of the patient's health is supported by this networked system, which makes coordinated treatment and well-informed medical decisions easier.",
            "\tAdvanced Natural Language Processing (NLP): The chatbot's advanced natural language processing (NLP) skills enable it to accurately comprehend and reply to patient requests. Natural language inputs are parsed and interpreted by NLP algorithms, which then provide pertinent responses and ascertain the purpose of patient inquiries. Because of this interaction, which simulates human-like communication, the chatbot is easier to use and more approachable. The NLP system ensures successful communication regardless of the patient's language competence by handling common colloquialisms and medical terms. This embodiment greatly enhances the quality of medical advice given and the overall user experience by improving the chatbot's comprehension and response accuracy.",
            "\tData Privacy and Compliance: A crucial aspect of this invention is protecting patient privacy and adhering to healthcare standards. To safeguard patient data both during transmission and storage, the system makes use of strong encryption techniques. Patient anonymity is guaranteed through strict adherence to standards including the Health Insurance Portability and Accountability Act. Because users can be guaranteed that their sensitive health data is handled securely and responsibly, this embodiment fosters user trust. Patients can also control their preferences for data sharing with help of the system's consent and data access control tools.",
            "\tAutomated Routine Inquiries and Initial Consultations: Healthcare personnel have less work to do because the chatbot handles standard questions and initial consultations automatically. The chatbot is effective at handling tasks including making appointments, reminding patients to take their medications, and providing instructions for follow-up care. Healthcare professionals can concentrate on more complicated and urgent cases while this automation guarantees that patients receive consistent treatment and prompt responses. In order to deliver precise and consistent answers, the system is made to identify trends in patient queries. By improving the scalability of healthcare services, this embodiment enables medical practices to handle higher patient loads without sacrificing the standard of treatment.",
            "\tInterconnection and Functionality: These embodiments work together to create a unified system that provides excellent medical advice and triage services. Together, the intelligent triage mechanism (102) and personalized medical advice system (101) offer prioritized and customized healthcare advice. All recommendations and triage choices are made with context in mind and documented for care continuity by integration with the EHR (103). While data protection safeguards (105) safeguard patient information, promoting compliance and confidence, advanced NLP (104) enables smooth patient interactions. Lastly, the automation of standard queries (106) guarantees scalability and efficiency while freeing medical staff members from tedious duties.",
            "\tCollectively, these interdependent embodiments constitute an AI-driven health chatbot system that optimizes healthcare delivery while simultaneously improving patient care. The system is a major improvement over previous art since it can deliver fast, accurate, and individualized medical advice while maintaining data security and compliance. By providing a scalable and efficient solution for patient engagement and care management, this novel approach meets the essential requirements of contemporary healthcare systems.",
            "\tEXAMPLES:",
            "\tMethod of performing the invention:",
            "\tThe AI-powered health chatbot functions by seamlessly integrating all embodiments essential in providing thorough medical advice and triage services. A personalized medical advising system that uses advanced machine learning algorithms to assess patient input and medical history. A patient uses an intuitive UI to input their symptoms and pertinent medical data when interacting with the chatbot. The personalized medical advice system processes this data and uses a large medical database to generate recommendations that are specifically suited to the patient's condition.",
            "\tUsing a decision tree model, the triage mechanism (102) assesses the patient's symptom severity following the completion of the first study. The urgency of the situation is assessed using this approach by taking into consideration the patient's medical history, present symptoms, and contextual variables. After that, the chatbot gives the patient advice on what to do, such booking a follow-up appointment, getting emergency medical attention, or taking care of themselves.",
            "\tThe integration of Electronic Health Records (EHR) (103) makes sure that the chatbot's recommendations are contextualized with instant access to the patient's whole medical history. Because of this connectivity, the chatbot can extract pertinent information from the EHR and offer more precise and knowledgeable guidance. Moreover, the EHR receives any updated information or new data from the patient's chatbot engagement, guaranteeing care continuity and informing medical professionals.",
            "\tThe Natural Language Processing (NLP) system (104) improves the chatbot's comprehension and responsiveness to patient inquiries. Modern natural language processing (NLP) algorithms enable the chatbot to understand natural language inputs, facilitating more efficient and natural conversation with patients. This implementation guarantees that the chatbot can respond to a variety of patient queries, including ones that make use of common language or medical jargon.",
            "\tThe data privacy and compliance provisions (105) are essential for upholding healthcare laws and patient trust. The technology protects patient data throughout all exchanges by using strong encryption techniques and guaranteeing adherence to regulations like HIPAA. Patients can engage with the chatbot with confidence because they know their information is safe in this secure environment.",
            "\tFinally, automated routine inquiries and initial consultations (106) relieves the workload of medical practitioners by automating standard questions and first consultations. Medical staff may concentrate on more challenging situations as the chatbot takes care of routine duties like organizing appointments, reminding patients to take their medications, and providing follow-up care. Delivering healthcare is made more efficient by this automation, which guarantees that patients receive responses in a timely and uniform manner.",
            "\tThe interconnection of these embodiments creates a robust and efficient system. The personalized advice system and intelligent triage mechanism provide tailored and prioritized care, while EHR integration ensures continuity and accuracy. Advanced NLP facilitates seamless communication, and data privacy measures build trust and compliance. Automation of routine tasks enhances scalability and efficiency, making the AI-powered health chatbot a comprehensive solution for modern healthcare challenges.",
            "\t, Claims:1. An AI-powered health chatbot system comprising:",
            "\ta) a personalized medical advice system utilizing machine learning algorithms (101);",
            "\tb) an intelligent triage mechanism employing a decision tree model(102);",
            "\tc) an integration module interfacing with electronic health records (EHR) (103);",
            "\td) a natural language processing (NLP) system(104);",
            "\te) a data privacy and compliance system(105); and",
            "\tf) an automation module for routine inquiries and initial consultations(105);",
            "\twherein components (a) through (f) are interconnected to provide prioritized medical recommendations based on patient inputs, medical history, and real-time EHR data.",
            "\t2. The system as claimed in claim 1, wherein the personalized medical advice system continuously updates its knowledge base with new medical research and includes a patient feedback mechanism to improve recommendation accuracy.",
            "\t3. The system as claimed in claim 1, wherein the intelligent triage mechanism includes a feedback loop for refining the decision tree model based on patient outcomes and integrates with emergency response systems for critical cases.",
            "\t4. The system as claimed in claim 1, wherein the integration module supports interoperability with multiple EHR systems and includes a secure API for third-party application integration.",
            "\t5. The system as claimed in claim 1, wherein the NLP system is trained on datasets including both medical terminology and colloquial language, and supports multilingual capabilities.",
            "\t6. The system as claimed in claim 1, wherein the data privacy and compliance system includes patient consent management features and conducts periodic security audits to ensure regulatory compliance.",
            "\t7. The system as claimed in claim 1, wherein the automation module provides customizable templates for different types of routine inquiries and includes a machine learning model for predicting patient follow-up needs based on interaction history.",
            "\t8. A method for providing AI-powered medical advice and triage services, comprising:",
            "\ta) receiving patient inputs and medical history through a user interface;",
            "\tb) analyzing the inputs using machine learning algorithms to generate tailored medical recommendations;",
            "\tc) evaluating the severity of the patient's condition using a decision tree model;",
            "\td) accessing and updating patient data in real-time through integration with electronic health records (EHR);",
            "\te) interpreting and responding to patient queries using natural language processing;",
            "\tf) protecting patient data with encryption and regulatory adherence; and",
            "\tg) automating routine inquiries and initial consultations;",
            "\twherein steps (a) through (g) are performed in a coordinated manner to provide prioritized and personalized healthcare services.",
            "\t9. The method as claimed in claim 8, further comprising:",
            "\ta) continuously updating a medical knowledge base with new research;",
            "\tb) refining the decision tree model based on patient outcomes;",
            "\tc) integrating with emergency response systems for critical cases; and",
            "\td) predicting patient follow-up needs based on interaction history using machine learning.",
            "\t10. A non-transitory computer-readable medium storing instructions that, when executed by a processor, cause the processor to perform the method as claimed in claim 8, wherein the instructions further comprise modules for implementing the personalized medical advice system, intelligent triage mechanism, EHR integration module, NLP system, data privacy and compliance system, and automation module of the AI-powered health chatbot system."
        ],
        "Inventors": [
            {
                "Name": "Dr Himanshu Tripathi",
                "Address": "Department of Allied Health Science\r\nDr BS Tomar City, National Highway, Jaipur- Delhi, Rajasthan 303121",
                "Country": "India",
                "Nationality": "India"
            },
            {
                "Name": "Dr. Namita",
                "Address": "Department of Allied\r\nHealth Science\r\nDr BS Tomar City,\r\nNational Highway,\r\nJaipur- Delhi, Rajasthan\r\n303121",
                "Country": "India",
                "Nationality": "India"
            }
        ],
        "Applicants": [
            {
                "Name": "NIMS University",
                "Address": "NIMS University;\r\nDr BS Tomar City, National Highway, Jaipur- Delhi, Rajasthan 303121",
                "Country": "India",
                "Nationality": "India"
            }
        ]
    }
}