{
    "202441067778": {
        "Invention Title": "ELS+ TOOL: REVOLUTIONIZING DATA GEN AI ANALYTICS WITH EXCEL AND CLOUD INTEGRATION AND\u00a0METHOD\u00a0THEREOF",
        "Publication Number": "37/2024",
        "Publication Date": "13/09/2024",
        "Publication Type": "INA",
        "Application Number": "202441067778",
        "Application Filing Date": "08/09/2024",
        "Priority Number": "",
        "Priority Country": "",
        "Priority Date": "",
        "Field Of Invention": "COMPUTER SCIENCE",
        "Classification (IPC)": "G06N0020000000, G06Q0010100000, G16H0010600000, G16H0040200000, G06F0016250000",
        "Abstract": "The present invention discloses a system and method for cloud-based data warehousing integration and AI-enhanced data analysis. The system includes a cloud-based data warehousing module for storing and managing data from various sources, an integration engine for synchronizing data between the warehousing module and external sources, and an AI analysis module for performing advanced data analysis using machine learning techniques. A user interface module offers tools for querying, visualization, and reporting, while a security module ensures data protection through encryption, access controls, and authentication. The method involves storing and integrating data, performing AI-driven analysis, enabling user interaction, and implementing robust security measures. This integrated approach enhances data management, analysis, and security, providing comprehensive insights and facilitating informed decision-making.\r\nAccompanied Drawing [Figure 1]",
        "Description": [
            "Description:[001] ELS+ is an IT technology innovative Excel Add-In and cloud ELS+ is a multi-cloud data integrated tool designed, architected, representing a new generation of data streaming to analytics with Generative AI features. It seamlessly integrates Excel with cloud-based data warehousing solutions, enhancing the capabilities of Excel by automatically converting Excel formulas into Python code. This enables optimized interactions with leading cloud data platforms like Snowflake, GCP BigQuery, Databricks and Azure Synapse to build ELT, streaming data, financial planning, budgeting with version control, and consolidation of financial reporting. The tool streamlines data ingestion, transformation, and analysis, making complex data operations accessible to business users without extensive coding skills. ELS+ leverages advanced AI functionalities, including generative AI and predictive analytics, to provide deep insights and forecasting.",
            "BACKGROUND OF THE INVENTION",
            "\t[001] In today's data-driven world, organizations across various industries generate and handle vast amounts of data from multiple sources. The ability to effectively manage, analyze, and derive actionable insights from this data is crucial for informed decision-making and maintaining a competitive edge. Traditional data management tools often fall short in addressing the complex challenges associated with data integration, real-time processing, and advanced analytics. The present invention, \u201cA System for Cloud-Based Data Warehousing Integration and AI-Enhanced Data Analysis,\u201d aims to address these challenges by providing an innovative and comprehensive solution that combines the strengths of cloud computing, AI, and user-friendly interfaces.",
            "\t[001] Businesses often face significant challenges in integrating data from disparate sources such as databases, cloud storage platforms, and APIs. This fragmentation leads to inefficient data management, where critical insights are locked away in silos, resulting in delayed decision-making and lost opportunities. Traditional Extract, Transform, Load (ETL) processes, though effective, can be cumbersome, time-consuming, and prone to errors when scaling to handle large volumes of data. The growing complexity of data ecosystems demands tools that can streamline data integration and ensure that users have seamless access to the most up-to-date information.",
            "\t[001] Moreover, the extraction and streaming of data from multiple platforms can be technically challenging. Existing solutions often require extensive customization and technical expertise, making them inaccessible to users who are not data specialists. This complexity limits the ability of organizations to leverage their data fully and hinders the speed and efficiency of their operations.",
            "\t[001] Another major challenge is the analysis of data. Traditional methods of data analysis, primarily reliant on manual processes or limited automated tools, can be slow and lack the depth required for accurate, timely decision-making. As businesses scale, the need for scalable, robust solutions that can handle increasing data volumes and complexity becomes critical. There is also a growing demand for predictive analytics and AI-driven insights to forecast trends, optimize operations, and develop strategic plans.",
            "\t[001] Current technologies addressing data management and analytics include cloud data warehousing solutions like Google Cloud Platform's BigQuery, Snowflake, and Microsoft Azure Synapse, as well as data visualization tools like Tableau and Power BI. While these tools offer significant capabilities, they often operate in isolation, requiring users to switch between platforms, thus interrupting workflows and leading to inefficiencies.",
            "\t[001] For example, traditional ETL tools excel in data extraction and transformation but lack seamless integration with everyday tools like Microsoft Excel, which remains a staple for business users. These ETL tools typically do not support the automatic conversion of Excel formulas into programming languages like Python, which can enhance computational efficiency and expand analytical capabilities. Additionally, these tools often do not incorporate generative AI functionalities, which are becoming increasingly important for deriving insights from complex data sets.",
            "\t[001] Another shortcoming of existing tools is their limited ability to facilitate real-time data streaming and integration with cloud-based data warehouses. While platforms like Snowflake and BigQuery provide robust data storage and querying capabilities, they do not inherently offer the ease of use or integration with familiar interfaces that business users require. Moreover, these platforms typically do not focus on automating the data cleansing process or ensuring the high quality of data before analysis, which is a critical step to obtain reliable insights.",
            "\t[007] Therefore, to overcome the shortcoming of the prior arts, there is a dire need to develop an Excel Add-In specifically designed to address these shortcomings by providing a seamless, robust, and user-friendly interface for cloud-based data warehousing integration and AI-enhanced data analysis. ELS+ extends the functionality of Excel, a widely-used tool among business professionals, to enable advanced data operations without requiring users to switch platforms or acquire new technical skills.",
            "\tSUMMARY OF THE PRESENT INVENTION",
            "\t[007] The present invention relates to a system for cloud-based data warehousing integration and artificial intelligence-enhanced data analysis and method thereof. Specifically, it concerns an Excel add-in, designated as ELS+, designed to integrate seamlessly with cloud-based data warehousing solutions, such as Snowflake, Google Cloud Platform BigQuery, Databricks, and Azure Synapse. The invention provides a robust suite of features that extend beyond basic Excel functionality, enabling the conversion of Excel formulas into Python code for optimized interactions with cloud data warehouses. It automates data streaming and loading processes, incorporates advanced generative AI capabilities for enhanced analytics, and simplifies complex data operations. The invention addresses various challenges in data integration, complex data extraction and streaming, inefficient data analysis and decision-making, predictive analytics, data storage and management, scalability, data quality, and cleansing, as well as time-consuming manual processes. The invention's core components include Excel add-in integration, data conversion and processing modules, cloud-based data warehousing integration, real-time data extraction and streaming modules, generative AI and predictive analytics features, a transformation engine for complex data operations, and writeback capabilities for updating databases directly from Excel.",
            "\t[007] The invention leverages cutting-edge technologies, including C#, Python, Java, and VBA, to convert Excel formulas into Python code, enabling more efficient data processing and analysis. By integrating with various cloud-based data warehousing solutions, the invention ensures that data is always up-to-date and readily accessible for analysis, regardless of the storage platform. The invention's real-time data extraction and streaming capabilities ensure that businesses have access to the most current data for their analytics and decision-making processes. By incorporating generative AI capabilities, the invention enables users to generate insights and predictions based on historical data, forecast future trends, and make informed decisions. The transformation engine within the invention allows for complex data transformations, including cleansing, merging, and aggregating data from various sources, ensuring that the data used for analysis is accurate and relevant. The invention also includes a writeback module that enables users to update databases with new or modified data directly from Excel, streamlining data management workflows and ensuring data consistency across platforms.",
            "\t[007] The invention offers a comprehensive solution for businesses looking to enhance their data management, analytics, and decision-making capabilities. It addresses the limitations of traditional data management and analytics tools by offering seamless integration with Excel, cloud-based data warehousing, real-time data access, and advanced AI capabilities. The invention provides a unique and comprehensive solution that simplifies workflows, improves accuracy, and speeds up data-driven decision-making. By automating data handling processes and leveraging the power of cloud-based data warehousing and AI, the invention significantly enhances the efficiency and effectiveness of data-driven decision-making for businesses across various industries, including financial services, retail, healthcare, manufacturing, telecommunications, logistics, government, energy, education, and marketing.",
            "[015] In this respect, before explaining at least one object of the invention in detail, it is to be understood that the invention is not limited in its application to the details of set of rules and to the arrangements of the various models set forth in the following description or illustrated in the drawings. The invention is capable of other objects and of being practiced and carried out in various ways, according to the need of that industry. Also, it is to be understood that the phraseology and terminology employed herein are for the purpose of description and should not be regarded as limiting.",
            "\t[016] These together with other objects of the invention, along with the various features of novelty which characterize the invention, are pointed out with particularity in the disclosure. For a better understanding of the invention, its operating advantages and the specific objects attained by its uses, reference should be made to the accompanying drawings and descriptive matter in which there are illustrated preferred embodiments of the invention.",
            "BRIEF DESCRIPTION OF THE DRAWINGS",
            "[017] When considering the following thorough explanation of the present invention, it will be easier to understand it and other objects than those mentioned above will become evident. Such description refers to the illustrations in the annex, wherein:",
            "\tFigure 1 illustrates working flowchart of the proposed system and method thereof, in accordance with an embodiment of the present invention.",
            "DETAILED DESCRIPTION OF THE INVENTION",
            "[018] The following sections of this article will provide various embodiments of the current invention with references to the accompanying drawings, whereby the reference numbers utilised in the picture correspond to like elements throughout the description. However, this invention is not limited to the embodiment described here and may be embodied in several other ways. Instead, the embodiment is included to ensure that this disclosure is extensive and complete and that individuals of ordinary skill in the art are properly informed of the extent of the invention.",
            "\t[019] Numerical values and ranges are given for many parts of the implementations discussed in the following thorough discussion. These numbers and ranges are merely to be used as examples and are not meant to restrict the claims' applicability. A variety of materials are also recognised as fitting for certain aspects of the implementations. These materials should only be used as examples and are not meant to restrict the application of the innovation.",
            "\t[036] Referring to Figure 1, the present invention relates to a system for cloud-based data warehousing integration and AI-enhanced data analysis and method thereof, specifically a tool designed to enhance the capabilities of Microsoft Excel by integrating it with various cloud-based data warehousing solutions and incorporating advanced artificial intelligence functionalities. This system, referred to as \"ELS+\", is engineered to address several critical challenges faced by businesses in data management and analysis.",
            "\tELS+ operates as an Excel Add-In that extends the functionalities of Excel beyond its traditional spreadsheet capabilities. It seamlessly integrates with prominent cloud-based data warehousing platforms such as Snowflake, Google Cloud Platform BigQuery, Databricks, and Azure Synapse. This integration facilitates the conversion of Excel formulas into Python code, thereby optimizing interactions with cloud data warehouses and enhancing data processing efficiency.",
            "\t[036] A core aspect of the ELS+ system is its ability to automate data streaming and loading processes. Traditionally, data integration across various platforms poses significant challenges, including fragmented data management and inefficiencies. ELS+ addresses these issues by providing seamless integration with a wide range of data sources, ensuring immediate and unified access to up-to-date data. This eliminates the inefficiencies associated with manual data integration and enhances the overall data management experience.",
            "\t[036] The tool also simplifies the complex processes of data extraction and streaming. Extracting and streaming data from multiple platforms can be both technically challenging and time-consuming. ELS+ simplifies these tasks, enabling users to handle large volumes of data effortlessly and in real-time. This capability significantly reduces the technical burden and accelerates data availability for analysis.",
            "\t[036] In terms of data analysis and decision-making, ELS+ enhances traditional methods by converting Excel formulas into Python code. This transformation leverages the computational power and versatility of Python, thereby improving the speed and accuracy of data analysis. Additionally, ELS+ incorporates advanced generative AI capabilities that enable predictive analytics, allowing businesses to forecast future trends and optimize operations based on data-driven insights.",
            "\t[036] Managing data across different cloud environments can be complex and resource-intensive. ELS+ provides robust solutions for data storage and management within cloud data warehouses. This ensures efficient data management and retrieval, addressing scalability issues that arise as businesses grow and their data needs evolve. The tool is designed to scale with increasing data volumes and complexity, offering a flexible and robust platform for evolving data requirements.",
            "\t[036] Data quality and cleansing are critical for accurate insights and effective decision-making. ELS+ includes features for data cleansing and quality management, ensuring that the data utilized for analysis is both accurate and reliable. This reduces the likelihood of errors and enhances the overall quality of insights derived from the data.",
            "\t[036] Another significant feature of ELS+ is its automation of time-consuming manual processes. Manual data handling and analysis are prone to errors and inefficiencies. ELS+ automates many of these processes, which not only reduces the risk of errors but also saves valuable time for users. This automation streamlines workflows and enhances overall productivity.",
            "\t[036] The system's technical architecture comprises several key components and technologies. The Excel Add-In component integrates ELS+ within the familiar Excel interface, providing users with advanced data management features while maintaining ease of use. The data conversion and processing component, utilizing languages such as C#, Python, Java, and VBA, facilitates the conversion of Excel formulas into Python code, enhancing data processing capabilities.",
            "\t[036] ELS+ connects to cloud-based data warehousing solutions, enabling efficient storage, retrieval, and analysis of large datasets. The data extraction and streaming module ensures real-time data flow, providing current information for analysis. Generative AI and predictive analytics are powered by advanced machine learning algorithms, enabling insightful predictions and data-driven decision-making.",
            "\t[036] The transformation engine within ELS+ handles complex data transformations, including cleansing, merging, and aggregating data from various sources. The writeback capabilities allow users to update databases directly from Excel, ensuring data consistency across platforms. Security features, including encryption and backup systems, protect data integrity and ensure business continuity.",
            "\t[036] In conclusion, the ELS+ tool represents a comprehensive solution for cloud-based data warehousing integration and AI-enhanced data analysis. By integrating Excel with cloud data platforms and incorporating advanced features such as automatic formula conversion, real-time data access, and generative AI, ELS+ addresses the critical challenges of data management and analysis. Its innovative capabilities make it a unique and valuable tool for a wide range of applications across various industries.",
            "[036] It is to be understood that the above description is intended to be illustrative, and not restrictive. For example, the above-discussed embodiments may be used in combination with each other. Many other embodiments will be apparent to those of skill in the art upon reviewing the above description.",
            "\t[037] The benefits and advantages which may be provided by the present invention have been described above with regard to specific embodiments. These benefits and advantages, and any elements or limitations that may cause them to occur or to become more pronounced are not to be construed as critical, required, or essential features of any or all of the embodiments.",
            "\t, Claims:1.\tA system for cloud-based data warehousing integration and AI-enhanced data analysis, comprising:",
            "\ta)\ta cloud-based data warehousing module configured to store and manage data from multiple disparate sources;",
            "\tb)\tan integration engine designed to facilitate data integration and synchronization between the cloud-based data warehousing module and external data sources;",
            "\tc)\tan artificial intelligence (AI) analysis module configured to perform data analysis, including pattern recognition, predictive analytics, and anomaly detection, using machine learning algorithms;",
            "\td)\ta user interface module enabling user interaction with the data warehousing module and AI analysis module, including features for querying, visualization, and reporting; and",
            "\te)\ta security module implementing measures for data protection, including encryption, access controls, and authentication mechanisms.",
            "\t2.\tA method for cloud-based data warehousing integration and AI-enhanced data analysis, comprising the steps of:",
            "\ta)\tstoring and managing data from multiple sources in a cloud-based data warehousing module;",
            "\tb)\tintegrating and synchronizing data between the cloud-based data warehousing module and external data sources using an integration engine;",
            "\tc)\tperforming data analysis on the stored data using an artificial intelligence (AI) analysis module, wherein the analysis includes pattern recognition, predictive analytics, and anomaly detection;",
            "\td)\tproviding user interaction with the data warehousing and AI analysis modules through a user interface module, including querying, visualization, and reporting functionalities;",
            "\te)\timplementing security measures to protect the data through encryption, access controls, and authentication mechanisms.",
            "\t3.\tThe system as claimed in claim 1, wherein the cloud-based data warehousing module employs a distributed database architecture for enhanced scalability and fault tolerance.",
            "\t4.\tThe system as claimed in claim 1, wherein the integration engine supports data integration from various types of external data sources, including relational databases, NoSQL databases, and web APIs.",
            "\t5.\tThe system as claimed in claim 1, wherein the AI analysis module utilizes deep learning techniques for advanced data analysis and pattern recognition.",
            "\t6.\tThe system as claimed in claim 1, wherein the user interface module provides customizable dashboards and visualization tools for comprehensive data analysis and reporting.",
            "\t7.\tThe system as claimed in claim 1, wherein the security module includes multi-factor authentication and role-based access controls to ensure data privacy and security.",
            "\t8.\tThe system as claimed in claim 1, wherein the AI analysis module incorporates real-time data processing capabilities to provide immediate insights and decision-making support."
        ],
        "Inventors": [
            {
                "Name": "Prashanth Kumar Mally",
                "Address": "Flat G-2, Vani Kutir Apt., H.No:6-1-141, ST-9, Padmarao Nagar, Secunderabad, Telangana, India - 500025",
                "Country": "India",
                "Nationality": "India"
            }
        ],
        "Applicants": [
            {
                "Name": "Prashanth Kumar Mally",
                "Address": "Flat G-2, Vani Kutir Apt., H.No:6-1-141, ST-9, Padmarao Nagar, Secunderabad, Telangana, India - 500025",
                "Country": "India",
                "Nationality": "India"
            }
        ]
    }
}