{
    "202441067796": {
        "Invention Title": "NEXT-GENERATION BLOCKCHAIN-DRIVEN DECENTRALIZED IDENTITY MANAGEMENT ECOSYSTEM WITH ENHANCED CYBERSECURITY PROTOCOLS",
        "Publication Number": "37/2024",
        "Publication Date": "13/09/2024",
        "Publication Type": "INA",
        "Application Number": "202441067796",
        "Application Filing Date": "08/09/2024",
        "Priority Number": "",
        "Priority Country": "",
        "Priority Date": "",
        "Field Of Invention": "COMPUTER SCIENCE",
        "Classification (IPC)": "G06F21/60, H04L9/08, H04L9/32",
        "Abstract": "NEXT-GENERATION BLOCKCHAIN-DRIVEN DECENTRALIZED IDENTITY MANAGEMENT ECOSYSTEM WITH ENHANCED CYBERSECURITY PROTOCOLS\r\n\r\nABSTRACT\r\nThe present invention relates to a blockchain-driven decentralized identity management ecosystem 100 designed for enhanced cybersecurity and efficient identity management. The ecosystem 100 includes a blockchain network 102 that maintains a distributed ledger of identity records using consensus mechanisms to ensure data integrity and immutability. A decentralized identity repository 104 securely stores identity credentials and metadata with advanced cryptographic techniques. An identity verification module 106 validates identity claims through smart contracts on the blockchain network by cross-referencing credentials. The ecosystem features an enhanced cybersecurity protocol suite 108, which includes multi-factor authentication mechanisms, advanced encryption algorithms, and real-time anomaly detection algorithms. A user interface module 110 provides users with tools for managing identity credentials, while a governance framework 112 oversees access permissions, policy enforcement, and regulatory compliance.\r\n\r\nFIG. 1",
        "Description": [
            "Description:NEXT-GENERATION BLOCKCHAIN-DRIVEN DECENTRALIZED IDENTITY MANAGEMENT ECOSYSTEM WITH ENHANCED CYBERSECURITY PROTOCOLS",
            "FIELD OF THE INVENTION",
            "\t[001]\tVarious embodiments of the present invention generally relate to identity management ecosystem. More particularly, the invention relates to a blockchain-driven decentralized identity management ecosystem with enhanced cybersecurity protocols.",
            "BACKGROUND OF THE INVENTION",
            "\t[002]\tIn the digital age, managing and securing identities has become increasingly critical. Traditional identity management systems often rely on centralized databases, which are susceptible to various risks including data breaches, unauthorized access, and system failures. These centralized systems also pose significant challenges in terms of privacy, as users' sensitive information is controlled and stored by a single entity.",
            "\t[003]\tBlockchain technology, with its decentralized and immutable nature, offers a promising alternative to traditional identity management systems. By distributing data across a network of nodes and employing cryptographic security measures, blockchain provides a more secure and transparent method of managing digital identities. Despite these advantages, the integration of blockchain technology into identity management still faces several challenges.",
            "\t[004]\tIssues in the Art and Solutions Provided by the Invention",
            "\t1. Centralized Data Vulnerabilities:",
            "\t[005]\tTraditional identity management systems often depend on a central authority to store and manage identity records. This centralization creates a single point of failure, making the system vulnerable to data breaches and unauthorized access. The invention addresses this issue by utilizing a blockchain-driven decentralized approach, where identity records are distributed across a network of nodes. This decentralization reduces the risk of data loss or corruption and enhances overall system resilience.",
            "\t2. Lack of Data Integrity and Immutability:",
            "\t[006]\tCentralized systems can be manipulated or altered by unauthorized parties, leading to potential fraud or data tampering. The invention solves this problem by leveraging blockchain's immutable ledger, where each identity record is associated with a cryptographic hash and maintained through consensus mechanisms. This ensures that identity records are secure, accurate, and tamper-proof.",
            "\t3. Inefficient and Manual Verification Processes:",
            "\t[007]\tTraditional identity verification processes often involve manual checks and can be prone to errors or delays. The invention integrates smart contracts into the blockchain network, automating the verification process. Smart contracts cross-reference provided credentials with stored records in real-time, ensuring accurate and efficient identity validation.",
            "\t4. Insufficient Cybersecurity Measures:",
            "\t[008]\tMany existing systems lack comprehensive cybersecurity measures to protect against evolving threats. The invention incorporates an enhanced cybersecurity protocol suite that includes multi-factor authentication, advanced encryption algorithms, and real-time anomaly detection algorithms. These features provide robust protection against unauthorized access, data breaches, and suspicious activities.",
            "\t5. Poor User Experience and Interface Design:",
            "\t[009]\tTraditional systems may offer cumbersome interfaces for managing identity credentials, leading to a suboptimal user experience. The invention addresses this by providing a user-friendly interface module that simplifies the management of identity credentials and system access. This ensures that users can interact with the system efficiently while maintaining high security standards.",
            "\t6. Regulatory Compliance Challenges:",
            "\t[010]\tEnsuring compliance with regulatory standards can be complex and challenging in traditional systems. The invention includes a governance framework that manages access control, enforces policies, and ensures adherence to regulatory requirements. This framework provides a structured approach to maintaining compliance and upholding system integrity.",
            "\t[011]\tBy addressing these issues, the invention offers a comprehensive and advanced solution for managing decentralized identities, combining the benefits of blockchain technology with robust security measures and user-friendly design.",
            "SUMMARY OF THE INVENTION",
            "\t[012]\tThe invention is a blockchain-driven decentralized identity management ecosystem designed to enhance security, privacy, and efficiency in managing digital identities. This ecosystem utilizes a distributed blockchain ledger to store and secure identity records, ensuring that they are immutable and protected against tampering. Each identity record is associated with a cryptographic hash and maintained through consensus mechanisms, reinforcing data integrity.",
            "\t[013]\tThe system issues decentralized identity credentials that are cryptographically secured and linked to the blockchain ledger, ensuring the authenticity and protection of user identities. Verification of these identities is performed through smart contracts, which cross-reference provided credentials with blockchain-stored records, ensuring accurate and tamper-proof validation.",
            "\t[014]\tTo bolster cybersecurity, the ecosystem includes multi-factor authentication mechanisms, advanced encryption algorithms for data protection, and anomaly detection algorithms that monitor and respond to suspicious activities in real time. A user-friendly interface allows for secure management of identity credentials and system access, while the governance framework ensures adherence to regulatory standards and internal policies.",
            "\t[015]\tOne or more advantages of the prior art are overcome, and additional advantages are provided through the invention. Additional features are realized through the technique of the invention. Other embodiments and aspects of the disclosure are described in detail herein and are considered a part of the invention.",
            "BRIEF DESCRIPTION OF THE FIGURES",
            "[016]\tThe accompanying figures where like reference numerals refer to identical or functionally similar elements throughout the separate views and which together with the detailed description below are incorporated in and form part of the specification, serve to further illustrate various embodiments and to explain various principles and advantages all in accordance with the invention.",
            "\t[017]\tFIG. 1 is a diagram that illustrates a blockchain-driven decentralized identity management ecosystem, in accordance with an embodiment of the present invention.",
            "\t[018]\tFIG. 2 is a diagram that illustrates a flow diagram with a method for managing decentralized identities within a blockchain-driven ecosystem, in accordance with an embodiment of the present invention.",
            "\t[019]\tSkilled artisans will appreciate the elements in the figures are illustrated for simplicity and clarity and have not necessarily been drawn to scale. For example, the dimensions of some of the elements in the figures may be exaggerated relative to other elements to help to improve understanding of embodiments of the present invention.",
            "DETAILED DESCRIPTION OF THE INVENTION",
            "\t[020]\tWhile various embodiments of the invention have been shown and described herein, it will be obvious to those skilled in the art that such embodiments are provided by way of example only. Numerous variations, changes, and substitutions may occur to those skilled in the art without departing from the invention. It should be understood that various alternatives to the embodiments of the invention described herein may be employed. It shall be understood that different aspects of the invention can be appreciated individually, collectively, or in combination with each other.",
            "\t[021]\tFIG. 1 is a diagram that illustrates a blockchain-driven decentralized identity management ecosystem 100, in accordance with an embodiment of the present invention. Referring to FIG. 1, the ecosystem 100 comprises, a blockchain network 102, a decentralized identity repository 104, an identity verification module 106, a cybersecurity protocol suite 108, a user interface 110, and a governance framework 112.",
            "\t[022]\tThe blockchain-driven decentralized identity management ecosystem 100 is an advanced system designed to enhance the security and efficiency of managing digital identities. At its core, the ecosystem 100 employs a blockchain network 102, which maintains a distributed ledger of identity records. This blockchain network 102 utilizes consensus mechanisms to ensure that all identity records are immutable and protected against tampering, providing a robust foundation for trust and transparency within the system.",
            "\t[023]\tThe decentralized identity repository 104 is an integral component of this ecosystem, responsible for securely storing identity credentials and associated metadata. This repository leverages advanced cryptographic techniques to protect credentials from unauthorized access, ensuring that sensitive information remains confidential and secure.",
            "\t[024]\tTo verify identity claims, the ecosystem 100 incorporates an identity verification module 106. This module cross-references provided credentials with those stored in the decentralized identity repository 104 using smart contracts executed on the blockchain network 102. This approach ensures that identity verification is both accurate and tamper-proof, relying on the blockchain's inherent security features.",
            "\t[025]\tTo verify identity claims, the blockchain-driven decentralized identity management ecosystem 100 integrates a sophisticated identity verification module 106. This module plays a crucial role in the validation process by ensuring that the credentials presented by users are genuine and align with the records held within the system. When a user presents their identity credentials for verification, the module begins by retrieving the relevant data from the decentralized identity repository 104. This repository contains comprehensive records of identity credentials and metadata, securely stored and protected using advanced cryptographic techniques.",
            "\t[026]\tThe verification process involves cross-referencing the presented credentials with the corresponding entries in the repository. This comparison is facilitated through the use of smart contracts executed on the blockchain network 102. Smart contracts are self-executing agreements with predefined rules encoded directly into the blockchain. They automatically execute, control, or document legally relevant events and actions according to the terms of the contract. In this case, smart contracts ensure that the verification process adheres to the specified criteria and is carried out consistently.",
            "\t[027]\tBy leveraging the blockchain network 102, the identity verification module 106 benefits from the network's inherent security features. The blockchain's distributed ledger technology ensures that once identity records are entered into the system, they are immutable and protected from tampering. The consensus mechanisms employed by the blockchain network 102 further validate the accuracy and integrity of these records, making it exceedingly difficult for any unauthorized modifications to occur.",
            "\t[028]\tThe enhanced cybersecurity protocol suite 108 further strengthens the ecosystem's defenses. It includes multi-factor authentication mechanisms to verify user identities during access requests, adding an additional layer of security. Advanced encryption algorithms are employed to secure data both in transit and at rest, protecting against unauthorized access and data breaches. Additionally, anomaly detection algorithms are integrated into the blockchain network 102 to monitor for and respond to suspicious activities or potential breaches in real-time, ensuring that any unusual behavior is promptly addressed.",
            "\t[029]\tThe enhanced cybersecurity protocol suite 108 is a critical component designed to significantly bolster the security and resilience of the blockchain-driven decentralized identity management ecosystem 100. This suite incorporates multiple advanced security measures to protect against a range of cyber threats and vulnerabilities.",
            "\t[030]\tOne key feature of the cybersecurity protocol suite 108 is its implementation of multi-factor authentication (MFA) mechanisms. MFA adds an extra layer of security by requiring users to provide two or more verification factors during access requests. This typically involves something the user knows (such as a password), something the user has (such as a mobile device or security token), and/or something the user is (such as biometric data). By requiring multiple forms of verification, MFA substantially reduces the likelihood of unauthorized access, even if a user\u2019s primary credentials are compromised.",
            "\t[031]\tIn addition to MFA, the protocol suite employs advanced encryption algorithms to safeguard data throughout its lifecycle. Encryption algorithms are used to encode data, rendering it unreadable to anyone who does not possess the appropriate decryption key. These algorithms protect data both in transit\u2014when it is being transmitted over networks\u2014and at rest\u2014when it is stored on servers or other storage devices. This dual-layer encryption ensures that sensitive information remains secure against interception, unauthorized access, and data breaches, maintaining the confidentiality and integrity of user data.",
            "\t[032]\tThe suite also integrates sophisticated anomaly detection algorithms into the blockchain network 102. These algorithms are designed to continuously monitor network activities for signs of suspicious behavior or potential security threats. By analyzing patterns and behaviors, the system can identify deviations from normal activity that may indicate a security breach or malicious attack. The anomaly detection algorithms operate in real-time, allowing the ecosystem to promptly address and mitigate any identified threats. This proactive approach ensures that potential issues are detected and resolved before they can cause significant damage, thereby maintaining the overall security and stability of the identity management system.",
            "\t[033]\tThe user interface module 110 provides a user-friendly platform for managing identities within the ecosystem. It allows users to easily issue, revoke, and update credentials, focusing on simplicity and robust security measures to enhance the user experience.",
            "\t[034]\tThe governance framework 112 oversees the management of access permissions, policy enforcement, and regulatory compliance within the ecosystem. This framework ensures that all activities are conducted in accordance with established policies and legal requirements, maintaining the integrity and trustworthiness of the identity management system.",
            "\t[035]\tThe governance framework 112 within the blockchain-driven decentralized identity management ecosystem 100 is a pivotal element that ensures the system operates with integrity and adheres to regulatory and policy standards. This framework is designed to manage and oversee several critical aspects of the ecosystem's functionality, focusing on access permissions, policy enforcement, and regulatory compliance.",
            "\t[036]\tThe governance framework 112 is responsible for defining and managing access permissions within the ecosystem. This involves establishing who has the authority to access various parts of the system and what actions they are permitted to perform. Access permissions are critical for ensuring that sensitive information and system functionalities are only available to authorized users. The framework sets up role-based access control (RBAC) or attribute-based access control (ABAC) mechanisms to manage user roles and permissions efficiently. It ensures that each user or entity can only access the data and functions necessary for their role, thereby minimizing the risk of unauthorized access and data breaches.",
            "\t[037]\tPolicy enforcement is another key function of the governance framework 112. The framework ensures that all actions and operations within the ecosystem are conducted in accordance with established policies and protocols. This includes the implementation of internal policies for data handling, security practices, and operational procedures. The governance framework enforces these policies through automated mechanisms and periodic audits, ensuring compliance with organizational rules and industry standards. By systematically enforcing policies, the framework helps maintain a secure and orderly environment where all participants adhere to agreed-upon guidelines.",
            "\t[038]\tIn addition to internal policies, the governance framework 112 ensures that the ecosystem complies with relevant legal and regulatory requirements. This involves monitoring and adapting to changes in laws and regulations related to data protection, privacy, and identity management. The framework integrates compliance checks into the system's operations, ensuring that all activities align with legal standards and regulatory obligations. This might include adherence to regulations such as the General Data Protection Regulation (GDPR), the California Consumer Privacy Act (CCPA), or other applicable data protection laws.",
            "\t[039]\tThe overarching goal of the governance framework 112 is to maintain the integrity and trustworthiness of the identity management system. By effectively managing access permissions, enforcing policies, and ensuring regulatory compliance, the framework upholds the system's reliability and reputation. It fosters a trustworthy environment where users can be confident that their identities are managed securely and that the system operates transparently and ethically. The governance framework plays a crucial role in reinforcing user confidence and ensuring that the identity management ecosystem operates in a secure and legally compliant manner.",
            "\t[040]\tFIG. 2 is a diagram that illustrates a flow diagram 200 with a method for managing decentralized identities within a blockchain-driven ecosystem, in accordance with an embodiment of the present invention.",
            "\t[041]\tThe method for managing decentralized identities within a blockchain-driven ecosystem begins with the fundamental step of storing identity records on a distributed blockchain ledger. In step 202, each identity record is meticulously recorded and associated with a unique cryptographic hash. This process ensures that every record is linked to a secure, immutable entry on the blockchain, which employs consensus mechanisms to validate and maintain the integrity of the data. These consensus mechanisms\u2014such as Proof of Work (PoW) or Proof of Stake (PoS)\u2014guarantee that once an identity record is added to the blockchain, it is securely protected from tampering or unauthorized alterations.",
            "\t[042]\tStep 204 involves the issuance of decentralized identity credentials to users. This step requires registering the users' identity information in a decentralized identity repository, which is a secure, distributed database linked to the blockchain ledger. The credentials issued are cryptographically secured, meaning they are encrypted and protected by advanced cryptographic techniques. This ensures that the credentials cannot be accessed or manipulated by unauthorized entities and are reliably linked to their corresponding blockchain records. This cryptographic linkage provides a secure foundation for further interactions and transactions within the ecosystem.",
            "\t[043]\tIn step 206, the method addresses identity verification. When a verification request is received, the system cross-references the provided credentials with those recorded on the blockchain. This process utilizes smart contracts executed on the blockchain network. Smart contracts are self-executing contracts with predefined conditions coded into the blockchain. They automatically verify the credentials by comparing them against the stored records and ensure the accuracy and validity of the identity claim. This approach leverages the blockchain's inherent security features to confirm the legitimacy of the identity in a tamper-proof manner.",
            "\t[044]\tStep 208 involves implementing enhanced cybersecurity protocols to safeguard the ecosystem. This includes applying multi-factor authentication (MFA) to verify user identities during access attempts. MFA requires users to provide multiple forms of verification\u2014such as a password, a security token, and biometric data\u2014before granting access, thereby adding an extra layer of security. Additionally, data is encrypted using advanced encryption algorithms, protecting information both during transmission across networks and while stored within the system. This encryption ensures that sensitive data remains secure from unauthorized access and breaches. The cybersecurity protocols also include monitoring for anomalies through integrated detection algorithms. These algorithms continuously analyze network activities to detect and respond to suspicious behaviors or potential security threats in real time, thereby maintaining the system\u2019s security posture.",
            "\t[045]\tStep 210 focuses on providing a user interface that facilitates interaction with the decentralized identity management system. This interface allows users to perform various actions, such as managing their credentials, issuing new credentials, and accessing system functionalities. The user interface is designed to be both secure and intuitive, ensuring that users can interact with the system efficiently while maintaining robust security measures to protect their data and activities.",
            "\t[046]\tFinally, step 212 addresses the enforcement of governance policies. This involves managing access control, policy enforcement, and ensuring regulatory compliance within the decentralized identity management ecosystem. The governance framework enforces rules and policies related to data access, user permissions, and operational procedures, ensuring that all activities comply with established standards and legal requirements. This governance ensures that the ecosystem operates transparently and reliably, upholding the system\u2019s integrity and adherence to regulatory standards.",
            "\t[047]\tThe blockchain-driven decentralized identity management ecosystem offers several significant advantages:",
            "\t[048]\tEnhanced Security and Privacy: By leveraging blockchain technology, the ecosystem ensures that identity records are immutable and tamper-proof. The use of cryptographic techniques to secure credentials and advanced encryption algorithms for data protection further enhances security and privacy. Multi-factor authentication adds an additional layer of protection against unauthorized access.",
            "\t[049]\tDecentralization and Resilience: The decentralized nature of the system reduces reliance on a single central authority, thereby mitigating the risk of single points of failure and enhancing system resilience. Distributed storage on the blockchain ensures that identity records are preserved across a network of nodes, making the system more robust against data loss or corruption.",
            "\t[050]\tImproved Identity Verification: The integration of smart contracts for identity verification provides a reliable and automated mechanism for validating identity claims. By cross-referencing credentials against blockchain records, the system offers a high degree of accuracy and reduces the potential for fraud or misrepresentation.",
            "\t[051]\tReal-Time Threat Detection: The incorporation of anomaly detection algorithms allows the system to monitor network activities continuously and respond to potential security threats in real time. This proactive approach helps in identifying and mitigating suspicious behaviors before they can cause significant harm.",
            "\t[052]\tUser-Friendly Interface: The system provides a secure and intuitive user interface for managing identity credentials and system access. This user-centric design ensures that interactions with the system are straightforward and efficient, enhancing user experience while maintaining high security standards.",
            "\t[053]\tRegulatory Compliance: The governance framework ensures that the system adheres to relevant legal and regulatory requirements. By managing access control, enforcing policies, and ensuring compliance, the ecosystem maintains transparency and upholds standards, which is critical for regulatory adherence and user trust.",
            "\t[054]\tScalability and Flexibility: The blockchain-driven architecture supports scalability, allowing the system to handle a growing number of users and transactions without compromising performance. The decentralized model also offers flexibility in adapting to new regulations or technological advancements.",
            "\t[055]\tCost Efficiency: By reducing the need for intermediaries and central authorities, the system can potentially lower operational costs associated with identity management. Blockchain\u2019s efficiency in processing and verifying transactions can also lead to cost savings over traditional identity management systems.",
            "\t[056]\tEnhanced Integrity and Trust: The immutable nature of blockchain, combined with cryptographic security and automated policy enforcement, fosters a high level of trust and integrity within the system. Users can be confident that their identity data is managed securely and transparently.",
            "\t[057]\tThose skilled in the art will realize that the above-recognized advantages and other advantages described herein are merely exemplary and are not meant to be a complete rendering of all of the advantages of the various embodiments of the present invention.",
            "\t[058]\tIn the foregoing complete specification, specific embodiments of the present invention have been described. However, one of ordinary skill in the art appreciates that various modifications and changes can be made without departing from the scope of the present invention. Accordingly, the specification and the figures are to be regarded in an illustrative rather than a restrictive sense. All such modifications are intended to be included with the scope of the present invention and its various embodiments.",
            "\t, Claims:I/WE CLAIM:",
            "\t1.\tA blockchain-driven decentralized identity management ecosystem 100 comprising:",
            "\ta blockchain network 102 configured to maintain a distributed ledger of identity records, wherein the blockchain network employs consensus mechanisms to ensure the integrity and immutability of the identity records;",
            "\ta decentralized identity repository 104 that stores identity credentials and metadata associated with user identities, wherein the repository uses cryptographic techniques to secure the credentials and prevent unauthorized access;",
            "\tan identity verification module 106 configured to validate identity claims by cross-referencing the provided credentials with the stored records in the decentralized identity repository using smart contracts executed on the blockchain network;",
            "\tan enhanced cybersecurity protocol suite 108 comprising:",
            "\ti. **Multi-factor authentication mechanisms** to verify user identities during access requests.",
            "\tii. **Advanced encryption algorithms** for securing data in transit and at rest within the identity management ecosystem.",
            "\tiii. **Anomaly detection algorithms** integrated into the blockchain network to identify and respond to suspicious activities or breaches in real-time.",
            "\ta user interface module 110 that allows users to manage their identities, including the issuance, revocation, and updating of credentials, with a focus on user-friendly interactions and robust security measures; and",
            "\ta governance framework 112 for managing access permissions, policy enforcement, and compliance with regulatory standards within the ecosystem.",
            "\t2.\tThe blockchain-driven decentralized identity management ecosystem 100 of claim 1, wherein the consensus mechanism employed by the blockchain network is a Proof-of-Stake (PoS) protocol, which reduces the computational resources required for maintaining the integrity of the blockchain ledger.",
            "\t3.\tThe blockchain-driven decentralized identity management ecosystem 100 of claim 1, wherein the decentralized identity repository further includes a distributed key management system that ensures secure key storage and retrieval for cryptographic operations related to identity credentials.",
            "\t4.\tThe blockchain-driven decentralized identity management ecosystem 100 of claim 1, wherein the enhanced cybersecurity protocol suite includes an adaptive intrusion detection system that continuously learns from network traffic patterns to improve the detection and response to potential security threats.",
            "\t5.\tThe blockchain-driven decentralized identity management ecosystem 100 of claim 1, wherein the user interface module is configured to provide users with customizable privacy settings, allowing users to control the visibility and sharing of their identity credentials and metadata according to their preferences.",
            "\t6.\tA method for managing decentralized identities within a blockchain-driven ecosystem, comprising the steps of:",
            "\tstoring identity records on a distributed blockchain ledger, where each identity record is associated with a cryptographic hash and maintained through consensus mechanisms to ensure data integrity;",
            "\tissuing decentralized identity credentials to users by registering their identity information in a decentralized identity repository, wherein credentials are cryptographically secured and linked to the blockchain ledger;",
            "\tperforming identity verification by receiving a verification request, cross-referencing the provided credentials with the records on the blockchain using smart contracts, and confirming the validity of the identity claim;",
            "\timplementing enhanced cybersecurity protocols, including:",
            "\ti. **Applying multi-factor authentication** to verify user identities during access attempts.",
            "\tii. **Encrypting data** using advanced encryption algorithms to protect information both during transmission and while stored.",
            "\tiii. **Monitoring for anomalies** through integrated detection algorithms that analyze network activities and respond to potential security threats.",
            "\tproviding a user interface that enables users to interact with the decentralized identity management system, including actions such as credential management and system access, while ensuring secure and intuitive operations; and",
            "\tenforcing governance policies to manage access control, compliance, and regulatory adherence within the decentralized identity management ecosystem.",
            "\t7.\tThe method for managing decentralized identities within a blockchain-driven ecosystem of claim 6, wherein the step of issuing decentralized identity credentials further includes generating and storing a unique cryptographic token for each credential, which is linked to the user\u2019s identity and recorded on the blockchain ledger.",
            "\t8.\tThe method for managing decentralized identities within a blockchain-driven ecosystem of claim 6, wherein the step of performing identity verification includes utilizing zero-knowledge proofs to validate the identity claim without revealing sensitive user information to third parties.",
            "\t9.\tThe method for managing decentralized identities within a blockchain-driven ecosystem of claim 6, wherein the enhanced cybersecurity protocols include periodically updating encryption algorithms based on the latest cryptographic research to ensure the continued security of data against evolving threats.",
            "\t10.\tThe method for managing decentralized identities within a blockchain-driven ecosystem of claim 6, wherein the user interface provided to users includes a real-time activity dashboard that displays recent interactions and changes to the user\u2019s identity credentials, along with alerts for any unauthorized access attempts."
        ],
        "Inventors": [
            {
                "Name": "Dr. B.Satyanarayana",
                "Address": "Professor, Computer Science and Engineering, CMR Institute of Technology, Kandlakoya, Medchal, Hyderabad, Telangana, India. 501401.,",
                "Country": "India",
                "Nationality": "India"
            },
            {
                "Name": "Dr. Vinit Kumar Gunjan",
                "Address": "Associate Professor, Computer Science and Engineering, CMR Institute of Technology, Kandlakoya, Medchal, Hyderabad, Telangana, India. 501401.,",
                "Country": "India",
                "Nationality": "India"
            },
            {
                "Name": "Mr. Nageshwar Rao Angotu",
                "Address": "Associate Professor, Computer Science and Engineering, CMR Institute of Technology, Kandlakoya, Medchal, Hyderabad, Telangana, India. 501401.,",
                "Country": "India",
                "Nationality": "India"
            },
            {
                "Name": "Mr. P Kiran Kumar",
                "Address": "Assistant Professor, Computer Science and Engineering, CMR Institute of Technology, Kandlakoya, Medchal, Hyderabad, Telangana, India. 501401.,",
                "Country": "India",
                "Nationality": "India"
            },
            {
                "Name": "Mr. Ch Dileep",
                "Address": "Assistant Professor, Computer Science and Engineering, CMR Institute of Technology, Kandlakoya, Medchal, Hyderabad, Telangana, India. 501401.,",
                "Country": "India",
                "Nationality": "India"
            }
        ],
        "Applicants": [
            {
                "Name": "Dr M Janga Reddy",
                "Address": "Director, CMR Institute of Technology, Kandlakoya, Medchal, Hyderabad, Telangana, India. 501401.",
                "Country": "India",
                "Nationality": "India"
            },
            {
                "Name": "Ms Vaddithandra Vijaya",
                "Address": "Assistant Professor, Computer Science and Engineering, CMR Institute of Technology, Kandlakoya, Medchal, Hyderabad, Telangana, India. 501401.,",
                "Country": "India",
                "Nationality": "India"
            }
        ]
    }
}